stamp,x,y,yaw,v,w
1786167425.456636,0.0,0.0,0.0,1.1503990440087606,-0.2673554201081142
1786167425.4774466,0.02179859083406045,8.681630239330693e-05,-0.0034370791907714924,1.1316264094570416,-0.1651599912720215
1786167425.4966319,0.04125041589787863,0.00010105188630441921,-0.005852132387271753,1.0953568026183604,-0.12588036737493666
1786167425.5169835,0.061467230384274804,6.281205657621017e-05,-0.008133846614483633,1.0732080215975912,-0.11211446808321951
1786167425.5367937,0.08075031793137938,-2.0698210432574778e-05,-0.010208727100794344,1.0516405300887015,-0.10473798920754565
1786167425.5569742,0.09980802271756077,-0.00016036100697972033,-0.013528605980923947,1.0203124057714157,-0.16450954321613298
1786167425.5771348,0.11804890987322586,-0.0003711078937456019,-0.017879308091906267,0.9775987402534091,-0.21580141044112636
1786167425.5966675,0.13509791935170223,-0.0006492821885794425,-0.022201030698879475,0.9431808908998652,-0.2212559922041624
1786167425.617015,0.15214138029425295,-0.0010039376036100058,-0.026055624643217982,0.9052147397354154,-0.18943954160405452
1786167425.6365798,0.1674788415026246,-0.0013830887344476665,-0.029307689911026776,0.847273131173482,-0.1662196458857623
1786167425.6566136,0.1822809112198449,-0.0017999440156576583,-0.032299876726984825,0.7986378165396893,-0.14935665648260196
1786167425.6766765,0.19616371565900353,-0.0022366022555454865,-0.03527881893354312,0.7480346571106938,-0.14847996687743725
1786167425.6964965,0.20900370462430315,-0.002680596449991718,-0.037971843918441266,0.7004047921713417,-0.13587428836725424
1786167425.7165947,0.22134342181100586,-0.0031413342712404623,-0.04027721215101525,0.6638680129215196,-0.11470515551208811
1786167425.7371352,0.23336239480020804,-0.0036213483348006307,-0.04267945406465271,0.632757398900957,-0.11695161941357052
1786167425.7571495,0.2437330430138988,-0.0040610121748735455,-0.044727067374490205,0.5603928269559109,-0.10230758697144197
1786167425.776806,0.25345959510862437,-0.004491976572230415,-0.04613269163043454,0.5351971499631151,-0.07150881109094914
1786167425.7967906,0.2627878435823148,-0.004911191432302476,-0.04581833812313598,0.5048757907795653,0.015729878826027565
1786167425.8170495,0.27140027466279704,-0.005287690423138333,-0.043798165503729634,0.45979318192846785,0.09971776700873872
1786167425.8370543,0.2793468847319567,-0.005614902780626506,-0.04105972613985198,0.4295881017465135,0.1368894617508823
1786167425.8571575,0.28664766391020896,-0.0058923095532697,-0.03786085192266744,0.39268932601899087,0.15912251004677372
1786167425.8767574,0.29282468308571613,-0.006102961085926504,-0.03380630062004874,0.34072549634671423,0.20686576424166495
1786167425.8966494,0.2989941954524087,-0.006284640779661685,-0.029204361676760975,0.3352604709379233,0.23134648062022947
1786167425.917039,0.3038761140131434,-0.006406233262009164,-0.025361931370394004,0.2587807072013535,0.18845089807900128
1786167425.9371018,0.30564075415512326,-0.006444357110277144,-0.023067986479492188,0.0950544439863042,0.11433751909315648
1786167425.9567904,0.30700667619264715,-0.006471002034098643,-0.021468494275507084,0.07497200757318882,0.08123948352074944
1786167425.9769635,0.30919769367128336,-0.006510175314181898,-0.020041353753120696,0.1173669745028719,0.07074482581202872
1786167425.9968355,0.30919852560091954,-0.006510189074840758,-0.01898290631461743,4.5238251162473966e-05,0.05326339038385627
1786167426.0168514,0.31028166882094543,-0.006527560356872337,-0.019106478410813404,0.05847426747951904,-0.006173679765621018
1786167426.0370061,0.31028166882094543,-0.006527560356872337,-0.019986752538081614,0.0,-0.043675841877299504
1786167426.0574198,0.31028166882094543,-0.006527560356872337,-0.020943573091910955,0.0,-0.04687163518539459
1786167426.076928,0.31028166882094543,-0.006527560356872337,-0.021774825494687882,0.0,-0.04261057744126781
1786167426.0965886,0.31028166882094543,-0.006527560356872337,-0.02194237634686928,0.0,-0.008522115488253563
1786167426.1173437,0.31028166882094543,-0.006527560356872337,-0.02178760901129965,0.0,0.007456851052221867
1786167426.1372073,0.31028166882094543,-0.006527560356872337,-0.021956888951377523,0.0,-0.008522115488253563
1786167426.1567004,0.31028166882094543,-0.006527560356872337,-0.022081480807795106,0.0,-0.006391586616190171
1786167426.176718,0.31028166882094543,-0.006527560356872337,-0.02223074924764699,0.0,-0.007456851052221867
1786167426.1966348,0.31028166882094543,-0.006527560356872337,-0.022506565434910985,0.0,-0.01384843766841204
1786167426.2172089,0.31028166882094543,-0.006527560356872337,-0.022835318176401286,0.0,-0.01597896654047543
1786167426.2366767,0.31028166882094543,-0.006527560356872337,-0.022793841401108055,0.0,0.0021305288720633907
1786167426.2569196,0.31028166882094543,-0.006527560356872337,-0.023031046202275068,0.0,-0.011717908796348648
1786167426.2765899,0.31028166882094543,-0.006527560356872337,-0.023198678327683086,0.0,-0.008522115488253563
1786167426.2964008,0.31028166882094543,-0.006527560356872337,-0.023325301506808654,0.0,-0.006391586616190171
1786167426.316619,0.31028166882094543,-0.006527560356872337,-0.02356221575619048,0.0,-0.011717908796348648
1786167426.3368611,0.31028166882094543,-0.006527560356872337,-0.023691595621571675,0.0,-0.006391586616190171
1786167426.3565333,0.31028166882094543,-0.006527560356872337,-0.023670639574064994,0.0,0.0010652644360316954
1786167426.3764522,0.31028166882094543,-0.006527560356872337,-0.023649420658465963,0.0,0.0010652644360316954
1786167426.3968732,0.31139558397350303,-0.006551102528952188,-0.02386247256447874,0.058949462723060814,-0.01043296667441477
1786167426.4166195,0.31260738499668705,-0.006576952393161843,-0.024004837527142067,0.0663212949442249,-0.00720970191928017
1786167426.4366581,0.31438748089937596,-0.006615210419607717,-0.0241470934152423,0.09600308124293365,-0.00709909147727876
1786167426.4566972,0.3159487739246611,-0.006649000081558514,-0.024268887101753032,0.08420105077740012,-0.006077807810907263
1786167426.4766583,0.31596111253226095,-0.006649269103538982,-0.024438948368749033,0.000668026926687923,-0.008519626057432715
1786167426.4965472,0.31596111253226095,-0.006649269103538982,-0.024947434311134317,0.0,-0.025566346464760685
1786167426.5166779,0.31596111253226095,-0.006649269103538982,-0.02571943446803958,0.0,-0.03834951969714103
1786167426.5366867,0.31596111253226095,-0.006649269103538982,-0.026401503767852566,0.0,-0.03408846195301425
1786167426.5567167,0.31596111253226095,-0.006649269103538982,-0.02670022554414693,0.0,-0.014913702104443734
1786167426.576733,0.31596111253226095,-0.006649269103538982,-0.026721548337088744,0.0,-0.0010652644360316954
1786167426.5966756,0.31596111253226095,-0.006649269103538982,-0.026764036456095805,0.0,-0.0021305288720633907
1786167426.6167617,0.31596111253226095,-0.006649269103538982,-0.026935212094184716,0.0,-0.008522115488253563
1786167426.63671,0.31596111253226095,-0.006649269103538982,-0.027126463489144423,0.0,-0.009587379924285258
1786167426.656566,0.31709932219745396,-0.006677601444820698,-0.027291094065212605,0.061955518906310486,-0.008291235605833823
1786167426.6768553,0.3184652363044794,-0.00671171079495592,-0.02726397898771345,0.07276184350945122,0.0013364145477676582
1786167426.6964655,0.31992450907682973,-0.006747854291088391,-0.02690297130202802,0.08042714265946464,0.018409210588335393
1786167426.716564,0.3216240531272839,-0.006788816158551097,-0.02601830960474522,0.09139222092015557,0.044016418884684966
1786167426.737711,0.3216240531272839,-0.006788816158551097,-0.024216136759234678,0.0,0.08522115488253562
1786167426.756839,0.3216240531272839,-0.006788816158551097,-0.02209698410706826,0.0,0.11078750134729631
1786167426.776478,0.3216240531272839,-0.006788816158551097,-0.019753860728796705,0.0,0.11930961683554987
1786167426.7965953,0.3216240531272839,-0.006788816158551097,-0.01846804716950082,0.0,0.06391586616190172
1786167426.8172445,0.3216240531272839,-0.006788816158551097,-0.017170232856357107,0.0,0.06285060172587002
1786167426.8369272,0.3216240531272839,-0.006788816158551097,-0.01652024895652188,0.0,0.03302319751698255
1786167426.856971,0.3216240531272839,-0.006788816158551097,-0.016242672949922602,0.0,0.01384843766841204
1786167426.8771977,0.3216240531272839,-0.006788816158551097,-0.01566090928855954,0.0,0.02876213977285577
1786167426.8966084,0.3216240531272839,-0.006788816158551097,-0.015040586306760282,0.0,0.03195793308095086
1786167426.9170685,0.3227812982913367,-0.006801842428232572,-0.014098722456598439,0.06111315314730752,0.04603411151987096
1786167426.9373546,0.32419831525200216,-0.006816181910987994,-0.012926074666806722,0.0754721900439028,0.05780552987935247
1786167426.95707,0.3256896269479528,-0.0068292331820848364,-0.01155492251825806,0.0817261917784649,0.06954674447977827
1786167426.9769437,0.327529724897015,-0.006842590837625017,-0.010150250311025458,0.10003623272586344,0.07068024206397275
1786167426.9967442,0.3275488597056979,-0.006842689352370987,-0.007640143385398517,0.0010440774386374363,0.1267703586868567
1786167427.0166898,0.3275488597056979,-0.006842689352370987,-0.00475050225834207,0.0,0.14487596330031055
1786167427.0366588,0.3275488597056979,-0.006842689352370987,-0.0024743713848629605,0.0,0.11398329465539139
1786167427.056858,0.3275488597056979,-0.006842689352370987,-0.0009896573500877241,0.0,0.07350324608618697
1786167427.0769317,0.3275488597056979,-0.006842689352370987,0.0004002862609284903,0.0,0.0692421883420602
1786167427.096887,0.3275488597056979,-0.006842689352370987,0.0015907216251174923,0.0,0.059654808417774936
1786167427.116771,0.3275488597056979,-0.006842689352370987,0.00228971378856584,0.0,0.035153726389045944
1786167427.136711,0.3275488597056979,-0.006842689352370987,0.0025658502431385073,0.0,0.01384843766841204
1786167427.1566322,0.32850501038966423,-0.006835553938953326,0.002994128737628896,0.05185226308429264,0.021498518389522686
1786167427.1766958,0.3297857417273507,-0.006825406941312513,0.003426746479297073,0.06896167230091207,0.021562277332356782
1786167427.1970508,0.3313550493261165,-0.006812004668008512,0.004148618015630328,0.08329084998793494,0.03546411329228429
1786167427.2167683,0.33308086655340385,-0.0067959720826383,0.004827703759546137,0.09455943847742135,0.034440841731647985
1786167427.2366788,0.33311427278999056,-0.006795633921887425,0.005697449331299622,0.0018126167662090437,0.043682596670952145
1786167427.2566245,0.33311427278999056,-0.006795633921887425,0.006993538366229348,0.0,0.06498113059793341
1786167427.2771027,0.33311427278999056,-0.006795633921887425,0.008411497112442353,0.0,0.0692421883420602
1786167427.2966871,0.33311427278999056,-0.006795633921887425,0.009392038527356652,0.0,0.05006742849348968
1786167427.3168554,0.33311427278999056,-0.006795633921887425,0.010251421625699477,0.0,0.04261057744126781
1786167427.336976,0.33311427278999056,-0.006795633921887425,0.0112159418018363,0.0,0.04793689962142629
1786167427.3568192,0.33311427278999056,-0.006795633921887425,0.012653336024281593,0.0,0.07243798165015528
1786167427.3772278,0.3333135667490479,-0.006791910395700882,0.013719427243820099,0.010550469807291674,0.05223727414106526
1786167427.3969932,0.3342431327698615,-0.006773817387393532,0.014102166275915193,0.050812527366734264,0.019364114897983016
1786167427.4171762,0.33557108731932533,-0.006747374283745538,0.014559019803140522,0.07108758831486471,0.022635464085044046
1786167427.4367678,0.3371315729872991,-0.006714864359340374,0.015817514996460173,0.08605855592721134,0.06423656703931238
1786167427.4570057,0.33903727893437446,-0.006672030358926788,0.01761456354569353,0.10174284541571679,0.08879609724145462
1786167427.4769857,0.34112239429987284,-0.00662096529487839,0.01955979739974899,0.11276225945620105,0.09735927704589685
1786167427.4972138,0.34350007941529836,-0.006556314454991251,0.022629234083208716,0.12701295959829406,0.15174086912511203
1786167427.5169408,0.3462841694275497,-0.006470379626969855,0.026381020181300733,0.15251283409407845,0.19018541519164248
1786167427.5371466,0.3493070878218947,-0.006362763457631419,0.0314083925153043,0.16169169555408666,0.24880916459191899
1786167427.5567286,0.3525852874733026,-0.006228292128534679,0.03642800824934912,0.18096064678434945,0.25633782221235185
1786167427.5768611,0.356759985503968,-0.006031303389797869,0.04283587972074401,0.22419584252229569,0.31828427730226
1786167427.5975356,0.36128616180812917,-0.005784207899198136,0.05014399108225363,0.23677285583071112,0.3534848724675683
1786167427.617016,0.36632707446304424,-0.0054684172170515535,0.057738740309966834,0.2799721044388525,0.38986484713420416
1786167427.6366365,0.3716858610587901,-0.005087257579044271,0.06582811733708605,0.29564484033141736,0.4122938054093152
1786167427.6567578,0.3780152148870361,-0.004579290016458385,0.07459895769456029,0.3406979116760502,0.4358975151930282
1786167427.676882,0.38478220172542593,-0.003969639636639739,0.08397308005884667,0.36446438879693716,0.46581348619209134
1786167427.6969697,0.39185655401092795,-0.0032605120435548122,0.09328872778884341,0.3820283055212476,0.46374841000446554
1786167427.716662,0.3992504644405061,-0.002443044364928176,0.10294726371529293,0.40768848475104064,0.49047564465707255
1786167427.736651,0.4069338446188152,-0.0015104514183880663,0.11313542678793972,0.4178129310109938,0.5096881336862444
1786167427.7566555,0.4149836950640483,-0.00044418064727556926,0.12322643835560138,0.4379372665448869,0.5044368057003701
1786167427.776786,0.42372520718257695,0.0008024072552556927,0.13166815770686865,0.4731608162677296,0.41934691287748593
1786167427.796866,0.432810342666271,0.0021701469537935424,0.1377157745658787,0.4935042038084623,0.30117837097889383
1786167427.8165746,0.4416966346583931,0.0035603909566558284,0.14243378707400778,0.49218298725017545,0.23938811011922653
1786167427.8366537,0.451154788861936,0.005080454055086307,0.14550960611694963,0.5144933216452767,0.1531848312128907
1786167427.8566618,0.46113252226277673,0.0067084352329458245,0.14693563605289087,0.5448720128481019,0.07127267712628639
1786167427.8767462,0.47155277135327534,0.008413770101061892,0.14648597794944285,0.5669155458937649,-0.022388447078873965
1786167427.8966987,0.4820315070517607,0.010115592250037475,0.14476449720135814,0.5737630185995651,-0.08627879584182406
1786167427.9174466,0.49278460624742093,0.01183544243892996,0.14211181661157007,0.5660188816342928,-0.12785296770360027
1786167427.9369063,0.5030187553795608,0.013441562999671083,0.13941712341594048,0.574125155092929,-0.13847540369029643
1786167427.9566443,0.5136923140062626,0.015083909741974112,0.13664302358254038,0.5900900276384722,-0.14054643878422302
1786167427.9765902,0.5248548570602208,0.01677053497647939,0.13447864700940204,0.6104662922357819,-0.10851257268459318
1786167427.9970062,0.5367336443126602,0.01854108094940757,0.13302627717840926,0.6345066421070167,-0.07113873003482853
1786167428.016838,0.5485674298828968,0.020286039803506493,0.1316800283220571,0.6505866994934573,-0.06788301370737664
1786167428.0368373,0.5606723589873219,0.022053016990204753,0.13042962699464367,0.6597988728329007,-0.0625223619705461
1786167428.0568821,0.5729328935472634,0.02381952004110561,0.12834411913589017,0.6666029441502574,-0.10404231931395487
1786167428.0766528,0.5850346045875373,0.025526201209793473,0.12498137686476737,0.6668397893059267,-0.17008783173435046
1786167428.097227,0.5977023004810063,0.027262841305868174,0.1212849555780455,0.6704401198981255,-0.1796617948731988
1786167428.1166837,0.6097847650772955,0.028873337448892897,0.11816281533624078,0.6758991701370287,-0.16046669164118918
1786167428.1370735,0.6224788784539257,0.030527686915555522,0.11597707142756927,0.6773849828903713,-0.10719793289503764
1786167428.1566489,0.6346604439036908,0.032088591136824385,0.1142748048318523,0.6769126945305379,-0.08695966861314239
1786167428.1729977,0.6448505140477698,0.03337616146587116,0.11281834163983981,0.6778660998663881,-0.08908664457957727
1786167428.1972888,0.660063776772263,0.035267404829682075,0.11065461626431947,0.6809784951601265,-0.08907504610583114
1786167428.2170234,0.6724045663617735,0.03677500688979694,0.1090017791191662,0.6797844109601826,-0.08375317373134855
1786167428.236977,0.6849687355447169,0.03828239869844384,0.1067570173349157,0.6843319255576614,-0.11249836699719248
1786167428.257012,0.6975342989623466,0.03975759691363088,0.10439620984255381,0.681457804995641,-0.11783539971015149
1786167428.277313,0.7102574734413902,0.04122007715587179,0.10237161305426305,0.6807853346964833,-0.09972841028685045
1786167428.297173,0.7227106702030694,0.042621268455432806,0.10005251903259134,0.6809751215654855,-0.11677193401449946
1786167428.3168008,0.7350221615504158,0.043966679920402624,0.09654783124517582,0.680979537068098,-0.17855725484977908
1786167428.3371856,0.7477460035379917,0.045303364861757955,0.09240825710155823,0.6773872078578036,-0.20307172384645422
1786167428.3578868,0.7607130609057083,0.046611792748772016,0.0890425847960722,0.6795338453042777,-0.16258367574129257
1786167428.377323,0.7727909859976383,0.04779192452691089,0.08664825496494974,0.6739511502245644,-0.12318969575932934
1786167428.3971543,0.7852886257025612,0.048978891305511994,0.08412141772499249,0.6833155465346656,-0.1274158566813945
1786167428.4168124,0.797668161546154,0.050118359467942616,0.0813653251183556,0.6826651873724977,-0.14020145350491803
1786167428.4368775,0.8103114621939745,0.051239127226606465,0.07797507564135595,0.6828887184511192,-0.16896276027968
1786167428.4568303,0.8229214780571624,0.05231483448565574,0.07532660787278063,0.6847536887663505,-0.13273681956321742
1786167428.476755,0.8355772326978266,0.05337368227988028,0.07505932609159555,0.6881261883698702,-0.01341463496412255
1786167428.4968395,0.8483511901921736,0.05446665449944624,0.07891929046313914,0.68911554292043,0.1921850880619043
1786167428.5168016,0.8608309800927212,0.05561892388976801,0.08760325002953666,0.6777291871770078,0.43502294773704314
1786167428.5368109,0.8730843175049623,0.05687308352450321,0.09741514229471311,0.6644200344450866,0.4903671012856555
1786167428.5572922,0.8854419625539988,0.05827942653963901,0.10867963892146067,0.6553333951595481,0.5499880479547619
1786167428.5768564,0.8970358749587083,0.05973293942299984,0.11864693581615678,0.6444299966312786,0.509467367406121
1786167428.5967689,0.9089640479435085,0.06134990418951372,0.12734984927757637,0.6521651728855209,0.4370582112200341
1786167428.6167495,0.9209602224271586,0.0630817564519248,0.13476307602429735,0.6543468407277626,0.3710199462642894
1786167428.6368732,0.9330701726768608,0.06492238661074633,0.14128630763080885,0.6565030880244304,0.3241563464263684
1786167428.6568482,0.9451234644704781,0.06683048773723878,0.14629326545703725,0.6588599331170966,0.2506618832238936
1786167428.6768947,0.9572404866862928,0.06879906978850894,0.14890517260363545,0.660363712842261,0.1302926058515652
1786167428.6971452,0.9692739632329318,0.07077330083732669,0.14927775842433164,0.6493486651345514,0.01839879202337378
1786167428.7168076,0.9809162653367942,0.07267626151568744,0.1479008610442698,0.6469770955459774,-0.07002699392243074
1786167428.7369943,0.9929632135579787,0.0746228232623376,0.14599302530129457,0.6519040783278477,-0.09450971533978171
1786167428.7571328,1.0046409157069722,0.07648336928241298,0.14391671745491472,0.6332344050476593,-0.10310140416141762
1786167428.776995,1.0158507013450222,0.07824493480759034,0.1421426936073697,0.6161328642449082,-0.08931669611385996
1786167428.7970388,1.0270854660980115,0.07998615117113049,0.1400958902155695,0.6117291629792739,-0.10211627992674015
1786167428.817242,1.0383557956102825,0.08170433393934319,0.13764519960828225,0.608621654132405,-0.1213026200395042
1786167428.8368118,1.0494088784773492,0.08335473631136779,0.13450051473833086,0.615950101036115,-0.16069009440287246
1786167428.856955,1.0608232383323624,0.08501702686841468,0.13104924174125868,0.6176837610955817,-0.1713362782050704
1786167428.8770256,1.0718955951740121,0.08659242593399934,0.12850716590709285,0.6010948233651767,-0.12665699127539182
1786167428.8973591,1.0828050944816048,0.0881160024768873,0.1263637294478359,0.584405525456589,-0.10541389593489293
1786167428.9171898,1.0932864609829611,0.0895546479373258,0.12423039275131935,0.5755412479174913,-0.10757745791509732
1786167428.937128,1.1040253453691609,0.09100227183442938,0.12198009285361097,0.5863311349457502,-0.1128635711212631
1786167428.9571233,1.1147634354968894,0.09242207723615924,0.1196167200274049,0.5844416958306325,-0.11819693437683243
1786167428.9771,1.124988322636652,0.09374643763079461,0.11714708983637176,0.5568565668330534,-0.12362605371617742
1786167428.997302,1.1352302013538986,0.09504584641016821,0.11486437153633605,0.5513916511502549,-0.11299377459712631
1786167429.0167475,1.1452190553450654,0.09630031676386398,0.11488413686963189,0.5586186813398065,0.0010164518943607576
1786167429.0371046,1.1559182410845081,0.09765722513942993,0.11720450273385077,0.5716236232461109,0.1139829455841458
1786167429.0568879,1.1660588870519124,0.09898127124811044,0.12179769128233621,0.5577324123192413,0.2321755317939511
1786167429.076925,1.1760716346202995,0.10035811724939633,0.12992803633723665,0.5441599184877001,0.4057630563902475
1786167429.096794,1.1859707007879106,0.10181792578334761,0.13997957613640324,0.5432102533653067,0.5058943744096632
1786167429.1172633,1.196490861439125,0.10348237809674889,0.14948590438125842,0.5611569753724833,0.46441594062907054
1786167429.1370852,1.2062217918480669,0.1051131786794678,0.15700045429210183,0.5367282173084107,0.3791037509381909
1786167429.1568131,1.2157791915023906,0.10679232189522106,0.16416368818065752,0.5303078654355219,0.36310085868275616
1786167429.1767933,1.225575393574941,0.10858564734057896,0.17033354110353385,0.5373129812550631,0.3087984773078752
1786167429.1971378,1.2358788502395874,0.11052994810671109,0.17436335500658615,0.5555210703485669,0.1980788291808118
1786167429.217311,1.245753291966197,0.1124252295394507,0.17620887072877361,0.5372011035282754,0.091484115440291
1786167429.236981,1.2551347577566057,0.11423941744010237,0.1770225375101323,0.523560808575122,0.04136585580616126
1786167429.2566679,1.26465585563778,0.11608417543965849,0.17695662979240573,0.5309298987519936,-0.0033477892784753724
1786167429.277189,1.2745502066236578,0.11799837586824222,0.17658175720952102,0.5292884771811661,-0.018267608210377963
1786167429.296946,1.2836543990796114,0.11975213441245532,0.17554562621749006,0.5057854847750665,-0.052443655066545684
1786167429.3167844,1.2927772335770773,0.12149787421526949,0.1743783482011878,0.5046371841257117,-0.058839520874058686
1786167429.3369346,1.3023034054279632,0.12330810846454204,0.17323670592050577,0.5186786155479663,-0.056656666009202356
1786167429.3569362,1.3112516017374538,0.12499442159499448,0.17163263869178977,0.4907003558462441,-0.08019674577941463
1786167429.37675,1.3200673804561895,0.12663889039895063,0.1698745741132765,0.4878707002946819,-0.08872940609971167
1786167429.3968246,1.3293663968502698,0.12835500097972308,0.16813762399229423,0.5077642539124231,-0.086524743052013
1786167429.417034,1.338191102695775,0.12996776251671396,0.16673126792418014,0.4785162671830362,-0.06958950594491897
1786167429.4368746,1.3468227423513275,0.13153140173311664,0.1653292865257942,0.4766217931674581,-0.07066183021913272
1786167429.4570286,1.3559070255098247,0.13316022341230807,0.16347706208133006,0.4936754297553744,-0.09190356783601102
1786167429.4769492,1.3644388621247758,0.13466894738179278,0.1609653881394238,0.46890698890344923,-0.12608433043975922
1786167429.4968615,1.37297510499182,0.13615410158441807,0.1584123601312189,0.46914164585815604,-0.1282139848526773
1786167429.5167422,1.3816693291771307,0.13764536057473853,0.15660529313695581,0.47840371599268805,-0.09089521409236186
1786167429.5369143,1.3900788092316194,0.1390802859262253,0.1568759461200836,0.45599174386949176,0.013417181469186149
1786167429.5571651,1.3987093077341521,0.14056769236186037,0.1597586978713641,0.46627696678732655,0.1423525065506922
1786167429.5772023,1.4070373927687367,0.14203658637801486,0.16421106551595074,0.4550138092154987,0.22220536661622017
1786167429.5967507,1.4149337719988746,0.14347746790849847,0.17078211954238637,0.44263426823991564,0.3361425283844159
1786167429.6175425,1.423776910996849,0.1451626688005569,0.17879182157604606,0.46667288694937886,0.38523427337928107
1786167429.6368186,1.4316857803019198,0.14673924649042175,0.1865450628679827,0.4508539149984841,0.40221955428243716
1786167429.6568015,1.4398990986671747,0.14845093853926464,0.1950083945517192,0.4523738880032981,0.42353050724727126
1786167429.6769576,1.4486209387006912,0.15035366132123595,0.20393348391302973,0.47710688522517614,0.4427974356643774
1786167429.6968455,1.4567933917636302,0.15221909571343833,0.21294994949818316,0.4539634727885275,0.4533638351116262
1786167429.7167058,1.4650343344204193,0.15418117167472226,0.22131957904092728,0.4593079259290793,0.4214258183631421
1786167429.7370698,1.4735910524752618,0.15629981379024344,0.22970678606725617,0.46602947585284976,0.41186348658119304
1786167429.7569692,1.4816239670854592,0.1583597033888919,0.23682021184650306,0.4485680365588098,0.35746992954565165
1786167429.7766938,1.4898330560169935,0.16052272098664505,0.24206521526800595,0.4631895018966536,0.26591167556083256
1786167429.796803,1.4980856486803564,0.16273663084978723,0.24518418821766774,0.45723161890869507,0.15510197190859212
1786167429.8168206,1.5061194000510585,0.16491146698458653,0.24636906150837742,0.4473920983604351,0.059191505272949495
1786167429.8367553,1.5144994657098207,0.16718788690836484,0.24687106645918214,0.46872092746137084,0.02518252611084563
1786167429.856844,1.5226527498377356,0.1694050030807055,0.24692634613672837,0.4525693688043419,0.0027517834822902167
1786167429.8768852,1.530681520717501,0.17158350907567174,0.24591359299759305,0.44665220335074046,-0.05053348888861109
1786167429.8967943,1.538961974728659,0.17381861520195754,0.24454822439163787,0.46355982939108814,-0.06857997731192438
1786167429.9168591,1.5469584285613547,0.17596321198781023,0.24297834795428144,0.4440119619222108,-0.07824020319767426
1786167429.9370115,1.5552127732493133,0.17816087141156015,0.24123079583619286,0.4561399537318199,-0.08671712320742293
1786167429.956884,1.5633405945299257,0.18030887817115285,0.23963446828016724,0.4552731039256014,-0.08032876694399017
1786167429.9767923,1.5712723869383791,0.18239415632335945,0.2389038817772803,0.44335261791482605,-0.036697347265990055
1786167429.9968052,1.5795451673541345,0.18456372445013547,0.2385757602992904,0.45993306595799044,-0.016395535234916683
1786167430.0168178,1.5875156768646845,0.18664923432014685,0.23792660448417335,0.4430740847851602,-0.03243732748744508
1786167430.0372443,1.5955563060808509,0.18874481129686285,0.23685018962221646,0.43781508770792094,-0.05269694964885104
1786167430.0572622,1.6035403516304472,0.1908145876046524,0.23558248824722414,0.44347313758281504,-0.06332850904510182
1786167430.0769482,1.6110604895724587,0.1927526030231762,0.23425053693096928,0.4246045907049075,-0.067659881233551
1786167430.0969932,1.6190164740724984,0.19479028964745876,0.23287416422489485,0.44101354932122017,-0.06866399698577143
1786167430.1169221,1.6266020280227722,0.19672125221441183,0.2315893287365092,0.42278610842722475,-0.0644708645771871
1786167430.1367676,1.6342588603679356,0.19865717111118453,0.2299297554066612,0.4283937377058109,-0.08362472735619307
1786167430.157214,1.6421247292358228,0.2006307804596695,0.22828517355842454,0.4269803291754135,-0.08043420117524129
1786167430.177213,1.6495412947548242,0.20247731752570325,0.22661149573167055,0.41142510167681595,-0.0836879617017422
1786167430.1967132,1.6570567083597727,0.20433249838347844,0.2246275787095246,0.4273798677487074,-0.10173800099834916
1786167430.2167327,1.664519928078939,0.2061578571914466,0.22269640468476645,0.41320619150693694,-0.09646449762694126
1786167430.2367482,1.6721583497464843,0.20800907372183483,0.22078765871557632,0.4227960940467991,-0.09536349601026924
1786167430.2567391,1.6795442582301587,0.20978215111559914,0.21873116701509845,0.40912758679048916,-0.10287128333748159
1786167430.2772589,1.6872208518582514,0.21160501246338445,0.21627090905424623,0.414050280383836,-0.11989716968645457
1786167430.2972748,1.6946547767419016,0.21335053437560605,0.2141266801181191,0.41083261971789614,-0.10712598720371741
1786167430.3168933,1.7017573953181004,0.21500393169247645,0.21277661914082052,0.40031302663251933,-0.06881566921866805
1786167430.3370483,1.7093461302610404,0.21675900602592163,0.21151965806852963,0.41620180252911365,-0.06236487240174748
1786167430.3567965,1.7166272897868249,0.21843233059530645,0.2102663815531354,0.40744011042192424,-0.06346278765693485
1786167430.376802,1.724213928604745,0.22016374677945671,0.2087632143769252,0.418943367626518,-0.07513782907491715
1786167430.3966987,1.731594222659754,0.22183386506512034,0.20692840019910136,0.4096215984435578,-0.09221679802167934
1786167430.4167497,1.7390972114393106,0.22351603391114114,0.20512233711540792,0.4130600528443148,-0.09007345560270737
1786167430.4367423,1.7466936838989677,0.2252026778853914,0.20315161773981122,0.4192537187042578,-0.0985724901310927
1786167430.4569976,1.7541843374897592,0.22685069379410927,0.20160726512285784,0.4078941295155362,-0.07624426896780763
1786167430.4770954,1.7618841855173653,0.22853109842648123,0.20007601701668024,0.42243206550278456,-0.07619009272958682
1786167430.4968104,1.7693314918934784,0.2301435618406673,0.19861548231887752,0.41637293560108246,-0.07408214346340788
1786167430.5170965,1.777093899182308,0.2318114866945993,0.1972210945614028,0.4216450400271523,-0.06873617456135146
1786167430.5370398,1.7846856354699405,0.23343146229709794,0.19604130543271164,0.4193484508128073,-0.059157352974678966
1786167430.5572767,1.7921884785381927,0.23502152752632524,0.19469240366147691,0.40831348951798585,-0.06665532628059559
1786167430.5768273,1.799791175995774,0.2366203506568882,0.19320326088452708,0.42814672849394253,-0.07616879679432943
1786167430.5969315,1.8074326044578817,0.23821682991073231,0.19231370600423137,0.4183739507916733,-0.044247282386107735
1786167430.6167827,1.8152167769274696,0.2398342925649927,0.19124599632075834,0.4315319534070108,-0.05378562845271033
1786167430.636767,1.8229052200565874,0.2414203110948553,0.1897021689932842,0.42327373439543275,-0.07725222065060902
1786167430.6567214,1.8304407929167714,0.24296030753356393,0.1878837158088815,0.41533554002149436,-0.09113024033876738
1786167430.6768372,1.8382232938926306,0.2445374540625188,0.18671559572978097,0.42537541765303694,-0.05806962878978254
1786167430.696888,1.845640343002152,0.24603688224173972,0.18706637346657756,0.40668144208409907,0.017494482271570428
1786167430.7170122,1.8534889841147015,0.24763535176470614,0.1894566724565859,0.42888866975876616,0.11877735987522374
1786167430.7369573,1.860803251026803,0.249150201082215,0.19326860475186824,0.4035228432418361,0.19112081469149736
1786167430.756656,1.8683875304593287,0.2507606366040108,0.19881858873699282,0.4240572450414247,0.28174481407789626
1786167430.7767217,1.8760518371437305,0.25244394946244686,0.20626734123875348,0.4212622343787719,0.3712166109781707
1786167430.7968566,1.883554836682508,0.25415970740970206,0.2148778405905656,0.41169767329750956,0.427639983343236
1786167430.816901,1.8914894954025823,0.2560466681188265,0.22242665176302215,0.4381516534465921,0.37660587229849535
1786167430.836699,1.8988933563048986,0.2578660540182732,0.2288475556086665,0.4146059982141,0.32432017104494754
1786167430.8566117,1.9064847974347192,0.2597783055350213,0.23326990918105714,0.4232154704195539,0.2220868687511074
1786167430.8767776,1.913909686909729,0.26167750772109416,0.23570663922871654,0.4090774662933104,0.120834061453005
1786167430.8969367,1.9212848011980201,0.2635758793709918,0.2361452045088398,0.4066177579231468,0.02175530269395651
1786167430.9168038,1.9284140159892111,0.26541072040483743,0.23570912867850935,0.39883108003577145,-0.02194955657044286
1786167430.936754,1.9354446713488789,0.26721480400818975,0.23486690373847594,0.3916159076633972,-0.04221646850247953
1786167430.9566176,1.942590946107757,0.2690403911533798,0.23377501027777928,0.3996908137886737,-0.05496955025294406
1786167430.9766347,1.9495174149760104,0.2708016518186278,0.23286544264448572,0.3843270555766142,-0.045439424028605846
1786167430.9973233,1.9569679536037918,0.2726883136161585,0.23199268439631804,0.399898838286192,-0.04218560180840546
1786167431.016691,1.9636339983712425,0.27436862277261326,0.23090614942986737,0.3820977081937685,-0.05610037614698391
1786167431.0371258,1.9709281973778436,0.27619435601836173,0.2289553785660286,0.3961187561713662,-0.09546291024713917
1786167431.0571208,1.9779178693990396,0.2779267636701595,0.2266838761878798,0.3877299953809397,-0.11360366673438337
1786167431.076638,1.9848759516837569,0.27963567856852706,0.22507013661935912,0.3952390054551854,-0.08268301544330718
1786167431.096722,1.9919638575012513,0.2813646473932131,0.22381572897596214,0.39111591185786904,-0.06245835604276628
1786167431.1167161,1.999235744910705,0.2831277001215471,0.22252520330620412,0.4029428135951436,-0.06454481146131504
1786167431.137614,2.0068130510657505,0.28495304698095536,0.22115398686845972,0.4015828496629473,-0.06561514386091648
1786167431.1570628,2.0136656350821354,0.28659284387988615,0.21977343166954733,0.3901053214771547,-0.07098423753915588
1786167431.176673,2.0208868606061077,0.2883082886626539,0.21815290457065073,0.40756286869040315,-0.08263709004158458
1786167431.1967492,2.028179144698277,0.29002739015963647,0.2166431395212476,0.40187007998569646,-0.07520145340915914
1786167431.216721,2.035593456650131,0.2917621438720316,0.2150993255788667,0.4105850151907046,-0.07729950570365611
1786167431.2367675,2.0428332273033556,0.29344476349433724,0.2139546413808067,0.3993022228646969,-0.05710152722565161
1786167431.2574997,2.0504063167205584,0.29519306961944725,0.21241778270900102,0.40374667891966654,-0.07412919574719902
1786167431.2766898,2.0573971203007537,0.29679935870431623,0.21209904876139124,0.40256656109806616,-0.016609313960859073
1786167431.296991,2.064781674875111,0.2985065268671246,0.21496251232130176,0.40207579087616024,0.14104799369567794
1786167431.3167443,2.072060586445222,0.30022036582379763,0.2196849766461555,0.4076696553637831,0.23907316758507816
1786167431.3367007,2.079202091668347,0.3019470012329945,0.22613461194744705,0.39641462144645073,0.32318711566787767
1786167431.3566377,2.0867707255509136,0.3038378445570389,0.2338541436024291,0.42124270858499047,0.3871955047549432
1786167431.3767493,2.0940874197392234,0.30572948760329655,0.24140432550188604,0.40444929866475393,0.3754150146006097
1786167431.3966928,2.1015342000227495,0.307713163261908,0.24755381223458944,0.41583589493544554,0.30834578776703575
1786167431.4167793,2.10885454514472,0.30971223037937995,0.25308338700921,0.40648650662952857,0.27528774935595896
1786167431.4366388,2.1160937972359335,0.3117284085722077,0.2569850033529825,0.4070919221665194,0.19646043719642148
1786167431.456608,2.1235315046039664,0.31382610101622943,0.25922832347496133,0.4163018466728909,0.1123388679262173
1786167431.4768739,2.130849606347291,0.3159068044672956,0.26098589790576815,0.4038329958626651,0.08672605575735481
1786167431.4968166,2.1382844493399635,0.3180306438276737,0.261590488875601,0.4170550164245153,0.030316313070964447
1786167431.5166981,2.145525624980507,0.3201018432830227,0.2616842158306385,0.40747948175286375,0.004714282968036833
1786167431.5366986,2.1529699774174356,0.3222272818703647,0.260756488924111,0.4163687695668996,-0.046385283651487794
1786167431.556686,2.16024352623631,0.3242943192582074,0.25946670823480833,0.40695320380855887,-0.06452986657121848
1786167431.5767002,2.16753682044833,0.32635424059219864,0.25781276917980767,0.4073389966682907,-0.08263792431021884
1786167431.5969222,2.174998210258287,0.32844492659392166,0.2556681199104309,0.41222885481099764,-0.10605551963808861
1786167431.6167011,2.1820873685985687,0.33041864881535055,0.2547916197721594,0.40026710312869573,-0.04431475832583382
1786167431.6366935,2.1895275324590506,0.3324807759848417,0.25356604266601585,0.4154797458415023,-0.06130229874074404
1786167431.6565838,2.1966665790765068,0.3344482108094565,0.2521337309670409,0.4005625823088483,-0.07201053254689653
1786167431.6765988,2.203994173104296,0.3364550852647379,0.2506717047213911,0.40841820946349744,-0.07304652265344451
1786167431.696717,2.2110497943546377,0.3383767544445099,0.24956517054082322,0.3911040004464163,-0.055001549378926984
1786167431.7167556,2.2180326189532664,0.3402684206123599,0.24820666308952632,0.38847676942516324,-0.06779451309970908
1786167431.7366624,2.2248025709559793,0.3420911158890129,0.24672915403654752,0.3789837364225038,-0.07422147590807956
1786167431.7575479,2.2319998866237336,0.3440146831484401,0.2448456547613029,0.38385504302145446,-0.09018228931684615
1786167431.7766066,2.238453440074868,0.3457249623964337,0.2428827786383704,0.3769866942428114,-0.10299105774375353
1786167431.796714,2.2453114132967165,0.34752772016642114,0.24117621276241297,0.3795329228298924,-0.08487207370183711
1786167431.8167577,2.251957587068651,0.3492620548501873,0.23960238067770073,0.36882662951905104,-0.07852038454408798
1786167431.8366823,2.2587650785533406,0.35102741038549234,0.2383995374620562,0.37989789860177126,-0.06036963157533499
1786167431.8567607,2.2657241959928727,0.35282238442224867,0.23723058998508162,0.3852668928433127,-0.058219094917345796
1786167431.8766673,2.2725248495431685,0.3545652785033927,0.23558349929244926,0.3796083334122905,-0.0827412638090236
1786167431.8966796,2.279626123430236,0.35636807530155407,0.23307599042365032,0.39408529515065066,-0.12529789223520846
1786167431.9166667,2.2865795770001593,0.358111301248521,0.23010263967085645,0.38610653249526716,-0.14876344302708236
1786167431.937145,2.294077225192767,0.3599659407690443,0.22729770918541117,0.40605113178038144,-0.13697120983124283
1786167431.9565957,2.3010860597670257,0.3616790395883126,0.22500600673743507,0.3993845642408612,-0.11782129323080968
1786167431.9768295,2.308583890813679,0.3634918838172512,0.2227306352481012,0.410486074006564,-0.1124536008012427
1786167431.9967177,2.3159095968345826,0.36524633262609885,0.22104478372453587,0.40784170500991773,-0.08476657981821628
1786167432.0169046,2.3232519219280934,0.366992383205467,0.21982781417944966,0.4025789657149331,-0.06028510961182501
1786167432.0372396,2.3309847373230395,0.3688179076911903,0.21806174355462452,0.42075450467606934,-0.08684898859184036
1786167432.0572898,2.3384692814888948,0.3705698217695055,0.21636252430324623,0.4128608656127538,-0.08474787570225881
1786167432.0766964,2.3459329766428514,0.37230234545828056,0.21469807921555162,0.42520216472661837,-0.08576714976102283
1786167432.0968204,2.3534827028400422,0.37404143100155923,0.2132928714399018,0.41462425961241633,-0.06982760223490038
1786167432.1167855,2.3610616680143846,0.3757751444216844,0.21194164367245985,0.41940824428946855,-0.06767924563999271
1786167432.1366963,2.368798494754376,0.3775390964001034,0.21201591386139002,0.42924900227798596,0.0037301435782947975
1786167432.1570272,2.3764549047413435,0.3792956075281729,0.21451642943520563,0.4161264237493028,0.12299085856553107
1786167432.1767557,2.3842813530619487,0.3811199980722355,0.2185837500374102,0.4386794846765856,0.20616552951900458
1786167432.1967583,2.391911525069523,0.3829406132076138,0.22426186389076172,0.4222852717771568,0.2838687396160497
1786167432.216827,2.399682858283037,0.38485323996578447,0.231819175385388,0.42935006805739373,0.3765730728153236
1786167432.2367904,2.407420601465087,0.3868276049203574,0.24014510792625254,0.4305779671263848,0.41705769720275504
1786167432.2568,2.4147611802533993,0.3887719053501061,0.24878699455617997,0.40841357317920185,0.43188880274826796
1786167432.2768965,2.422614123069742,0.3909276011515312,0.25691191898447185,0.4359872429596428,0.4042946818673692
1786167432.2970781,2.4300436904080627,0.3930378535752917,0.2652844139307437,0.41166527729794655,0.41485668938578224
1786167432.316803,2.4375471326886227,0.3952429257649319,0.27386771298578066,0.4264047538211182,0.4351516409580042
1786167432.3367803,2.4449728446448193,0.39750082853353025,0.2827517649429414,0.4177173807299079,0.4447066470161151
1786167432.3567436,2.4522353866064748,0.3997829701380549,0.2912036565077136,0.409897849521453,0.42337221847907974
1786167432.3777573,2.460222079399104,0.4023727978712036,0.29976603611302016,0.4293729246033775,0.4074658266361358
1786167432.396867,2.4671735864428785,0.4046947497461683,0.3076531469793638,0.4120450613950977,0.4127275757953474
1786167432.4172013,2.4750103519548228,0.407390920548358,0.3165674712384948,0.437762809581934,0.4383897605450953
1786167432.4368982,2.4823159625112345,0.40998145990843965,0.32524326219993227,0.42256482660667,0.44046365348569877
1786167432.456781,2.489616054362578,0.4126484950658662,0.3343607063663857,0.4196152553349982,0.458562157195151
1786167432.4767277,2.4972020101157875,0.4154961328343705,0.3417663866379073,0.43594936407256113,0.3712713431930992
1786167432.4968703,2.5044465458198966,0.4182760363349995,0.34801998492779446,0.4133303993213346,0.3104669798028818
1786167432.516772,2.511905590079208,0.42118801946864604,0.3526525314395388,0.431606674338064,0.23277078329055068
1786167432.5372465,2.5191001464847758,0.42402712572661133,0.3549081371215794,0.40519196722450934,0.11016693761476609
1786167432.5567148,2.5260448633613763,0.42677784120905793,0.35508316524938854,0.41152410013037477,0.008990413154972858
1786167432.5768871,2.5329745322155586,0.4295175887149198,0.353802127053259,0.39621067803213883,-0.06350463461545543
1786167432.5967479,2.539893988008615,0.4322426009033516,0.3526470642478437,0.40163942484121046,-0.058158081978880956
1786167432.6168535,2.5467810736406857,0.43494671069359786,0.3519484357830442,0.3947458932489915,-0.034747953425539053
1786167432.6368732,2.5535891892779445,0.43761369438526776,0.3512525686907838,0.39178269193864756,-0.03475899592154579
1786167432.6568582,2.5604703326824887,0.4403014025697592,0.35015376925173836,0.39653343123921975,-0.054981316373616446
1786167432.677488,2.5674876469887256,0.4430318840197874,0.34890924726248224,0.39155837325414916,-0.06032617831944716
1786167432.6971471,2.574349339868111,0.44569109666892764,0.3476821430204398,0.4015885070178064,-0.06241932947044732
1786167432.7168963,2.5811924353797,0.44833442963010117,0.3469120251396999,0.3985164869275604,-0.0389949598915791
1786167432.73688,2.5883083806424163,0.4510756420817098,0.34602712999552726,0.4094079970891196,-0.04428069439480638
1786167432.7572258,2.5954640286477795,0.45382401240108355,0.3451258160325285,0.4042275546693571,-0.0442999995343302
1786167432.7772355,2.6025250387967964,0.45652754294825576,0.3441328949864868,0.4054284447610095,-0.049621846546367185
1786167432.7972476,2.6096863501799406,0.4592577508842738,0.34252203770331435,0.41093274126237606,-0.08049400319572127
1786167432.817006,2.616683303033316,0.4619107461431242,0.34080497815892064,0.40639875214015886,-0.08690248591566312
1786167432.8369553,2.6241346799304015,0.4647176800982345,0.3385629459228309,0.42833459075099994,-0.11238708754269743
1786167432.8569393,2.631453149427884,0.46745416527544925,0.3363163517990269,0.41960917116002727,-0.11241960319077508
1786167432.8770664,2.638963902857943,0.4702424582563068,0.3342472132983353,0.4272303869951063,-0.10280382248078164
1786167432.8967748,2.6463438270310653,0.4729655431688817,0.33268308451322753,0.42841776405623316,-0.07936358007684717
1786167432.9171388,2.6537731215828666,0.4756935378782646,0.33136977111514737,0.4171759617140206,-0.06449177102807908
1786167432.9369895,2.661289347826752,0.4784393728556271,0.3296677874770201,0.4327313914275143,-0.08573909177674473
1786167432.956781,2.6685525707727433,0.48107917035502135,0.3283493896429101,0.4191880510093365,-0.06661480176360646
1786167432.9768097,2.6760647113509846,0.4837956939691295,0.326717140560932,0.4281838022592896,-0.08149498081752087
1786167432.9972186,2.6836207883505,0.4865136080031189,0.3252491502586155,0.4224312091388554,-0.07192903817673674
1786167433.0167663,2.69069571083963,0.489047025663729,0.32411310374178004,0.4127626284468976,-0.05811663088645293
1786167433.0368457,2.6982354455648276,0.4917365872605296,0.32305425228179585,0.4280634435055029,-0.052733289566692064
1786167433.0569158,2.705503986795048,0.4943195407453188,0.3219306019527603,0.41269567887729935,-0.055986351504814756
1786167433.0771432,2.7130665675019334,0.4969999362751476,0.3215748521527597,0.4259358201118908,-0.017587491856924778
1786167433.0973086,2.7203971593544107,0.4996049538825535,0.3235393196784311,0.4142506318161987,0.09741752188216511
1786167433.1169205,2.7275842134670376,0.5021869062743184,0.32806160946584345,0.41807522239895045,0.23058982888597912
1786167433.1373022,2.7349892378371505,0.5048931168731055,0.33382508681903145,0.4152395372885649,0.28277721895008073
1786167433.1569536,2.741874452374465,0.5074632930737023,0.34097202363363527,0.4013740604165214,0.3636856457978291
1786167433.1769009,2.7491983407865055,0.5102643636943531,0.34884430905549924,0.4217843880227521,0.3946543743986821
1786167433.1968412,2.7562879860503875,0.5130460597590194,0.3570953188346946,0.40968789734265,0.41378405615904973
1786167433.2171535,2.7637814491099983,0.5160619648418086,0.36519856568348247,0.4264507719430456,0.39893282162141974
1786167433.2369509,2.7708993384144014,0.5189965513649426,0.3728636824532846,0.41692517724130485,0.387179415290331
1786167433.2573357,2.778191573626694,0.5220772753055857,0.38145108474100115,0.4162104080497918,0.42126521362548186
1786167433.276971,2.785570429069668,0.5252734031858233,0.38978721460643223,0.43878302441344985,0.4245451247507455
1786167433.29696,2.7927737241485078,0.5284722977214965,0.3986555117285084,0.4223282101147216,0.4436585650323494
1786167433.3172176,2.800374838965056,0.5319403838579853,0.40876650505154155,0.44159578946061795,0.499124117161823
1786167433.3368802,2.807456328677037,0.5352608777504926,0.4181814584853613,0.42573938273089107,0.47882500330157063
1786167433.3568432,2.8144891469387034,0.5386403965292685,0.4265913339006818,0.41818617177096135,0.42127257639321725
1786167433.3767884,2.821690171365211,0.5421728348897596,0.4334010501714198,0.43013066282511786,0.34142225534595705
1786167433.396997,2.828585788285058,0.5456158766345767,0.4398254304410208,0.4078281684309271,0.3179033265571259
1786167433.4169333,2.8355375326096737,0.5491443845707433,0.4458029760075746,0.41804258987825543,0.2998318956215598
1786167433.4368632,2.8422634809430765,0.5526117903777643,0.4516927600370425,0.40580293047222765,0.29552522626486954
1786167433.45683,2.8491372672914146,0.5562053074066142,0.456573198060034,0.41509275839373966,0.24442715227513082
1786167433.477075,2.85588049919602,0.5597755583796795,0.46154227063441255,0.4026349404524224,0.24544599212151702
1786167433.4970486,2.8625931907194486,0.5633743733538834,0.4663599292491462,0.40730170034498475,0.24120232525707774
1786167433.517087,2.869341427829046,0.5670394108462189,0.47174837454779944,0.4092383173611776,0.2689064174797723
1786167433.5371544,2.875829179996644,0.5706108000090906,0.47705799353590184,0.3940016503811187,0.2645885796465925
1786167433.5569036,2.8826013162343163,0.5743901858020135,0.48270600937294617,0.4191494201928523,0.2859875826035002
1786167433.577008,2.8891854155019216,0.5781086615493718,0.48665530158333636,0.4013707911332163,0.1964391171577293
1786167433.597011,2.8961810996983477,0.5820913985559752,0.4892230297139986,0.42939742805774,0.12836663570899892
1786167433.6169868,2.9028744759077436,0.5859201593866676,0.49055172905155425,0.4118505736279928,0.06651590931809111
1786167433.6370356,2.909586881082123,0.5897655650810362,0.4904970556446153,0.41165476589830835,-0.0027270087098211944
1786167433.6571805,2.916518103102089,0.5937322232483667,0.48977771760298067,0.42294670854023386,-0.03570812632116369
1786167433.676862,2.9229515704682587,0.5974051684308247,0.4886121129776758,0.4015975045234661,-0.059223502632763825
1786167433.6968665,2.9299272033182624,0.6013772398712798,0.4877276968453016,0.4281543983908477,-0.044210835131180785
1786167433.7171917,2.9365976405959584,0.605168666322185,0.4872169134012291,0.40279734723132576,-0.02513056941474844
1786167433.7372115,2.9433841394047953,0.6090185743309,0.4862242748211136,0.4158749729174802,-0.0495829171138479
1786167433.7572143,2.9498808984166063,0.6126952405120148,0.4853377026379502,0.3982403601996436,-0.04432231106976067
1786167433.7769299,2.956377290561893,0.616363384685688,0.4844642736117831,0.4038154405319523,-0.04430153529523201
1786167433.7970157,2.962792702073871,0.6199773916379276,0.48353070566740075,0.39122702835767104,-0.046478975421917354
1786167433.8172524,2.969252766825256,0.6236080812127445,0.4826547640556828,0.3908091055700063,-0.0432847395209069
1786167433.8370042,2.9755734385850454,0.6271504490284441,0.4813369661265289,0.3915198621754875,-0.06671790844881373
1786167433.8569193,2.9817033795938714,0.6305754997763766,0.4802829384733359,0.3763388792524049,-0.052926043360442494
1786167433.877009,2.9882650281192724,0.6342316929987578,0.47919997742060905,0.39910183195329246,-0.0539064806828307
1786167433.8975081,2.994632500141373,0.6377697887144959,0.4781152620848861,0.379320503440758,-0.05291493221079547
1786167433.916994,3.001002745581746,0.6412993124284061,0.4769818027516047,0.39897017177377136,-0.05816802906422925
1786167433.93279,3.0060139405531867,0.6440696033700246,0.47638198829392847,0.3869809339463198,-0.03797268318550223
1786167433.9568884,3.013892045241419,0.6484125010670576,0.4748004944976902,0.39853112562903914,-0.06562651624062638
1786167433.9771292,3.0203473349510412,0.6519590609081098,0.4737732714660979,0.38850926580065975,-0.050750161024073315
1786167433.9970727,3.026790202917688,0.6554876140428681,0.4723578346655543,0.39327562394618804,-0.0709724232718524
1786167434.0170262,3.0332162543386483,0.6589963596241573,0.471451715299457,0.3918003434841424,-0.04541157450262596
1786167434.0368466,3.039639978937388,0.6624871999874677,0.4686726437678022,0.3938904290210251,-0.14021232051659155
1786167434.0573359,3.0463691457921054,0.6661112407360587,0.46444690867457566,0.3983990479635325,-0.20624191398986125
1786167434.077261,3.052685345186149,0.6694677376334021,0.4583199822287908,0.38347997530051364,-0.30749763197316354
1786167434.0970392,3.0594154808443816,0.6729816298013308,0.45087069579933287,0.4101885561203854,-0.3766402896501894
1786167434.1180027,3.06622425836526,0.6764607858347853,0.4419238517898335,0.3898808964146125,-0.4267833955033051
1786167434.1370773,3.0729609306515036,0.6798175199069447,0.43197693316544095,0.4219522218653295,-0.5214724151486066
1786167434.1568506,3.07983440249495,0.6831476459414257,0.42120168607712294,0.41322358010158605,-0.5449407603969457
1786167434.1769922,3.0868663099479074,0.6864521656125979,0.4098609246080404,0.4128564412619073,-0.5630516239680221
1786167434.1974163,3.0940100738235,0.6897088360185932,0.39962290116688787,0.41158394934649745,-0.5012710286735539
1786167434.2171726,3.100610531478405,0.6926340145849095,0.39018115270321796,0.3914204350796899,-0.4779103512763592
1786167434.237408,3.1078008120066345,0.6957287665666124,0.37964999695914015,0.4145140709812404,-0.520434869298939
1786167434.2569509,3.11441275947432,0.6984867417226378,0.36920696382085594,0.39294904037002426,-0.534363669973259
1786167434.2768974,3.121426906888379,0.7013197519730748,0.3585917558980292,0.40667710635757537,-0.5321819828780541
1786167434.2969506,3.1280746853191452,0.7039197005025052,0.3486442806926048,0.3818434847009653,-0.4960555356027577
1786167434.3169465,3.135013920981601,0.7065546884180346,0.34017488299307114,0.39832764853305036,-0.4235561250133486
1786167434.3370428,3.1417768195210516,0.7090610653035916,0.33380277611414266,0.3852063820945306,-0.3170785783689327
1786167434.3569877,3.1487622392936507,0.7116023591063511,0.32905202839392844,0.4000928767216954,-0.23819353494573547
1786167434.3771813,3.1556940892592706,0.7140901329460839,0.3257687242115164,0.3915724317163039,-0.16259151178903136
1786167434.3972611,3.162601161017284,0.7165456928739838,0.3235306796000839,0.3919984821102873,-0.11145723116455392
1786167434.4168987,3.1693659016063083,0.7189313037292021,0.3210909160994638,0.39224393318208417,-0.12423948971305143
1786167434.437548,3.1762733377544605,0.7213437689691137,0.31795265086108665,0.38052657666804685,-0.15198003027844573
1786167434.4571452,3.183360423833361,0.723791236071839,0.31464245295024645,0.41092338107515936,-0.16891098626748866
1786167434.4770277,3.190248153674166,0.7261439678641959,0.31174873995167446,0.39322120104286507,-0.1455411366033404
1786167434.4970887,3.197557375120928,0.7286171202914642,0.30932204693705484,0.41319849086476923,-0.12096560835244156
1786167434.5171676,3.204528586563385,0.7309575468779589,0.3074050574609226,0.39345268394855715,-0.09547284547893435
1786167434.5369139,3.211620839851615,0.7333191476642863,0.30478457169217743,0.40671946562966604,-0.1327076615125351
1786167434.557078,3.2186753685720504,0.7356462964119567,0.3022581952383083,0.39584013970971516,-0.12529135273214864
1786167434.5769374,3.225624821597069,0.7379180674990903,0.2998334145177879,0.3956028345363807,-0.1220964437518985
1786167434.5968575,3.2326968605545505,0.7402102431912333,0.29763506678488566,0.40105730654471866,-0.11035820863308209
1786167434.617063,3.239529790454278,0.7424093460232563,0.29604949956626897,0.38179180104903504,-0.07847206927966544
1786167434.6369405,3.246680333998787,0.7446939647575229,0.29375034526791344,0.40588088010466006,-0.11566655556073649
1786167434.6574016,3.2536985733607833,0.7469185867353849,0.29183994934259117,0.38674980629459377,-0.0933672951661977
1786167434.6770368,3.2608294934297177,0.7491627337904478,0.289966476350624,0.4092439791627344,-0.09541399854412265
1786167434.6968365,3.2676841334430224,0.751306517574317,0.2885820873913397,0.3899207855390792,-0.06991966078416435
1786167434.7171936,3.2749876226556216,0.7535777778087119,0.28702966915149664,0.40389217143593986,-0.07625918243519805
1786167434.7372947,3.2820052907462838,0.7557462642586904,0.2852818196883255,0.39282900878578497,-0.08695305414276265
1786167434.7574432,3.2890986911868794,0.7579218692806138,0.28318665935064197,0.39590014916616767,-0.103985840383717
1786167434.7775154,3.2961196217552904,0.7600575741678293,0.2810564580590761,0.3930927166506891,-0.10612683127273251
1786167434.797055,3.302812158397461,0.7620790998834263,0.2796066176516091,0.3847125747494751,-0.07420012714782896
1786167434.8171458,3.3100085884935213,0.7642414490974613,0.2784168117444715,0.4021682268256373,-0.05922137581177441
1786167434.8370564,3.3168504917851926,0.7662877075974605,0.27727887696738834,0.3856818897445071,-0.05715228397767014
1786167434.856981,3.323984377850003,0.7684099511398526,0.2757592772286823,0.40169780172467884,-0.07626735984747487
1786167434.8769329,3.330854673266913,0.7704420040735954,0.274406481322645,0.3861639875450495,-0.06780313177998114
1786167434.8969522,3.3379436800797184,0.7725261344569714,0.2727726785464023,0.3969397660445711,-0.0816114130504343
1786167434.917451,3.3450756803725774,0.7746117971798894,0.2717979762942444,0.38985717943861875,-0.04754934465834369
1786167434.936942,3.3520524127103055,0.7766409529301066,0.27010374554765654,0.40092769977281134,-0.08692287402554555
1786167434.9570196,3.3591523134891803,0.7786906606356522,0.2681656867812469,0.3958844852290472,-0.09652904770382459
1786167434.9769228,3.3662646863883325,0.7807300284948637,0.2667960025450923,0.3998629855979374,-0.06881734631576905
1786167434.9975345,3.3737569313302807,0.7828682022757208,0.26590504120309555,0.406607059661462,-0.043225867771505146
1786167435.01719,3.3807082069002026,0.7848440351565237,0.264887096487358,0.3954941562725919,-0.051789395967989656
1786167435.0372612,3.3881381474330445,0.7869460527300438,0.2636779401169699,0.41383920760098714,-0.06024314784040314
1786167435.057065,3.3951710877645604,0.788926470575244,0.26267351473663936,0.39689349103071475,-0.05071891685132701
1786167435.0773,3.4025076747902525,0.790981937851309,0.2612813839701123,0.4050677993469343,-0.06879795035544786
1786167435.0970802,3.4095572581500746,0.7929463598169373,0.26013074191131347,0.39803144048636824,-0.058171527286390655
1786167435.117451,3.4168888711361713,0.7949779087921299,0.25864222964820577,0.40180702766937326,-0.0730711595042405
1786167435.137033,3.4238900518718536,0.7969049789893026,0.2570025410361915,0.3989798466069797,-0.08373433947531153
1786167435.1567476,3.4308410664562214,0.7988049487639183,0.25539333652147783,0.3932830378639399,-0.08162504000388879
1786167435.1771543,3.438283519202666,0.8008235114326208,0.2534025719248511,0.4066081809812819,-0.09755434983047549
1786167435.1970434,3.4452799959967475,0.8027075619562518,0.25209683568405944,0.39201678224585434,-0.06565079221895569
1786167435.2171602,3.4525651589082917,0.8046567223366975,0.250455559979724,0.40341284692307755,-0.08158729083858772
1786167435.2371943,3.45971746710845,0.8065572051765175,0.24896998574470655,0.39752651732339134,-0.07415237544455822
1786167435.2568388,3.4668426700248336,0.8084362888160198,0.24705336601322866,0.4036928370123033,-0.09756521398405943
1786167435.2767494,3.4739297695028415,0.8102899579070832,0.24525868425762973,0.3959765352985921,-0.09013711805912608
1786167435.296815,3.481171406231806,0.8121695218495844,0.24362143330641092,0.4013077218631851,-0.08159513567686665
1786167435.316911,3.4883242942344936,0.8140128774091238,0.24210971259783326,0.39562726698404954,-0.07522471751794609
1786167435.3368056,3.495335340330668,0.8158087088140097,0.24095193465631917,0.39157484264689063,-0.05819558807348961
1786167435.3568935,3.50256655732983,0.8176492766390937,0.23935554344395815,0.39984392973446786,-0.07947006168857358
1786167435.3769534,3.5095898716427834,0.819424798549235,0.23799561769107214,0.3887476235608348,-0.06779350375022576
1786167435.3971617,3.516905616884163,0.8212627551411297,0.23666966133010503,0.4018219575024545,-0.06561425281535918
1786167435.4168947,3.523908012463333,0.8230110855630138,0.23533226293014434,0.39374605985798133,-0.06777487686427694
1786167435.4369366,3.531077337833245,0.8247879745097504,0.23352579873444032,0.3967631531088653,-0.09013418669432192
1786167435.4569592,3.5381661536554283,0.826531434867513,0.23206202958119532,0.3925285909457157,-0.0731057359942387
1786167435.4774427,3.5454573501099214,0.8283129221186576,0.2307611035887701,0.3945180503310656,-0.0635109422647416
1786167435.49738,3.5522949604276044,0.8299735090210117,0.22953626623701506,0.3799945063012331,-0.06143453599865617
1786167435.5168993,3.559222036126296,0.8316455434899054,0.2282132982817713,0.3930884954429771,-0.06777732730610198
1786167435.5368629,3.5663234711833876,0.8333507589471217,0.2273919471344405,0.3939149073742933,-0.04114263674601691
1786167435.5570974,3.573401122335988,0.8350432766003982,0.2265373857819448,0.3872575748436298,-0.04223271001553175
1786167435.5767832,3.58025854442676,0.8366740374663854,0.22511870448917587,0.38556397306264245,-0.07206642550365572
1786167435.596983,3.5870694567002412,0.8382835521265631,0.22396329335196286,0.3730905079331925,-0.0571992062987711
1786167435.617036,3.5942712326056183,0.8399742973478382,0.22245492308874418,0.39726185135492903,-0.07521862616960431
1786167435.6374235,3.601413544843076,0.8416396487943981,0.22120299439987653,0.38739768675843134,-0.06140694773107867
1786167435.6575532,3.608621864713193,0.8433069067595359,0.21921700500830324,0.3958361788538869,-0.09865975659165434
1786167435.6770792,3.61551169915005,0.8448861276644536,0.21758134598316767,0.3898832205691738,-0.08376823844003817
1786167435.6969576,3.6228214383386645,0.8465511969378836,0.2167644066665784,0.40619873804771034,-0.04109686052734249
1786167435.7170222,3.63017389976814,0.8482198909019901,0.2161748190656826,0.4047154145962533,-0.02938447939907101
1786167435.7369184,3.6374532608232357,0.8498644626134212,0.21499667047317733,0.40400008718512864,-0.05921454930605104
1786167435.7569168,3.645067105029783,0.8515727912099282,0.21349414042952533,0.42028124767492336,-0.07513284340788182
1786167435.7768853,3.6524832023974576,0.8532232748480221,0.2118441698566591,0.40983341181088667,-0.08262862876585096
1786167435.7979858,3.660671312789594,0.855027196332412,0.2095851085914805,0.4280379177760922,-0.10706187092702735
1786167435.8170025,3.6678384495138308,0.8565925696549086,0.20854089218085606,0.415571095765084,-0.05491037170516932
1786167435.836848,3.675394128139546,0.8582375973423996,0.20842395002169994,0.4197505420689707,-0.0058926327628866255
1786167435.8572168,3.683172572449382,0.8599271449632057,0.20769646878716344,0.42098328076187863,-0.0357154431184823
1786167435.8769991,3.690438131200361,0.861497257885953,0.20652512748171772,0.4047998117581671,-0.059211569098336685
1786167435.8969183,3.6980631448998236,0.8631341448658775,0.20521962954099174,0.4217959925780856,-0.0655398187221401
1786167435.9172256,3.705532904355539,0.8647266184390658,0.20395233455278036,0.40519883958843234,-0.062405875412211397
1786167435.9372284,3.7131230487135656,0.8663326570843581,0.20244928471160212,0.41787387174046264,-0.07514181459693002
1786167435.95715,3.7204291974695622,0.8678656700074069,0.20086640858528076,0.40375002957280887,-0.07945550544100571
1786167435.9768994,3.7277468835067045,0.8693886709453377,0.19948685194020138,0.40778718635636296,-0.0698530808798592
1786167435.997421,3.7352504912595252,0.8709388957916236,0.19820595949257486,0.4023025901654443,-0.06241666840915569
1786167436.0173724,3.7423662980215187,0.8723991758970943,0.19708744160967898,0.3923196169234877,-0.05606228376833413
1786167436.0371835,3.7497183873877233,0.8739012064477419,0.19663217936249922,0.40814882993910884,-0.022980098014236332
1786167436.0571544,3.7567492131670663,0.8753379540863683,0.19723540101023634,0.3871954149687222,0.030205039993199755
1786167436.0768023,3.7640195614063314,0.8768341065295117,0.19925356976626862,0.40707331317833034,0.10271709747844449
1786167436.0972185,3.7710866440532143,0.8783086701649523,0.20239262293668597,0.38099468995772945,0.15375260730678086
1786167436.1168597,3.778152770739989,0.8798085334395718,0.2057274636740369,0.3962361075057673,0.1697883716395034
1786167436.1369426,3.7851491457728064,0.8813202764022787,0.20922197138229684,0.38396482244737956,0.17400369991672499
1786167436.156896,3.7923423944343466,0.8829040622229362,0.2130563166130121,0.3976371788952425,0.19216414594843073
1786167436.1769373,3.7993822785982534,0.8844845036310961,0.2169281346967814,0.38777624694065105,0.19319266320115389
1786167436.1968498,3.806451147967377,0.8861014279284178,0.22060571285140582,0.39221430962040893,0.18468708634267475
1786167436.2169845,3.813367164750857,0.8877101443315697,0.22380862693621684,0.37978940185465804,0.15907443792944082
1786167436.2374787,3.8204806144452204,0.8893915441452607,0.22728737838347757,0.384068876859413,0.16974302993580057
1786167436.2568746,3.827166388943644,0.8909973096764336,0.23055885334345397,0.3817167709782646,0.16866900027693055
1786167436.2772872,3.8341267887190216,0.8926924166155523,0.23324047537523251,0.37786258251739024,0.13137038221821448
1786167436.296799,3.84058780710654,0.8942862581208161,0.23613552080921274,0.36719123494430367,0.14837484596306208
1786167436.3171566,3.847378723557853,0.8959860735785398,0.23963340239141276,0.3701874940524714,0.17182182924305897
1786167436.336975,3.8539249853229793,0.8976503853977752,0.24305952771876085,0.36686728591523116,0.172874720781924
1786167436.3568347,3.8604617887715142,0.8993378767715391,0.24651382586397905,0.36589302222290343,0.17393635458277257
1786167436.377068,3.8670531480843975,0.9010647490094046,0.24979579482619055,0.36243738560975186,0.16220556820926835
1786167436.396838,3.8734980696956143,0.9027781343628626,0.2532764081361051,0.36300729473508514,0.17605612966833165
1786167436.4168208,3.879955473299888,0.9045212462892802,0.2569433027194721,0.3601694974345749,0.1835024055479355
1786167436.4369025,3.8864672875550075,0.9063092367139253,0.26135581683542874,0.36180103395395136,0.21972747636340634
1786167436.457009,3.8930175045554503,0.9081440700966544,0.26656643631183,0.3639579587926175,0.2591502983689419
1786167436.4773467,3.8996461690115582,0.9100445267511738,0.2727469092330936,0.3647057006730465,0.30389419117426736
1786167436.4968934,3.9063911324418736,0.9120218290327831,0.2776891783170442,0.3867256703505579,0.25284355660047886
1786167436.5167973,3.9131630272873905,0.914040155859058,0.28117357000226056,0.38176500990067547,0.17506076665752154
1786167436.5368786,3.9202904037940156,0.9161896676932153,0.2837918163563489,0.3986096633510126,0.13038243266337463
1786167436.556925,3.9273507500978426,0.9183414551432045,0.2866615767520969,0.3958655964985495,0.14315538001364742
1786167436.576864,3.934630688704428,0.9205892332728874,0.2906427868964874,0.410798238699253,0.19967004225107915
1786167436.5969698,3.9420796127253332,0.922925240971173,0.29493624721804784,0.4173673002612711,0.21354295980744661
1786167436.6168578,3.9493261484954254,0.925232266003071,0.2987589827154538,0.41098878090020513,0.19221390126249213
1786167436.6368616,3.957098135683533,0.9277394346278972,0.30213725286393583,0.4387284959285077,0.16888145690041495
1786167436.6569343,3.964690462037146,0.930218279336712,0.30539802783311315,0.42756269718402445,0.16244826045919614
1786167436.676949,3.9723345437272632,0.9327475231307509,0.3095665434906386,0.4322364452719511,0.20827204813005448
1786167436.6969144,3.9802612142492535,0.9354108553755989,0.31404512527557404,0.44995482405088805,0.2243170429643989
1786167436.716927,3.9878551397606707,0.9380031289650057,0.3185968159193869,0.4306912492490924,0.22744104973977283
1786167436.7369518,3.9957333562438953,0.9407377414006773,0.32368580107671285,0.44726684505090153,0.2541344303049521
1786167436.7568417,4.003239294997159,0.9433861145366135,0.32816711771233903,0.4297243173007686,0.2253069175545829
1786167436.7768502,4.010635383769203,0.9460336276858059,0.3322269731541504,0.4215460769099958,0.20290588783645586
1786167436.7968779,4.018094857177299,0.9487355495792713,0.33524557573149594,0.4252813830448396,0.15072185024845353
1786167436.8169467,4.0251605174834575,0.9513128755353228,0.3364942471106385,0.4023034092019646,0.06221927365872717
1786167436.8370533,4.032588051520491,0.9540263501751849,0.3362260173996864,0.4221849702644957,-0.013340411814656167
1786167436.856854,4.039641222550963,0.9565964384082585,0.33501156455391273,0.4069866642884736,-0.061333948571218544
1786167436.8771188,4.04700918860488,0.9592685151559357,0.3334454492137427,0.4152015073708312,-0.07728230214874196
1786167436.8968318,4.053978683327511,0.9617824891773841,0.3318581318782406,0.4035126056213791,-0.08052165464751401
1786167436.9172835,4.061230678183367,0.9643835028757408,0.33012424621154285,0.404458166835043,-0.084779188717468
1786167436.9373052,4.06820089992551,0.9668653064208663,0.3276157744021645,0.3967942546577445,-0.12528779718212008
1786167436.9571276,4.0750134322935185,0.9692687874395998,0.32479401564719007,0.3913496942261885,-0.14235231754518154
1786167436.9771707,4.081756523711827,0.97162082281687,0.32104342764208127,0.3826564641922978,-0.18712581955083368
1786167436.997421,4.0884566535793585,0.9739193738239542,0.31529049910839924,0.3757177082912007,-0.28409074079938834
1786167437.017053,4.095062816967529,0.976138170470039,0.30908628732751164,0.3813543703243191,-0.3160276686189772
1786167437.0369267,4.101554712380135,0.9782657951416895,0.3017038236508373,0.36937342820469543,-0.37146606678419164
1786167437.056901,4.10817976738221,0.9803774980147676,0.2939865405745782,0.3741555906712739,-0.3863619479563361
1786167437.0772767,4.114819752519752,0.9824298375318725,0.28539728434900796,0.3666851072298758,-0.4215435134203993
1786167437.0977015,4.121679298755733,0.9844784573320512,0.27626591325938243,0.3769004130369772,-0.44707179211258286
1786167437.1172757,4.128134880549315,0.98634172306653,0.2682858064127835,0.36920726531058395,-0.40768567682237783
1786167437.136933,4.134849848095592,0.9882174044167705,0.2603145628171103,0.3815669027124014,-0.4055090892346349
1786167437.1572134,4.141451842245798,0.9900043303922773,0.25336391354681914,0.36289178560121943,-0.3427280811288156
1786167437.1777332,4.148459305362606,0.9918459100960239,0.24672599459573816,0.38000950070821105,-0.3234895313851564
1786167437.1929255,4.153486794700263,0.993135563593233,0.2424742943097568,0.36773198382997485,-0.2798594421979044
1786167437.2169652,4.161715726395377,0.9952077228808535,0.23856459829148569,0.3799914713043084,-0.16263466873171264
1786167437.2374825,4.168701573725866,0.9969401931005756,0.23586142364364743,0.37766313082538105,-0.1317506767468473
1786167437.2573867,4.175675729787279,0.9986460576803572,0.23266734869045608,0.3883688534001493,-0.1604729211881343
1786167437.2771728,4.182567439334293,1.0003087470643142,0.23006111395018417,0.38579900301523257,-0.1317203580722928
1786167437.297213,4.189709373855047,1.0020108546243562,0.22757148895044557,0.39449851508463224,-0.12423108791747689
1786167437.317021,4.196762330740197,1.0036718419364365,0.22515290161556847,0.39392975904225824,-0.12210267853905195
1786167437.336895,4.203774680599532,1.0053029833292482,0.22253539926301075,0.39012888077950986,-0.13170422259821793
1786167437.3572938,4.21132007089931,1.0070368409452453,0.2202413430693846,0.408756556142811,-0.11246004592329276
1786167437.377031,4.218487809449873,1.008669694027298,0.21909342739655957,0.4011576077715789,-0.0581598774907312
1786167437.3968549,4.226049525568779,1.0103849054418,0.21857549203627524,0.4212792845617065,-0.02612696012341809
1786167437.4168744,4.233509618927394,1.012072676198818,0.21811569176116316,0.4115067790041826,-0.02296758447389317
1786167437.4369853,4.241077309580234,1.013775625784285,0.21649722775274924,0.4154489023178154,-0.08047717352902047
1786167437.4568899,4.2486777517289065,1.015471291954831,0.2147685810695307,0.4214133097348478,-0.0868465335267034
1786167437.4771378,4.256221661731659,1.017138845645232,0.21292305652359944,0.4110250226489329,-0.09114630366551718
1786167437.4969301,4.264028059986356,1.0188478815921225,0.21107865586408872,0.43494283605563816,-0.09318770178628417
1786167437.5169032,4.271623152981051,1.0204982412968433,0.21008858266541314,0.4192119121234491,-0.049570481867640355
1786167437.5368702,4.279358118407843,1.022172035494601,0.20954605812552052,0.4269878039792829,-0.02717095151848125
1786167437.557335,4.2872463939955106,1.0238748034629936,0.20920785136919087,0.42482110883756585,-0.016526381439977922
1786167437.5779078,4.294893133972869,1.025519208866831,0.2081653890991655,0.4095845961857106,-0.05067162290693454
1786167437.596995,4.302287278008737,1.0271005021520234,0.20715876136002168,0.4267861851880697,-0.05273804932426256
1786167437.6169689,4.3097463577041815,1.0286879311810255,0.2063808407014098,0.4113483128380343,-0.03894714154529229
1786167437.6368182,4.3173323924514,1.030294412113811,0.20535473605256716,0.4208915761656519,-0.05169475140004501
1786167437.656998,4.324795485930327,1.0318658156540748,0.2042890225863564,0.40720002780210807,-0.052811037974735554
1786167437.677207,4.332367483076308,1.0334479654986348,0.20255478545296338,0.41242224621076373,-0.08581477467219073
1786167437.696908,4.339585258691488,1.03494281309552,0.20107333410311298,0.4031339175828292,-0.07519674366447497
1786167437.7168362,4.346731868872604,1.0364112345722545,0.19970152830468224,0.3944930121987568,-0.06883735775056754
1786167437.736809,4.3541833897522375,1.037930841271448,0.19839165845694517,0.4102941389505175,-0.06558268087001683
1786167437.7570548,4.361491501741213,1.0394097843314591,0.1969766034195546,0.39686296703247037,-0.06989379044887825
1786167437.7769475,4.368875584705362,1.0408898755947291,0.1950148946383098,0.4079691011535014,-0.09861454273946825
1786167437.7969165,4.376102189488997,1.0423237937423762,0.19342779137878943,0.3976042067148851,-0.07947840811188732
1786167437.8169851,4.383512930878362,1.0437802704779267,0.19170509335497912,0.40557965984264016,-0.0858402738619967
1786167437.8368945,4.390739743888623,1.0451863961845094,0.18997433585719217,0.398544651497955,-0.08693175455653314
1786167437.857068,4.398120617152594,1.0466064578547811,0.18787699815881134,0.4015642799207714,-0.10396473275899336
1786167437.8771234,4.405238717810744,1.0479612188037024,0.18632515184765755,0.38941749032645817,-0.07737838738745194
1786167437.8969326,4.4122576481702644,1.0492858679764314,0.1850666154695642,0.3886592713597064,-0.063532775254343
1786167437.9174721,4.419734445364744,1.0506842580711062,0.1833467676469644,0.3991823452296636,-0.08373358485556143
1786167437.9368398,4.42653992549924,1.051944578699244,0.18182719128373173,0.38521030837584236,-0.07845933006637827
1786167437.9569738,4.433836438246166,1.053283265403119,0.18031273513082335,0.397176191116557,-0.07521894538613437
1786167437.9768422,4.440867629090934,1.0545640774364555,0.1795371729816182,0.3877695484827433,-0.039035008815844645
1786167437.996813,4.4481126176863865,1.0558751859389206,0.17822647117827772,0.3974345052534369,-0.06563060284320589
1786167438.0167737,4.455318264344763,1.057167407265566,0.1766611289268719,0.3953782859129239,-0.07842143866461698
1786167438.036926,4.462769653730201,1.0584881955993015,0.174544775927361,0.4048427164126328,-0.10501777996167565
1786167438.0568836,4.470101264957272,1.059773116268088,0.1731289970574705,0.40209981295629693,-0.0709395395553237
1786167438.0767376,4.477327268086866,1.0610292275284674,0.17203752396599387,0.3982870372411657,-0.054974781486092514
1786167438.0968068,4.484843530326982,1.0623255868572514,0.1707426762882253,0.4097625602400002,-0.0645193973847115
1786167438.116804,4.492151304625306,1.063576724790304,0.16981386616479127,0.3997552093973241,-0.046447194791709626
1786167438.1368072,4.499762009306076,1.0648702817922433,0.1685663556938087,0.4161206785392009,-0.062365174713754266
1786167438.1570213,4.5072885287276705,1.0661392518478319,0.16741269160936234,0.40714520724026887,-0.05707230001002308
1786167438.1770175,4.514877480912668,1.067409107371977,0.16633594732051746,0.4149192506501327,-0.05384753639774719
1786167438.1970978,4.5224968212586125,1.0686761207225588,0.16559691386214703,0.41477205764822633,-0.03680385394223663
1786167438.2170203,4.529814728819508,1.069886360742626,0.16475658780252952,0.401466370532136,-0.04217976033266574
1786167438.2370672,4.537491494482892,1.0711453514692848,0.16316484594457778,0.4184562229514977,-0.07940070218444276
1786167438.256942,4.544753084332668,1.0723224134467517,0.16137362245292322,0.3991455290509587,-0.09012530866881104
1786167438.277281,4.55247501907399,1.073558914794208,0.15967173622528053,0.4146475368516378,-0.08367595315968814
1786167438.2971432,4.559816711191252,1.0747219119422697,0.15832630895284525,0.40359770524578914,-0.06773816428775543
1786167438.3169897,4.567286601685269,1.0758916001705432,0.15643280093156361,0.410868064334873,-0.09540794632149258
1786167438.3369865,4.574680998351852,1.0770350002598825,0.15484392361227955,0.4035488244562779,-0.07945625524045001
1786167438.3569858,4.5820768447566005,1.0781687976160372,0.15408572955898947,0.403507931183208,-0.03791109462573931
1786167438.3770666,4.589420294283513,1.079288854515084,0.15349523645069751,0.39898106643000036,-0.029405848691972592
1786167438.397426,4.596758719783073,1.080402384918859,0.15272261292621325,0.3932137035380213,-0.03794945650391059
1786167438.4125364,4.602362707426487,1.0812471175827578,0.15173130165471965,0.4045287127093754,-0.06560416597668936
1786167438.4372132,4.611193525906599,1.0825671741366778,0.1505053998636896,0.3902758532457331,-0.04967831332461646
1786167438.4573374,4.61864027568948,1.0836721651453227,0.1498067818741478,0.40350224143627583,-0.034715322520728724
1786167438.477136,4.625819582846584,1.0847313338946032,0.1490134164203647,0.395366415766247,-0.04007196320208359
1786167438.4971194,4.633224155547633,1.0858156917749207,0.14789395948256615,0.4039404083075748,-0.056018978393837314
1786167438.5169678,4.640213594078783,1.0868298661395486,0.14663258137017712,0.38382511674250935,-0.06355078993760803
1786167438.5367877,4.647467918171123,1.0878713382645355,0.14516298198015373,0.39886458983282164,-0.07414738906030868
1786167438.5569525,4.654728981675861,1.088902552594067,0.1438821369779329,0.3923340516154373,-0.06351908102906108
1786167438.5769885,4.6618688925098635,1.089908228920115,0.14310006520220034,0.38821103309172145,-0.03903336360462843
1786167438.597113,4.669027588963628,1.0909088853016602,0.14199291761400995,0.38747094457889036,-0.05501508811649752
1786167438.617135,4.676002162300473,1.0918748681364987,0.14082680629981714,0.3793746745928546,-0.0582410525198463
1786167438.63696,4.683142875875701,1.0928517156211897,0.13895508479994872,0.39219475137114956,-0.09441226878227908
1786167438.6568854,4.689979589675928,1.093774258162924,0.13749701586240753,0.373524178644398,-0.07317655674685349
1786167438.6769297,4.697266104336087,1.0947456577127805,0.13605324709819874,0.3956611432878372,-0.07202879796836076
1786167438.697089,4.704233553692654,1.0956644522483054,0.13492185654960173,0.3761163239132702,-0.05612266603049658
1786167438.7171195,4.711376100210842,1.0965978618116627,0.1339479426229905,0.38799405716620644,-0.048621552098949986
1786167438.7371464,4.7183200420475755,1.0974961341868974,0.1325680528446635,0.37721647408122705,-0.06890173950637572
1786167438.7569323,4.725330137219648,1.0983917996652,0.13109998721836172,0.38538069932582475,-0.07419763735311248
1786167438.7769444,4.732280641137425,1.0992700078317037,0.13004092721857144,0.37772543738184533,-0.052920876292463004
1786167438.7969544,4.739268796091981,1.1001448103165492,0.12902476464231818,0.37976379740703736,-0.050782751384868756
1786167438.816911,4.746165750631512,1.100999671285779,0.12784094406968446,0.3757603343009152,-0.05931978594905824
1786167438.837208,4.75329150148317,1.1018747024627884,0.12698332172761084,0.38166652098638676,-0.04225354531608205
1786167438.8569205,4.760127540851275,1.1027067523557887,0.12591906682659554,0.3769644348126135,-0.05398897663701112
1786167438.8769908,4.767166719433758,1.1035533887211333,0.12440820308939293,0.381187317874835,-0.07527852860388863
1786167438.8969157,4.77407008956358,1.1043726642827907,0.12305651627276969,0.376499256841129,-0.06783914781096483
1786167438.9169514,4.781137330379435,1.1052030010521752,0.12229542729014084,0.38325713108137954,-0.037986560095627245
1786167438.9369688,4.7882316715335,1.1060289076673842,0.12115133993456054,0.3850376700921696,-0.057154684689668195
1786167438.9569762,4.795192883643475,1.1068295793348832,0.1197941649089008,0.3779482451541877,-0.06783374809424463
1786167438.9769201,4.802469735505569,1.1076564823438722,0.11867635626973534,0.3962873355148646,-0.05604749789585622
1786167438.9975204,4.8097132067965775,1.108471750457687,0.1178717690035815,0.38186036573622373,-0.03905702963726294
1786167439.0170717,4.816948684646771,1.1092792000790739,0.11698464824681541,0.40186809050571787,-0.04537405661415361
1786167439.037159,4.824139541691227,1.1100760535502292,0.11650018767277168,0.3887040668702909,-0.02411782418879042
1786167439.0574188,4.831618493570868,1.1109003543183156,0.11594773164776165,0.40080968155575875,-0.027268505407687674
1786167439.0773802,4.83885686531138,1.11169272610668,0.1151902443820596,0.39368943221836505,-0.03794768368070259
1786167439.0973167,4.846191719206295,1.112486555559985,0.1137332768755259,0.39938645605645073,-0.07308017986754704
1786167439.1172042,4.853488606094988,1.1132624241843871,0.11177136358085174,0.3982301528647327,-0.09865083534544582
1786167439.1369445,4.860582318113574,1.114002227213836,0.11005466899006447,0.38995435321600386,-0.0869637666692924
1786167439.157599,4.86831608123175,1.1147914901367932,0.10773167625162397,0.4062428923312497,-0.11246941319864613
1786167439.1770184,4.875250135146696,1.1154844537192437,0.10622888072782116,0.38732792992258924,-0.07738617422337665
1786167439.1972525,4.882728809260085,1.1162213010903599,0.1052029294125444,0.40088170654198857,-0.0507040545962033
1786167439.2167678,4.889722486219705,1.1169045960821014,0.10477383848961763,0.3886657398682524,-0.02198743814393404
1786167439.2371821,4.897295934350764,1.1176410337199143,0.10441300571300964,0.40233383809218604,-0.01767544564909336
1786167439.2574549,4.904561341124311,1.1183414386063713,0.10329778779518163,0.3886385254692839,-0.05501073707653452
1786167439.2780411,4.912197415747054,1.119067436050873,0.10203478455095029,0.4022013271426826,-0.061351781334095246
1786167439.2971015,4.918869261017097,1.119693740088438,0.10114804564579788,0.3795095710339221,-0.04652264102615927
1786167439.3173559,4.926233288399516,1.1203785036972844,0.10046577974752878,0.3941611820311249,-0.03368486794078747
1786167439.337741,4.933591131713343,1.12105618789515,0.09958345482308836,0.3912784811013336,-0.043282990372979536
1786167439.3572707,4.940499421597515,1.1216858305911062,0.09875837906044602,0.38343008810596513,-0.04224697330802861
1786167439.3770354,4.947833366606091,1.122350864651234,0.09878800293525761,0.4022039975499054,0.0014988303431611374
1786167439.397111,4.9549645265549165,1.1230010788897389,0.0997363973568135,0.38504156679278423,0.04724124456265891
1786167439.416984,4.962374807451326,1.1236930040454993,0.10287834825042956,0.4042582024903415,0.15810035752210333
1786167439.437325,4.96944433270651,1.1243831960038584,0.10760897556248335,0.37693147270416405,0.23256703382081256
1786167439.4569066,4.976708463398413,1.1251320661003583,0.11295752943102844,0.40251744186462757,0.27314242959484464
1786167439.4771826,4.983702777330316,1.1259004640235448,0.12007042367397497,0.37452469896315,0.3508024172753821
1786167439.496971,4.990791124093484,1.1267351379298327,0.12745595301574306,0.3892195752970346,0.37322773151516075
1786167439.5170076,4.9975310998307965,1.1275800344050224,0.1340146467196602,0.36579549509779585,0.32733406993234737
1786167439.5372877,5.004575385106275,1.1285118408917487,0.14013545670406743,0.3780152972728472,0.30181326108133233
1786167439.5570235,5.011193594052781,1.129428996448359,0.14554442521262348,0.3652171181587274,0.27406869278444246
1786167439.5772712,5.018277702019756,1.1304563220075992,0.15189296099666352,0.38134707968787984,0.31354358590688725
1786167439.597405,5.0251804361091335,1.1315088880459163,0.15914891748604482,0.37404843871795507,0.3603880223955602
1786167439.6175086,5.032303192331704,1.1326526797486023,0.1666091735462233,0.38697472514401027,0.37108883711330226
1786167439.6371915,5.039218408702533,1.1338116607605555,0.17187921726200944,0.3841161582988826,0.26774753424701636
1786167439.6569855,5.046183793395236,1.1350177131738466,0.17667301733142668,0.38504779453822563,0.242184659564418
1786167439.6773798,5.053458186225005,1.1363099621076318,0.18002667848040896,0.3905600787338233,0.16444089749615243
1786167439.6970856,5.060247036884091,1.1375350883262305,0.1817967163544552,0.3773928344190716,0.08982331867666425
1786167439.71727,5.067440158692212,1.1388416949414522,0.18221311446392502,0.3904595040736452,0.02062982383611483
1786167439.737371,5.074326825624896,1.1400876341529271,0.18054960593555575,0.37532893226008446,-0.08275721117985173
1786167439.7569711,5.081380362470689,1.1413494227240821,0.17861573447098716,0.394122842709112,-0.0986661414118388
1786167439.7769532,5.088332948396331,1.142579723042043,0.17713277942462827,0.38094270240564515,-0.07421417573783104
1786167439.7975783,5.095710082483583,1.1438753508803827,0.17628402399318036,0.3915230354068082,-0.04115155015887124
1786167439.8169594,5.102535853555463,1.1450669759057606,0.17530021201341894,0.38545268399576366,-0.05076155150647389
1786167439.8372097,5.109746030418941,1.1463160451077419,0.1739274364073321,0.38960324358128395,-0.06779031524574376
1786167439.8573585,5.116829207978611,1.1475325376959222,0.17266848789826816,0.3845839923273092,-0.06248269751935808
1786167439.8775952,5.124113091173161,1.1487740273843998,0.17164186094714207,0.39368587966767254,-0.05073087015181453
1786167439.896999,5.131153084613852,1.1499635293310135,0.17005828438195109,0.39675290999027063,-0.08161210937748647
1786167439.9174056,5.138458132993543,1.1511866223154006,0.16893590303676734,0.39136750753827315,-0.05500056740851565
1786167439.9369445,5.14566830499371,1.1523843216362626,0.16773724268239384,0.40336461354868786,-0.0613474462977114
1786167439.9574482,5.1530589681833145,1.1536024166391408,0.16665340403718287,0.3939314174601981,-0.052860484016826595
1786167439.9726982,5.158673718233677,1.1545209173736146,0.16557159004851363,0.40230550380901314,-0.07093877303959227
1786167439.997416,5.167603082264366,1.1559674700513873,0.16384376453206115,0.3946456672771384,-0.06990205331094182
1786167440.016944,5.1747486394432745,1.1571113328219362,0.16216705038081533,0.39963193817910697,-0.08586243830033219
1786167440.0369246,5.181936786225403,1.158248892017168,0.16059994596292745,0.39280494745469025,-0.07843102832008515
1786167440.0571537,5.189266744852711,1.1594000715885628,0.16004793360795724,0.39556988481943695,-0.027288031733602475
1786167440.076995,5.196202167784377,1.1604932955634317,0.16170363178859987,0.38162586552935535,0.08344750663136419
1786167440.097106,5.203343579902535,1.1616424145443762,0.16603884826985135,0.38786341958432563,0.21556354121039237
1786167440.1169794,5.210452625166813,1.162825513682317,0.17172030591404777,0.3910306338451292,0.28588279674744815
1786167440.1369336,5.217397211537171,1.1640319973764994,0.17927342850054898,0.38084899872630396,0.3785228603848837
1786167440.1569877,5.224608682936777,1.165347829819073,0.18748487561508845,0.39404751854919223,0.4094647138765868
1786167440.1773934,5.231650055570726,1.1666987339713402,0.19616521410819468,0.37869935264460547,0.4253864848225137
1786167440.1980414,5.239184202591248,1.1682160767604546,0.20459838963826632,0.40109958827857833,0.4084257292790372
1786167440.2170866,5.24589106031176,1.169627634689192,0.21237595577535145,0.38773314733128716,0.4083759186670246
1786167440.236938,5.253039666232401,1.171196598969431,0.22065268114638995,0.39714813834346185,0.41693311952065404
1786167440.2569468,5.260002665771223,1.1727897803598375,0.22893012538337443,0.3844854748481929,0.4136901382572239
1786167440.2769814,5.267076843634975,1.1744647356397369,0.23474300599103015,0.39074369795674796,0.29014278521275455
1786167440.2969384,5.273963470554847,1.1761322004524322,0.23840681999791494,0.38228118143129236,0.18358480568098878
1786167440.317003,5.281000695632877,1.1778619538564359,0.24123590121564797,0.3888451028050282,0.14099868897254564
1786167440.3370883,5.287901936369492,1.1795896500608547,0.2464209238831847,0.38130438077154666,0.2581496761139071
1786167440.3569653,5.294851886052329,1.1813764444726302,0.2530772368852126,0.3885878370577786,0.33487585761853955
1786167440.3770602,5.301979709850241,1.1832588136360007,0.25865104809192446,0.39482250304463307,0.27737481182141704
1786167440.397051,5.3088972970969825,1.1851211693974073,0.26204448292512267,0.3856169652367771,0.1697487989531351
1786167440.4169908,5.316183850953323,1.1871026389860946,0.26341294504895024,0.4074823619069284,0.06863015986295547
1786167440.4369862,5.323218166842562,1.1890207812228117,0.2633995794440108,0.39234666931966944,-0.0006684322827783405
1786167440.4568505,5.330479588088242,1.1909957014998473,0.26224475141532505,0.40762071243693154,-0.05813579245566823
1786167440.4771883,5.337702302739553,1.1929448544525652,0.259804922440642,0.3958167770276993,-0.11996511761402065
1786167440.4972944,5.345020544023212,1.194899601914123,0.2575221237779782,0.40541981630609125,-0.113537744862574
1786167440.5168822,5.352032846859705,1.1967569679737347,0.2559862553453438,0.39854989859852186,-0.07840961951473562
1786167440.537185,5.359267418159407,1.1986609294045159,0.25463207747263106,0.3965509215881946,-0.06669915999143401
1786167440.5570707,5.366431698012379,1.2005344070019002,0.253136557492107,0.4007832381625313,-0.07520550357154614
1786167440.577322,5.37342983258627,1.2023503259489126,0.2511808433815185,0.3842515420927618,-0.096572398362344
1786167440.597855,5.380915866363314,1.2042735149847301,0.24869643193057964,0.4051696211941119,-0.12099552827754667
1786167440.6170585,5.387610687956961,1.20597632802404,0.24678075344176553,0.38722018029763505,-0.0997571289136131
1786167440.6369944,5.394799989759181,1.207789654728626,0.2450478302105918,0.4003600441350431,-0.08692498941847933
1786167440.6570058,5.401795056163025,1.2095404533414253,0.24345663117031377,0.3879112666495151,-0.07951452926625903
1786167440.6734,5.407669774029439,1.2110001797561378,0.24192661226131848,0.3975110904633239,-0.09332719278198041
1786167440.6976275,5.416101362830343,1.2130776764073665,0.23987093752531985,0.3858854984554087,-0.08484840055795302
1786167440.7173452,5.4231418056213805,1.2147980980006574,0.2384296975909974,0.39574786660924083,-0.07309373922623816
1786167440.7370017,5.430122241555253,1.2164935877243153,0.23734873789790878,0.3934773447686172,-0.05499270501013266
1786167440.757219,5.437120225282042,1.2181856507799251,0.23655922408820357,0.38343335241455845,-0.039051167835348385
1786167440.7772665,5.444127941283126,1.219876544401651,0.23652408210742992,0.3871822179318955,-0.0017529422670714391
1786167440.7975001,5.45107457584911,1.2215556871139956,0.23737181635388319,0.3803091397458167,0.04189728679136259
1786167440.8170333,5.457668724324158,1.223163966121269,0.2403953982662157,0.37412659068444476,0.1547922774780779
1786167440.8374636,5.464393453737223,1.2248379020693891,0.24623410801792978,0.3651669833519147,0.28578641475129624
1786167440.8573449,5.470849291895676,1.226494950362753,0.253991100010628,0.36084983926209535,0.39016624146090817
1786167440.8771842,5.477206379547569,1.2281848515749259,0.26221750501765434,0.3568062285882707,0.4146522548020787
1786167440.8969796,5.483545430228407,1.2299224012810417,0.2683802795342698,0.35725750137285683,0.3113232861942741
1786167440.9174876,5.490070860187848,1.231757599717974,0.27459001289196755,0.35557649625906923,0.30279490636880135
1786167440.936909,5.496046860612732,1.233481170926837,0.2807802231320726,0.344450730181424,0.3187324122676878
1786167440.9570367,5.502464821883297,1.2353830821414533,0.28822577311614045,0.35763617406681386,0.3699142413159545
1786167440.97751,5.509020607905595,1.2373837513773647,0.2959083404700626,0.3599503939286638,0.37524918753508535
1786167440.9970207,5.5153056878352835,1.2393578288357516,0.30341700661257603,0.3629435112387856,0.38484772143862583
1786167441.0169663,5.52168782427715,1.241419210110081,0.3110079265259805,0.3613610034412538,0.3805807664117279
1786167441.0374982,5.528236458120112,1.2435947465799153,0.31897505325611153,0.36109928464702423,0.3880366421577058
1786167441.0573726,5.534617145292653,1.2457760369183983,0.3271953855501329,0.364450722506467,0.41361547789852426
1786167441.0771027,5.540924920066506,1.2479972889219086,0.3361336792390774,0.3639794582115963,0.45302850584521176
1786167441.0970016,5.547436746110512,1.2503648786352866,0.34614545931982066,0.3738062275797554,0.5031325542136752
1786167441.1170707,5.553796593660257,1.2527557247759924,0.356434514128227,0.36331980924967283,0.5126808560530087
1786167441.1369243,5.560321685548927,1.2552875700096586,0.3658739452699794,0.3782015576673477,0.47545205826179915
1786167441.1575406,5.5667048751080825,1.2578347829768792,0.374312783530184,0.35752107436536174,0.409328596525183
1786167441.1770952,5.57318065200116,1.2604853611943683,0.3823814434154045,0.38365290426980236,0.41262177121143867
1786167441.1972935,5.579456783207486,1.2631204922789412,0.39118739605095254,0.3612128419815362,0.43597396495538016
1786167441.2177978,5.586194673913927,1.2660222715091949,0.3995168142879466,0.38337246715729406,0.40622913953439344
1786167441.237158,5.592351062997378,1.268732765709822,0.4063289108023672,0.3721860204185266,0.3518589665261174
1786167441.256978,5.599057116091343,1.2717410144485266,0.412544503287259,0.3971402380546063,0.3136024397848164
1786167441.2772865,5.605548279227029,1.2747101850312847,0.4200799522646759,0.37631602696245675,0.37104911702013954
1786167441.2970877,5.61226505741703,1.2778553323699728,0.4292851850959019,0.4008963356912819,0.46488398695928573
1786167441.3190053,5.619396842233597,1.2812827202036443,0.4389594658558877,0.38625942769772775,0.44139362430496687
1786167441.3374112,5.625423862536701,1.2842474999848759,0.44649578168427545,0.3903063721672326,0.40945077233510624
1786167441.3570526,5.6319490297928425,1.287523814664459,0.45430833631824263,0.39747375707290816,0.39775957310416016
1786167441.3769858,5.638364855990126,1.2908120707103221,0.4620662852118622,0.3865904898671508,0.3891969006567016
1786167441.397108,5.645267006578528,1.2944230710547464,0.4700927668257883,0.413646123620006,0.39888510455357107
1786167441.4172034,5.651766869948639,1.2978952085437914,0.4782567068999029,0.39170513950775837,0.4062601915931362
1786167441.4373116,5.658607602739526,1.3016271568752111,0.48664173869847993,0.4137983739339162,0.41699516733339526
1786167441.4569607,5.664957382444195,1.3051623498937928,0.49441526964011395,0.3948033655785608,0.3956190929043521
1786167441.4770353,5.6715853271176755,1.308924428123556,0.5021868592625381,0.4051008008295746,0.38713535124754966
1786167441.4970248,5.677879747364589,1.3125671909164796,0.5101797586265687,0.388076278064039,0.3998550818700746
1786167441.5169826,5.6841143366547495,1.3162452005919278,0.5179260163025858,0.38674570674458425,0.38813221464298064
1786167441.5369508,5.690257731991744,1.319940775462956,0.5263354606521558,0.38269852787746733,0.42114033017538033
1786167441.5573902,5.696444577619914,1.3237348317035644,0.5340284978714118,0.3783404676243742,0.3763829833647282
1786167441.5771704,5.702250840426645,1.3273591244575742,0.5412830534645916,0.3685758978221038,0.36675921535480305
1786167441.5970905,5.708049641331946,1.3310385808379581,0.5479734426782639,0.36709976388425647,0.3358610458338357
1786167441.6169682,5.7134833476105005,1.3345384105441302,0.5541186497666958,0.3461176174517926,0.3091512440698763
1786167441.6369355,5.718904946983874,1.3380771796123019,0.5594406729940472,0.34505710788012356,0.2665367145944793
1786167441.656887,5.724060772600272,1.3414867640925157,0.5654587259109151,0.32960808377552187,0.30163286953659474
1786167441.6771173,5.729420044586681,1.3450803247997303,0.5715184719200554,0.339235758705309,0.299538218605593
1786167441.697037,5.734304996507074,1.3484013170825846,0.5775470458026337,0.3152998747580764,0.302644813821752
1786167441.7172158,5.739245404786246,1.3518057508151984,0.583439152480752,0.31605242445384846,0.2919949738699582
1786167441.7373888,5.74423155119314,1.3552877937062382,0.589351401787476,0.3203593975099176,0.29307628842469313
1786167441.7570965,5.749014906676452,1.3586715671406115,0.5949169846901852,0.3158411362207516,0.2824068065710649
1786167441.7772002,5.753877305581737,1.3621558588696137,0.6008728219201437,0.31601129235391123,0.29625587833356104
1786167441.7971025,5.758770943675678,1.3657107097927554,0.6071722894203585,0.32266484730776857,0.3165206973743454
1786167441.817025,5.763734698283202,1.3693678269519298,0.6136271609608912,0.32846328922570583,0.3239991565675669
1786167441.836955,5.768609864477925,1.3730108682468727,0.6199992491643457,0.3239952400902782,0.31972144844786027
1786167441.857255,5.773788199291004,1.3769362667662088,0.6266637384096326,0.33951369033262024,0.32830139410250636
1786167441.8769102,5.77842101792986,1.3804998697086504,0.6333660592440025,0.3152941119868823,0.3409943120436805
1786167441.8970788,5.783576639582498,1.384526432185608,0.6406322852954344,0.3437762536613935,0.3602752118074185
1786167441.9169004,5.788377382921076,1.3883325431090896,0.6472022148720464,0.32747025691217896,0.3314523070425386
1786167441.937031,5.793417733756505,1.3923858497732664,0.6537897444890218,0.3402969503572304,0.32723904851834745
1786167441.9569726,5.7982460314965145,1.3963216869795807,0.6598048604996785,0.33073196032500746,0.30163705771046817
1786167441.9769492,5.8032300511403285,1.4004388302591149,0.6661719112068477,0.34251276366116545,0.3187251903528329
1786167441.9974122,5.808257611539631,1.4046484595751672,0.672432135175508,0.33904538350521396,0.30592909578048416
1786167442.0170007,5.812956038346956,1.408632783740854,0.6780696130913598,0.33263660313821086,0.28779571777469604
1786167442.0370169,5.817761474338599,1.412754983295628,0.6832332926884296,0.3344591274539146,0.25797510528036677
1786167442.0571115,5.82262461839519,1.4169766425881303,0.6892737742493503,0.3387664950347761,0.3006017343105513
1786167442.077158,5.827420360383343,1.4211952309788136,0.6957053639075562,0.33668028662066746,0.32083398425056153
1786167442.0970597,5.832120125248577,1.4253875668341582,0.702471954694611,0.3342657116846672,0.33999974608269773
1786167442.117174,5.836960456997512,1.429771500008627,0.7101042087595804,0.3428121477344735,0.3794463788741517
1786167442.137312,5.841754534697601,1.434183466163708,0.7176166940439047,0.34145890460540684,0.3730497493397512
1786167442.157125,5.846397843543344,1.4385216612578422,0.7244378565022631,0.33835913473184526,0.3442760581423158
1786167442.177158,5.851145789670594,1.4430201303439452,0.7309297536494056,0.34430704808615487,0.32405819901039296
1786167442.1974087,5.855984499135718,1.447670175544756,0.7379670816310442,0.3493418252807774,0.34751277891494275
1786167442.21698,5.860360296525237,1.4519358151881214,0.7445375430374254,0.3290193355577178,0.33571913749427645
1786167442.2370255,5.865042649801325,1.456566870753213,0.751780970387546,0.34605218596404774,0.361348957602201
1786167442.2570949,5.869408912005692,1.4609471460312882,0.7581120941625585,0.32446852948588734,0.31546215443684295
1786167442.2772038,5.873943047439637,1.465557534689567,0.7646495426524441,0.33844678426873676,0.3251016249234811
1786167442.2970166,5.878298324030246,1.470047927438785,0.7713646369259258,0.3321745566447195,0.33892668886826194
1786167442.317064,5.882646812004571,1.4745928436277596,0.7776678965188455,0.3299717944002343,0.31441739815212333
1786167442.3370569,5.887050340197408,1.4792563508132484,0.783954532662914,0.33726087437075114,0.314444561219373
1786167442.357095,5.891388028716172,1.483910148066555,0.7900630293311948,0.3336381229641613,0.30484368095753017
1786167442.3769715,5.895655033433478,1.4885479805981594,0.7963551171734338,0.33306707641653144,0.3165594617245749
1786167442.3970845,5.899908738188506,1.493235041236733,0.803107540347088,0.33044786343906835,0.3357244609643257
1786167442.4170172,5.904057728486834,1.4978705615739945,0.8095656688575086,0.3275926792614061,0.3239959122024201
1786167442.4370372,5.908212580628496,1.5025756791291756,0.8159455390349268,0.32896534159590785,0.31867470530696884
1786167442.457115,5.912433923359301,1.507419261161272,0.8220448609133096,0.3356205984499443,0.30378580430091084
1786167442.477117,5.916291189315784,1.5119033344441755,0.8283536980293601,0.3100214979913694,0.31540831695808963
1786167442.4970438,5.9203450196331975,1.5166785386729722,0.8345553040586833,0.3294274687727456,0.3112195763913723
1786167442.5171385,5.924268976383653,1.521362008523579,0.840808330989497,0.3185269234549253,0.3111789550445461
1786167442.5370433,5.928096863807096,1.5259936327976769,0.8474474047925796,0.3161034604668909,0.3335404770630726
1786167442.5570076,5.931640127641478,1.5303390689001313,0.8535091521637626,0.2939700968478046,0.3036305919310949
1786167442.5771623,5.9353696133303435,1.5349704239303104,0.8592004445067258,0.30870149176122835,0.2823802003816175
1786167442.5971115,5.939103717543011,1.5396653174610004,0.8651316517683525,0.3145179624572026,0.29731557781207074
1786167442.6169097,5.942617332616201,1.5441387227298806,0.870932585185284,0.30039909859650393,0.29300190551986816
1786167442.6369042,5.946056618057126,1.548574470248453,0.8771951780889564,0.2933931481261352,0.31321582183137303
1786167442.6573484,5.94954667271294,1.5531369706066882,0.8835115081231619,0.29353792190607675,0.308955303592909
1786167442.677611,5.953067801294724,1.5578013017066734,0.8894485833294569,0.3011958483744362,0.2930048746418817
1786167442.6969259,5.956433482033118,1.5623199094942948,0.8959105803848116,0.30450924105144,0.3345625351461814
1786167442.7170594,5.959789154526045,1.5668915956100151,0.9029459626243251,0.2939005627629708,0.34943670355872636
1786167442.7370243,5.962989192832167,1.5713160981987147,0.9094539048398238,0.2852478997000573,0.3259686414482549
1786167442.7573955,5.966444583804184,1.5761610687597165,0.9157485300165813,0.3045413002344304,0.3089963081513328
1786167442.7771604,5.969660325222883,1.5807321863714388,0.9219182485322829,0.2946680023565451,0.3121553081939791
1786167442.7974174,5.973080893370278,1.5856639583218353,0.928609474719058,0.308621508167319,0.3303168019407713
1786167442.816978,5.976354961323999,1.590454618179641,0.9352165390578652,0.30885887582184657,0.3377745375536769
1786167442.837627,5.9798574199689725,1.595655938859287,0.941905827460292,0.3160392198884867,0.3239528577435333
1786167442.8573382,5.983030491601358,1.6004379278143226,0.9483533708775528,0.30286918736149865,0.32709957236396714
1786167442.8769445,5.986141803301248,1.6051951022749906,0.9547456110544463,0.30145699485309424,0.3260290453323499
1786167442.8971944,5.989398762911705,1.6102473813251807,0.9611108958564892,0.3085260750858954,0.31433747976484955
1786167442.9171054,5.9925130797515855,1.6151464881134234,0.9670511099793558,0.30290083243636395,0.29833755051783184
1786167442.937213,5.995713196680685,1.620252417002219,0.9735003734779553,0.3112128616268506,0.3207390788056245
1786167442.9571524,5.998848807764796,1.6253326683154952,0.9803629903987405,0.3107850395400017,0.3441733021010768
1786167442.9776819,6.002110217266086,1.6307016100443412,0.9872542559188515,0.3174722777256917,0.33567610689100474
1786167442.9970639,6.004971792956699,1.635485140757312,0.9935111780585524,0.2982457517690212,0.322821285190004
1786167443.0170264,6.008048941321167,1.6407061913533827,0.999935472190798,0.31469572125223255,0.32181732226652743
1786167443.0371442,6.010944658641165,1.6456964155627196,1.0066655688931971,0.29714645435463477,0.334535097407674
1786167443.0573773,6.013931295261764,1.6509267564114358,1.013435109124032,0.30828691156068777,0.33457661279637935
1786167443.0773406,6.0168287411247094,1.6560840088868873,1.020199299389472,0.3067308392212836,0.33883187177059665
1786167443.0970469,6.019663511353505,1.661212045788018,1.026813494702373,0.30764452742409376,0.33563948336054067
1786167443.116959,6.022623321868846,1.666653553112454,1.0334554503768874,0.32171882872548385,0.3335614029722761
1786167443.1371074,6.025313188514667,1.671676844732237,1.0395514986754588,0.2923476888111104,0.30255928152234984
1786167443.1570795,6.028050164407789,1.6768675333487486,1.0458929330744964,0.3035893656060872,0.3175148762146121
1786167443.1771784,6.030817965908295,1.6822025722514145,1.0525319621429932,0.30884260453005424,0.33031762586579255
1786167443.1971176,6.033431510398463,1.6873233812520274,1.058862508994547,0.29765769728782143,0.31749277159975214
1786167443.2173054,6.036201925061526,1.692840767515749,1.065337870309874,0.31556445573174896,0.32075529520656854
1786167443.2371323,6.038864015934152,1.698226006739322,1.0710424766250184,0.3125048880741554,0.28772069608027806
1786167443.2575731,6.041613394212897,1.7038751443208144,1.0773595533457139,0.3168785103038485,0.309042283290602
1786167443.2772355,6.0441653266457225,1.709204147998747,1.0834145863901612,0.3096698384975965,0.3079501554317727
1786167443.2974339,6.046733111374857,1.7146529762464653,1.0895053837005475,0.30718869253871495,0.30154932271939344
1786167443.3173819,6.04925186101211,1.7200858491401514,1.0956695819294864,0.3090897695620824,0.30901325821618736
1786167443.337405,6.051651374647678,1.7253517738090454,1.1023253757214488,0.29743289253189426,0.33240563595968925
1786167443.357518,6.054206504428272,1.7310604806567285,1.108798473213907,0.3198787626156362,0.32183663709112553
1786167443.3770626,6.056602389117051,1.736506527493998,1.1148382993406143,0.3130049174858169,0.30902784818183116
1786167443.3971572,6.058958414529583,1.7419564897224415,1.1213470867865376,0.30366836613097115,0.32390675722962614
1786167443.4170663,6.0611655429360045,1.74715622034184,1.1277948871767312,0.2914608517192972,0.32386126540675453
1786167443.43714,6.063278119485713,1.7522250264066572,1.1341454886298823,0.2808902602167495,0.31636502259466526
1786167443.4571047,6.06543623025075,1.7574998082571522,1.140590124801228,0.29297258975845936,0.32280163452697236
1786167443.4775593,6.0675870197800705,1.762855394842331,1.1468440148023298,0.2894410420036586,0.3057442430872042
1786167443.4974456,6.06956078619964,1.7678617453107535,1.15302915657351,0.2774732765519263,0.31102596687921097
1786167443.5174887,6.071509620340375,1.7729011350041404,1.1596686765464543,0.276282969321945,0.33126155543317687
1786167443.5373158,6.073332064331094,1.7777080560304002,1.1660246416019728,0.2656086699983664,0.3205691328413763
1786167443.5571623,6.075264576816571,1.7829009451213216,1.1716906198524106,0.28587262003752767,0.2854909209260204
1786167443.5771234,6.07716076250605,1.7880839120681253,1.1769213188173486,0.28299495136053543,0.2620443795783209
1786167443.5971727,6.07882273647614,1.7927055219248098,1.1825357993602121,0.25063253076706,0.28003327505088116
1786167443.6174498,6.0806480321317125,1.7978748484658675,1.1882807966180395,0.27650273368285244,0.2833254747730103
1786167443.6371381,6.082362280270698,1.8028202890622866,1.1938796391856559,0.2717743785281888,0.28437311879198435
1786167443.6571214,6.083979896344712,1.8075744793028892,1.1995186599232004,0.2567983178316505,0.2821867809912934
1786167443.6770508,6.085656073291715,1.8125954707196306,1.2052284732275786,0.27130206511407295,0.2865018875679749
1786167443.697083,6.087203581641097,1.8173221211682955,1.2109450580955239,0.2534943531253494,0.2853702619340597
1786167443.7171462,6.088885455544441,1.8225604764215473,1.216522851583843,0.2798664942968599,0.27801168779017976
1786167443.7370145,6.0904338583666835,1.8274778490914745,1.222024204597289,0.2647116757894809,0.27688994827691776
1786167443.7571437,6.091894751193014,1.8322118770814981,1.227832621356746,0.2509857626497293,0.28855670687280405
1786167443.777078,6.093477151684694,1.8374513978924059,1.2339054348364562,0.2798654212039359,0.3046432946920456
1786167443.7972379,6.095015816407198,1.8426634027697184,1.2401540172891765,0.27464012581842956,0.3099501445861913
1786167443.8171728,6.096375969222773,1.8473765528364574,1.245970043269867,0.2505981901497202,0.2917510558754553
1786167443.8370569,6.097857306149314,1.8526276453798995,1.2520063810840547,0.27931237274293125,0.3035759692973471
1786167443.8570273,6.099267891114622,1.8577478397067941,1.2580895442966673,0.2705880778096149,0.3046087222763858
1786167443.8772426,6.10074760956333,1.8632534566656773,1.2643992571390683,0.28681088264331156,0.31212602830241215
1786167443.8970428,6.102121885489376,1.868500647428464,1.2707686273364787,0.27847362663946124,0.3216823390867749
1786167443.9170892,6.10343892724307,1.873664591797626,1.2771311796352436,0.27011123655394204,0.3173901185394988
1786167443.9371963,6.104772198310897,1.8790317988459355,1.2831280958259383,0.2793301171242816,0.29824971324238214
1786167443.957171,6.106097225012707,1.8845023612526417,1.288724316053257,0.286060959434508,0.2801653006006538
1786167443.9775755,6.107470379051783,1.8903169368722006,1.2944852833709914,0.2971113631841199,0.28233700927337807
1786167443.9971654,6.108707982503381,1.8957011462849658,1.3005788764384798,0.2860370410424736,0.3110578801126654
1786167444.0171034,6.109881566355745,1.9009568077961327,1.3068647951672063,0.27381948138339446,0.3152734085998779
1786167444.0371125,6.110990734323593,1.9060741017147445,1.3129806349220572,0.26517630034481676,0.30565381949298637
1786167444.057084,6.112186227416016,1.911756276213427,1.3189382895011739,0.29448479095803537,0.29830618778048
1786167444.0769167,6.113311350713712,1.9172722750000686,1.3252131134532654,0.2873781157288059,0.3163891998648136
1786167444.0968785,6.114384921920456,1.9227035344429992,1.3309967068056485,0.280663038180863,0.28973256494126953
1786167444.117016,6.115394000700052,1.9279684729433566,1.3367230967051917,0.26927506513271515,0.2843638049940683
1786167444.1373172,6.116402978317855,1.9334022130360367,1.342474821874551,0.2752517016375477,0.2833208127487609
1786167444.1573746,6.117419001582979,1.9390465103294101,1.3476671093455406,0.2889824297936618,0.258870898863858
1786167444.1770484,6.118418456189412,1.944771873732286,1.3529913202775747,0.2984520680094204,0.27062409667071624
1786167444.1969547,6.1193328933681395,1.9501879582738455,1.3587586692957752,0.27865112149778404,0.2897250674479803
1786167444.2170143,6.120169090179287,1.9553238617936357,1.36467602178621,0.26184765668160503,0.29498877080015556
1786167444.2372963,6.121073911267601,1.9610901429728114,1.3702290342356382,0.29037072793610474,0.2737897745205139
1786167444.2572305,6.121928643034536,1.9667328328342313,1.3752832198601181,0.28875431539466784,0.25354372660566693
1786167444.2772202,6.1227241017332155,1.9721774965048164,1.3807339516147288,0.27752013352340726,0.2726766217965717
1786167444.2972922,6.123508140224568,1.9777671932039738,1.3866993367471203,0.283392035097301,0.29719958571683985
1786167444.3171237,6.124215456849051,1.983029960740102,1.3922330791896493,0.26972439458969805,0.2790391572592866
1786167444.337197,6.124972326667837,1.988896938175551,1.3973017812994457,0.2967411514370941,0.25250822545463286
1786167444.357535,6.1256942408723996,1.9947312742022172,1.4026101305136396,0.2909502854949132,0.26100876103408344
1786167444.3772395,6.126333309096291,2.0001305592514083,1.4078991538777754,0.27761991042828615,0.2684159358753345
1786167444.3974195,6.12698164121928,2.005891049427682,1.4140905249880418,0.288899180600705,0.30680748825361776
1786167444.4171107,6.127554746294596,2.0112792223827225,1.420131040598148,0.27662258516043553,0.3067617389973481
1786167444.4371035,6.128147261562707,2.017163595309357,1.4253285150882575,0.29724224498999596,0.2599669438533417
1786167444.457305,6.128714545793778,2.023136629529647,1.4314841385203438,0.2983132856068725,0.304712041445191
1786167444.477202,6.129224276947722,2.028896574023612,1.4382035653337883,0.29176053800267815,0.3377108198688774
1786167444.49767,6.129705773505334,2.034785967401866,1.444897632652184,0.2896850831912772,0.3270504412377275
1786167444.5171535,6.130113471643276,2.040209572189656,1.4513313018367195,0.2799722077693876,0.3302100391014949
1786167444.5374143,6.130523879052838,2.0461586383894947,1.4572457709969966,0.29504955344923345,0.2919167057757896
1786167444.5574324,6.1309027160697855,2.052126271425073,1.4623433481690953,0.29932748435597734,0.254648392406576
1786167444.5775826,6.131249291715172,2.058102899103302,1.4682471799377488,0.29759282022106087,0.29299144780386804
1786167444.5972903,6.1315448943142865,2.063771070495189,1.4740416768719504,0.2883531063193633,0.2940222800521484
1786167444.6173887,6.131802702399043,2.0693578918472384,1.4802928915794074,0.2784819559394111,0.3110297257659492
1786167444.6371174,6.1320337716994855,2.0751155345276238,1.4861148541559268,0.29216934761377766,0.29510176587405323
1786167444.6577072,6.132244862962576,2.081250067533474,1.4917965976962144,0.29808381120574595,0.2759490465261968
1786167444.6774714,6.132419395299825,2.0873029650267956,1.4973353214385394,0.30622229400620254,0.28024043267342974
1786167444.6971598,6.132558906945667,2.09328454000416,1.5028945531943492,0.3036108090330993,0.28236122973541106
1786167444.7172592,6.132659342865813,2.098963901217882,1.508696710118542,0.28222454591333257,0.2886731195303712
1786167444.7373152,6.132729458025947,2.10492983885504,1.514850645624001,0.2969494005216393,0.3068374877413407
1786167444.7580175,6.132765107257805,2.1107218597842174,1.5199885921226926,0.2791613874826123,0.24818165597068972
1786167444.7770913,6.132775471430828,2.1164139406729228,1.5236061353438872,0.2976684300096753,0.1896610792718942
1786167444.7970793,6.132767318469803,2.121995750595858,1.5266291306506992,0.27848069769270645,0.15124005567228502
1786167444.8173616,6.13274544657488,2.1271775997231646,1.529197889088029,0.2547258215520151,0.12665045008492756
1786167444.8372698,6.132707187700841,2.1326630260477057,1.5322085216226577,0.27466347229039023,0.15122583061909178
1786167444.8576114,6.132649659420276,2.138384538771599,1.5354368158033207,0.28032318775714665,0.15870377284227888
1786167444.8772185,6.132586492244105,2.143213573333821,1.538337113506207,0.24541380790235953,0.1479210371897171
1786167444.897221,6.132497475537198,2.148771501941228,1.5413834928359649,0.27682248608409943,0.1522991407120663
1786167444.9171543,6.132396067896747,2.1541187269849895,1.5443124208842705,0.26721013296270596,0.1469369976882183
1786167444.9371908,6.132280419479798,2.1593983834419563,1.5473415377947635,0.26243259091176,0.15118025171822166
1786167444.9573073,6.1321464762392495,2.1648427617764363,1.549783270776457,0.26950546698415834,0.12137920488354056
1786167444.977302,6.132004354381518,2.1702224181314462,1.5510386138622647,0.2679004777228046,0.06278367984089286
1786167444.9971352,6.131847460285036,2.1759008052444013,1.5522639492544543,0.28506531186697,0.06178238089105057
1786167445.0171316,6.1316807945649066,2.1817135508382455,1.5531801768488893,0.28941310972294615,0.04581961660463568
1786167445.037262,6.131500838259127,2.187791785036313,1.554189160197109,0.30060456840848854,0.05012237979665534
1786167445.057703,6.131313585701067,2.1938779270225544,1.5555617967781126,0.2964059963019975,0.067150964615219
1786167445.0771394,6.1311238623819735,2.1998043144169337,1.5567432538037145,0.3035289364093087,0.060785921938995596
1786167445.0971184,6.130925868195641,2.2058640595070473,1.556935995964092,0.3019211632221988,0.009647237574151748
1786167445.117129,6.130718605692679,2.2122198492604537,1.556661139263528,0.3161703432281589,-0.013735479841798928
1786167445.1371267,6.130509006082255,2.2187126239059207,1.5563230784226703,0.3232009197885094,-0.01690507340662253
1786167445.1575966,6.130295971898819,2.225362221037771,1.5562169108061583,0.3233732385209554,-0.005186522457171333
1786167445.17731,6.130088548033558,2.2318647038805954,1.5560940328541195,0.3283558250772473,-0.006233219071989191
1786167445.1971707,6.129880171823876,2.238442426743153,1.555822236918976,0.32969411583462954,-0.013685082926651224
1786167445.2174354,6.129667134042366,2.2452894603919993,1.555005737673986,0.3363609440895854,-0.04029184960773907
1786167445.23776,6.129460410147488,2.2521294893032433,1.5540784613884036,0.33503657760967953,-0.04562310709604376
1786167445.2575088,6.129262023550086,2.2588594992212974,1.5535564530788721,0.3392738825912142,-0.02643255674981972
1786167445.2772965,6.129067447784832,2.2655745774913405,1.5531176238796114,0.33785987974399073,-0.022176768347583233
1786167445.2973847,6.128868510539413,2.272554537502268,1.5526513384523561,0.345942727803474,-0.02321191170574272
1786167445.3170614,6.1286768349323735,2.2793831737155275,1.5522993789034527,0.3455277071288652,-0.01788713611782085
1786167445.3369522,6.128483483946735,2.286351982702225,1.552049779241001,0.348830149010878,-0.012548507247203206
1786167445.357052,6.1282910278942415,2.2934044005484555,1.5514335960875734,0.34935041213285106,-0.03065606387703874
1786167445.3775086,6.128092597817188,2.3008574492309957,1.5507639184681172,0.362770415635352,-0.03273658253394414
1786167445.3971374,6.127909363738021,2.3079197566751493,1.5501210099092786,0.3582599034725582,-0.03275339114980568
1786167445.4171708,6.127725048823068,2.315212468389713,1.5494651651207847,0.36248830674496957,-0.032737633824750687
1786167445.4371567,6.127548182608691,2.3224125225982046,1.5487467239244925,0.35874488908943636,-0.03594737713832413
1786167445.4573078,6.1273686135752925,2.3299271528759826,1.548173554806178,0.3713612404576067,-0.028443510714883206
1786167445.47712,6.127197777841256,2.3372546456096637,1.5476309095719936,0.36832067342182184,-0.027389577081532265
1786167445.4971128,6.1270274811408765,2.3447766160081107,1.5468708126187471,0.37469147244868084,-0.038018480387683164
1786167445.517198,6.126864275770746,2.3521865168018965,1.5464489935900714,0.36742071955608124,-0.02100134418178856
1786167445.5372057,6.12669909487281,2.3597226296534743,1.546711410542188,0.37513270446849784,0.013115856811770148
1786167445.5571272,6.126530851634707,2.367285532207558,1.5471639132755752,0.37808625471334184,0.022714243266955123
1786167445.5770636,6.126365216028892,2.374745418187058,1.5466819006074028,0.37266053475858435,-0.02417761109515383
1786167445.597172,6.126206059723095,2.382154183039918,1.5457668817325425,0.36695238444544703,-0.045504171481272844
1786167445.6169636,6.126055085166368,2.3894109918465425,1.545372150493738,0.3651935755933389,-0.01994437929267903
1786167445.6370661,6.125907177304568,2.3967095609483033,1.5447353920004308,0.3616251878868624,-0.031675585837939196
1786167445.65702,6.125769317380126,2.403891103385501,1.5432741120175664,0.3584965068011101,-0.07323255800661965
1786167445.6770055,6.125642320042643,2.4111109614749173,1.5415551526006919,0.35987404891811425,-0.0860105977695752
1786167445.6969748,6.125531776447265,2.418224890984051,1.5391990441139838,0.3549240558667719,-0.11798697721065422
1786167445.7175505,6.125438003840134,2.425369665295276,1.5367487696891904,0.34600528779265644,-0.11908547781612862
1786167445.737087,6.125360486495332,2.432277469959158,1.5354216735768351,0.3523668429269011,-0.0679290782802011
1786167445.7570953,6.125293409886845,2.4391461045617686,1.5338699363895212,0.3421383720565571,-0.07755457503723291
1786167445.7768931,6.1252393235612885,2.4458483660451007,1.532060010910792,0.33743864272315177,-0.09142052644735926
1786167445.7969441,6.12519750013614,2.4525915021546627,1.5301626954318492,0.33525164122471274,-0.094624469709772
1786167445.817301,6.125164749780757,2.459548148087078,1.5291042678490612,0.3407048465835202,-0.05199357066625989
1786167445.8370101,6.1251417972991895,2.465718283591538,1.5282243906465545,0.31213881125603826,-0.04464317216247976
1786167445.8570576,6.125124107976908,2.4724339576219667,1.5269679965683414,0.3340294300650883,-0.06267109125081134
1786167445.877147,6.125115926396816,2.4789132367958313,1.5255154398656052,0.32163031718859797,-0.07230467699781534
1786167445.897854,6.125117206355233,2.4854604967673772,1.5240839080492805,0.31534325143966563,-0.06913231270825651
1786167445.9170253,6.125126939312759,2.4918264739838403,1.522882224167348,0.3312092678695076,-0.06268160070545904
1786167445.9372087,6.125147141259241,2.4985027464873686,1.5211224948056092,0.3299733550458723,-0.08718728841601331
1786167445.9576664,6.12517882685827,2.5053960598847294,1.5197751702306979,0.3361717968984784,-0.06585890093757092
1786167445.9772465,6.125212574099071,2.5118901976158257,1.519966179996633,0.3309159758011741,0.009755287979300309
1786167445.9989922,6.125241331227997,2.5194581162007483,1.5226351137175562,0.3471899673827244,0.12273396392206247
1786167446.0170925,6.125245324032353,2.5255565276892438,1.5263405589970203,0.3360397886746102,0.20471777388020582
1786167446.0372367,6.1252167669365445,2.5327850515930326,1.5319467373460456,0.35777672246175257,0.27830202357681416
1786167446.0571604,6.125150084638118,2.5395572507603066,1.5382541920997312,0.338766032259217,0.3165806991264739
1786167446.0775485,6.125032083037497,2.5468387709162377,1.5447968491335737,0.3558073099011555,0.3209052619182172
1786167446.0972228,6.124882533263256,2.553524685206874,1.550710954377095,0.33844184025755863,0.3006005244706837
1786167446.1176105,6.124682499405501,2.560565573139944,1.5570136484248962,0.3438383290028746,0.3091427502043035
1786167446.1376634,6.124452006046271,2.5672613791534684,1.5628702158711245,0.3323590011738073,0.29205574102326803
1786167446.1573493,6.124170997003447,2.574222049900144,1.5690404672323646,0.3518687868110023,0.3134337337917974
1786167446.177417,6.123869613274001,2.580712133230315,1.5751357120529124,0.32177958145221536,0.3037342251610147
1786167446.1971977,6.123516075727988,2.5874423322841493,1.5813557149886937,0.3384761272505833,0.3144490899110369
1786167446.2171285,6.123138187125946,2.593925614289158,1.5867725773455685,0.32356608285107086,0.27178294955368676
1786167446.2371032,6.122721796029946,2.600497881552298,1.5916058441688044,0.3272648168248859,0.2419693288346328
1786167446.25789,6.1222842006393385,2.6069981459649605,1.5947964429317787,0.31102392180325517,0.1534918582563411
1786167446.2770295,6.121855602724662,2.613151400804952,1.5963483986518479,0.31975526979160346,0.08108641434668903
1786167446.2972195,6.1213952718538085,2.619606540270095,1.5981789696440571,0.3179880649226845,0.09066720870669286
1786167446.3171546,6.1209408479695995,2.6258088779226543,1.6003255762815505,0.30943996677959307,0.1076795848310572
1786167446.3371053,6.120459507943541,2.6322742071975824,1.6006045713760775,0.3223102486003993,0.013984276114144083
1786167446.3570418,6.1200202823518275,2.638143045156298,1.601157266085772,0.2927804143648401,0.027722669596395882
1786167446.3770347,6.119530207147555,2.6446756725750484,1.6010110970916727,0.3249779455185922,-0.0073110713201980345
1786167446.3970642,6.119080043753187,2.650746683071148,1.5994546779925078,0.301460144476529,-0.07770616418645662
1786167446.4172924,6.118623213598846,2.657036929622195,1.597991157346172,0.30928007068909646,-0.07235070071789704
1786167446.437049,6.1181769071477055,2.6633084639555937,1.5965622309554248,0.31572158254536836,-0.07232669614935762
1786167446.4571202,6.11777816183017,2.669017337841398,1.5953860425512254,0.28289112423209706,-0.05860060258343978
1786167446.4773107,6.117327354250708,2.675589985885408,1.594076895174976,0.3237725903446216,-0.06483984267335068
1786167446.4972796,6.116920163816038,2.681648779530603,1.5926528386035073,0.3017727964789416,-0.07131341245925084
1786167446.5171793,6.116520751404928,2.6877225206143236,1.591212665068388,0.3035753152692712,-0.07237195973216749
1786167446.5381277,6.116158544448529,2.6933564329186717,1.5897384023391996,0.267497316386928,-0.0703758770609743
1786167446.558295,6.115909003741909,2.6973300042571653,1.5882492813882596,0.19597440708821548,-0.07383820353965223
1786167446.5776474,6.115713423813972,2.7005012055772797,1.5874982637635189,0.16299006794624826,-0.03880739469656868
1786167446.5971699,6.1154942932566465,2.704117695798526,1.5860975036181642,0.18426060308765968,-0.07175132665756613
1786167446.617444,6.11519979483717,2.709059863436431,1.5855110972764046,0.24247092603316348,-0.028923825966287352
1786167446.6324208,6.114998535694863,2.7124639968666813,1.585188677618367,0.22608793459579,-0.02152802683007743
1786167446.6576905,6.114588823331362,2.719385249791489,1.5856988743231524,0.27244036166955327,0.02019002047069164
1786167446.6774604,6.1142584414707635,2.7248193969641332,1.5884568401617964,0.27340384222142233,0.13950322775759202
1786167446.697089,6.113904059025096,2.7303461125847863,1.5924292336980574,0.2800532325989352,0.2023786087201729
1786167446.7172139,6.113493151968829,2.7363313008310355,1.597618060344836,0.2957944056221777,0.2578310195461515
1786167446.73712,6.113097845943292,2.7416667422564798,1.6034056499445428,0.2665786668543998,0.29074534336712465
1786167446.7570684,6.1126250196071705,2.7475674346795467,1.6098026430695662,0.2941991527166565,0.3206756764940621
1786167446.777032,6.112137345082591,2.753230256479297,1.6154804979757604,0.2821424233641044,0.28441175575306377
1786167446.797245,6.111590752425043,2.7591873158480986,1.621165582016988,0.29316185527204774,0.2812570268277412
1786167446.817258,6.110993530937313,2.765336223075655,1.6263049341217228,0.30566508095841893,0.2568025386025554
1786167446.8375425,6.11037053278841,2.7714206435169677,1.631772841060675,0.298447334269089,0.26955881459419945
1786167446.8580291,6.109687996898643,2.777729278939693,1.637972326682643,0.30645077717780866,0.30261183728237473
1786167446.8772259,6.109060189106663,2.783222030405398,1.6440457869824647,0.28481062349065106,0.3163796319955338
1786167446.8975215,6.108309146990049,2.789446358810844,1.6507495241659846,0.3053544389223387,0.330304627067952
1786167446.9172962,6.107577379575729,2.7952083688546847,1.6567534436261115,0.2902121502083786,0.3036165877827387
1786167446.937247,6.106793780099174,2.801109179255398,1.6623648774652988,0.294673517972009,0.28126266010323603
1786167446.9573815,6.105998308957629,2.8068902921229677,1.6663757709715517,0.2861475304467846,0.19920552607281283
1786167446.9772866,6.105989108969956,2.8069553807788465,1.6698534990716465,0.003259608339725384,0.17471551457863582
1786167446.9971747,6.105503968211011,2.810321022394743,1.6719634330830684,0.1687254272497081,0.10608994166468937
1786167447.0170708,6.1050397286235345,2.813498248930535,1.67379796949868,0.15923902133637013,0.09220615250022789
1786167447.0371208,6.104529071652296,2.816969096958595,1.6740030954921203,0.17263133400351766,0.010230697949866922
1786167447.057471,6.1038894715918035,2.821336120040136,1.6725018382526358,0.21399074169128815,-0.07377106490070254
1786167447.0773146,6.1032165047578575,2.8259865393885195,1.6705532221961372,0.23366660539089384,-0.09819882398455648
1786167447.097423,6.102423570978674,2.831538528704739,1.6687744989258964,0.2752563680794537,-0.0884564580366061
1786167447.117555,6.101658003859006,2.8369539830998627,1.6677008843964591,0.2681492735527739,-0.05332921653829517
1786167447.1373055,6.100851492000685,2.8426929374564565,1.6671541326855717,0.2896365523941404,-0.02768279681291154
1786167447.15735,6.100017044166419,2.848653681590904,1.666663807111986,0.29640744326036045,-0.024461771491354766
1786167447.1771758,6.099171344321749,2.8547238787729503,1.6658626886196723,0.30516912047659445,-0.040408087268166304
1786167447.1972208,6.098365904944377,2.8605578475090723,1.6641974473803405,0.2900602197883247,-0.08307496867195398
1786167447.2172854,6.097516615150528,2.8667926759004816,1.6622328096076529,0.3096527293530576,-0.09791565845425973
1786167447.2372122,6.096681678710584,2.8729975977482813,1.6609397570253954,0.3102671718820917,-0.06489017119099852
1786167447.2579358,6.095838049702291,2.8793273057105147,1.6597269971334558,0.3043143845953443,-0.0585207678904047
1786167447.277248,6.095036389839905,2.885401843586526,1.6583711892308757,0.31336692052489373,-0.07020494202569474
1786167447.2971516,6.095019264911335,2.8855330006184396,1.6569510978397146,0.006564388294665158,-0.07134825474129818
1786167447.317248,6.095019264911335,2.8855330006184396,1.6553454881024814,0.0,-0.07989483270237714
1786167447.3374941,6.095019264911335,2.8855330006184396,1.6542886867491295,0.0,-0.05219795736555307
1786167447.3572953,6.095019264911335,2.8855330006184396,1.6557863217030653,0.0,0.07563377495825037
1786167447.3775122,6.095019264911335,2.8855330006184396,1.658586052291336,0.0,0.1384843766841204
1786167447.397184,6.095019264911335,2.8855330006184396,1.6618760720005297,0.0,0.16724651645697616
1786167447.4172823,6.095019264911335,2.8855330006184396,1.6657513112610693,0.0,0.19281286292173686
1786167447.437216,6.095019264911335,2.8855330006184396,1.6678535428274526,0.0,0.10546117916713783
1786167447.4573784,6.095019264911335,2.8855330006184396,1.6673380653557468,0.0,-0.025566346464760685
1786167447.4771457,6.095019264911335,2.8855330006184396,1.6668537454993408,0.0,-0.024501082028728992
1786167447.4977982,6.095019132034812,2.885533956394542,1.6653357208649262,4.6125468472995724e-05,-0.07350307419766233
1786167447.517221,6.094877698806031,2.886566340124525,1.662815327789367,0.052970228132594076,-0.12976486538256576
1786167447.5372736,6.094702953815322,2.887867329597913,1.6600004539922462,0.0646445566486473,-0.1403740048599813
1786167447.557666,6.0945079604892385,2.8893488279065016,1.6574426025978986,0.07237590837331905,-0.1254314915437416
1786167447.57732,6.094274761627819,2.89114340140213,1.6566746047709737,0.09095571662195846,-0.039075833777663035
1786167447.597625,6.094274761627819,2.89114340140213,1.6573451380982036,0.0,0.03302319751698255
1786167447.6175447,6.094274761627819,2.89114340140213,1.6578968497141278,0.0,0.02769687533682408
1786167447.637211,6.094274761627819,2.89114340140213,1.6579177996661423,0.0,0.0010652644360316954
1786167447.6574917,6.094274761627819,2.89114340140213,1.6577233618527412,0.0,-0.009587379924285258
1786167447.677277,6.094274761627819,2.89114340140213,1.658039512164528,0.0,0.01597896654047543
1786167447.6975381,6.094274761627819,2.89114340140213,1.6594855983045818,0.0,0.07137271721412358
1786167447.7173994,6.094274761627819,2.89114340140213,1.6614743988603935,0.0,0.10013485698697935
1786167447.7375028,6.094274761627819,2.89114340140213,1.6640656737815223,0.0,0.12889699675983513
1786167447.757128,6.094274761627819,2.89114340140213,1.6673270119150605,0.0,0.16618125202094447
1786167447.777474,6.094088013354028,2.8924593059713626,1.67066966428798,0.06447448216357116,0.1642909900552645
1786167447.797078,6.093883032267113,2.893875445584975,1.6729721011811867,0.07202573452109612,0.11744749493369641
1786167447.8176682,6.093640419382606,2.895529188651252,1.6745794374845735,0.0800924249428106,0.07806277166626992
1786167447.8376262,6.093152305627165,2.8988279292176333,1.6755059016303582,0.16483783013993158,0.04642064595055335
1786167447.857442,6.092610064637942,2.9024624081401136,1.6770392542152823,0.18293575568481285,0.07738075728654516
1786167447.8773851,6.092059242818535,2.9061272262299327,1.677732711104785,0.1832982686986538,0.03477153076547765
1786167447.897563,6.091655997335154,2.9088058050390826,1.6775492152842044,0.13241566918351974,-0.009093927288082605
1786167447.917279,6.09164801880378,2.908858952816209,1.6768983266707131,0.002688818218206046,-0.03301317752126585
1786167447.937322,6.09164801880378,2.908858952816209,1.6755959166105825,0.0,-0.06498113059793341
1786167447.9574845,6.09164801880378,2.908858952816209,1.674371643138488,0.0,-0.06072007285380663
1786167447.9775627,6.09164801880378,2.908858952816209,1.6738369288019976,0.0,-0.02663161090079238
1786167447.997231,6.09164801880378,2.908858952816209,1.6740464486404507,0.0,0.010652644360316953
1786167448.0171483,6.09164801880378,2.908858952816209,1.67374940871199,0.0,-0.014913702104443734
1786167448.037057,6.09164801880378,2.908858952816209,1.6731343768712228,0.0,-0.030892668644919165
1786167448.0571346,6.09164801880378,2.908858952816209,1.6728991081507014,0.0,-0.011717908796348648
1786167448.0775084,6.09164801880378,2.908858952816209,1.672855701136276,0.0,-0.0021305288720633907
1786167448.0976205,6.091451544115713,2.9102070852086004,1.6728821352786574,0.06683940175110932,0.0013143443160765719
1786167448.11761,6.091220921615921,2.9117906884901896,1.672653784693692,0.07899460758003932,-0.011423532023595714
1786167448.137332,6.090970138844679,2.913514368203114,1.6726181713178951,0.08714740167186556,-0.0018057703645668645
1786167448.157126,6.090579286849474,2.9161997922474776,1.672775750720857,0.13527879207253188,0.007960973237927738
1786167448.1774514,6.0899813889889804,2.920304445885602,1.6728776108552585,0.2013681142634187,0.005011464606419843
1786167448.1978204,6.0899813889889804,2.920304445885602,1.6731596904145283,0.0,0.01384843766841204
1786167448.2172668,6.0899813889889804,2.920304445885602,1.672683233234841,0.0,-0.024501082028728992
1786167448.2372937,6.0899813889889804,2.920304445885602,1.672555229426778,0.0,-0.006391586616190171
1786167448.2572875,6.0899813889889804,2.920304445885602,1.6722357494524882,0.0,-0.01597896654047543
1786167448.2774262,6.0899813889889804,2.920304445885602,1.6717852346867397,0.0,-0.022370553156665602
1786167448.297676,6.0899813889889804,2.920304445885602,1.6712675201694713,0.0,-0.025566346464760685
1786167448.317513,6.0899813889889804,2.920304445885602,1.6705490475755371,0.0,-0.03621899082507764
1786167448.337306,6.0899813889889804,2.920304445885602,1.6700219272061596,0.0,-0.02663161090079238
1786167448.3575535,6.0899812231463,2.9203056080867174,1.669741535844243,5.7223537847159e-05,-0.013848224422458765
1786167448.3772578,6.089812544845807,2.921489986792028,1.6694730614911775,0.05992173630893959,-0.013625136763543247
1786167448.3971958,6.089594402206088,2.9230245358550815,1.669223891471048,0.07672683457915741,-0.012497247412392248
1786167448.4172354,6.089337884343244,2.924832576023863,1.6689317441353277,0.08994140913453898,-0.01457853160902669
1786167448.4373486,6.08905292587819,2.9268447306834333,1.6687249598535874,0.0997267738046822,-0.010281008286298373
1786167448.4573975,6.088580794908443,2.9301838690516253,1.6685024333047205,0.16602384085547228,-0.011099213875666111
1786167448.4773667,6.088098470781636,2.9336013044936733,1.668238585501351,0.17059146819815896,-0.013212721289715224
1786167448.4975927,6.087681976136648,2.9365606688010666,1.6677324734062051,0.1458461850131182,-0.025022844438764957
1786167448.5172098,6.087295876350093,2.9393120103900356,1.6674501299843327,0.13979934620374276,-0.014392733881052918
1786167448.5371304,6.086931730627216,2.941914569114023,1.6669292796062536,0.13022117302620506,-0.02614633614807316
1786167448.5576859,6.086931730627216,2.941914569114023,1.6662723684337426,0.0,-0.03195793308095086
1786167448.5772655,6.086931730627216,2.941914569114023,1.6654797832924058,0.0,-0.04048004856920442
1786167448.5972075,6.086931730627216,2.941914569114023,1.6644600928182045,0.0,-0.05113269292952137
1786167448.6171699,6.086931730627216,2.941914569114023,1.6638646689052974,0.0,-0.029827404208887468
1786167448.6371613,6.086931730627216,2.941914569114023,1.6633322657761893,0.0,-0.02663161090079238
1786167448.6572943,6.086931730627216,2.941914569114023,1.6628389850385903,0.0,-0.024501082028728992
1786167448.6772602,6.086931730627216,2.941914569114023,1.6622221855051442,0.0,-0.030892668644919165
1786167448.6972294,6.086931730627216,2.941914569114023,1.6617329178870885,0.0,-0.024501082028728992
1786167448.7171457,6.086774085530792,2.943088296729252,1.661482682590315,0.05872040242459893,-0.01256434914944541
1786167448.737078,6.086566676109505,2.9446344981283796,1.6614034911747793,0.07729210564367094,-0.003973025417418801
1786167448.7574573,6.0863105083917795,2.946546031615138,1.6612369139678962,0.09345768407548256,-0.008173841444367363
1786167448.777499,6.086026601556996,2.948668137283328,1.6609672470144454,0.10549915200563041,-0.013455290580946336
1786167448.7971303,6.085593584910843,2.9519096822494704,1.6608538069614116,0.16451764645113892,-0.005778504593165706
1786167448.8175278,6.084905559147543,2.9570630616283875,1.6608512123955268,0.2517249549869517,-0.0001272006600283249
1786167448.837153,6.084899293183411,2.957109964997584,1.661039540667934,0.002381232944652756,0.00959625369036745
1786167448.8572915,6.084899293183411,2.957109964997584,1.6605246727454277,0.0,-0.025566346464760685
1786167448.8773074,6.084899293183411,2.957109964997584,1.660119549330729,0.0,-0.02024002428460221
1786167448.898345,6.084899293183411,2.957109964997584,1.6596489270607557,0.0,-0.022370553156665602
1786167448.9178262,6.084899293183411,2.957109964997584,1.6593168852933753,0.0,-0.017044230976507126
1786167448.9371574,6.084899293183411,2.957109964997584,1.6591521424311735,0.0,-0.008522115488253563
1786167448.957054,6.084899293183411,2.957109964997584,1.6592369225975283,0.0,0.004261057744126781
1786167448.977126,6.084899293183411,2.957109964997584,1.6592369225975283,0.0,0.0
1786167448.9971495,6.084751594800458,2.9582305419131325,1.6590917699095387,0.05575272532721451,-0.007249086144504885
1786167449.017149,6.084555601173785,2.959717893757301,1.659182510809633,0.07409005857780714,0.004537157505937887
1786167449.037352,6.084308682766889,2.961591248619434,1.6591679440753304,0.0923778805689491,-0.0007210143259455154
1786167449.0571415,6.084026390282001,2.9637352217706203,1.6589229315592986,0.10793151372819286,-0.012380961845261905
1786167449.0773976,6.083650904107602,2.966594671971876,1.658480408237641,0.14063128535322988,-0.021846484676567964
1786167449.092758,6.083416713701115,2.968383098848621,1.6582088792514362,0.11598848402194642,-0.017677259382145354
1786167449.1197698,6.082922924910301,2.9721650870745546,1.6577337477188083,0.13947648822440337,-0.017589730333171717
1786167449.1373158,6.082543199046952,2.9750860579133676,1.6571090946742424,0.1658335494154765,-0.03560100503355853
1786167449.1571698,6.082154321543198,2.9780970668153004,1.6560627798585845,0.15106501255966853,-0.05270027159225385
1786167449.1772232,6.082147850629812,2.9781475652418505,1.655101670113458,0.0025082312014401698,-0.04792755259092614
1786167449.1976619,6.082147850629812,2.9781475652418505,1.653817087335588,0.0,-0.06285060172587002
1786167449.2173848,6.082147850629812,2.9781475652418505,1.6528716308106717,0.0,-0.04793689962142629
1786167449.2377858,6.082147850629812,2.9781475652418505,1.6517415428490831,0.0,-0.05539375067364816
1786167449.2574558,6.082147850629812,2.9781475652418505,1.6508405310961047,0.0,-0.0458063707493629
1786167449.2774675,6.082147723694394,2.9781485980484455,1.649859920113838,5.1392094553267795e-05,-0.04900197254262674
1786167449.297365,6.08200810011095,2.979292364463958,1.6491858903823262,0.057237774001720164,-0.03387516294810286
1786167449.3172307,6.081819868006336,2.98084104279186,1.648810715819306,0.07762262001176895,-0.018885495845979716
1786167449.3371663,6.081579653106506,2.982823114329628,1.6484995198592551,0.09899533357476506,-0.015610056209655542
1786167449.357761,6.081293671249996,2.985189788055128,1.6481134047764099,0.11442019889998742,-0.01874836809954133
1786167449.3774347,6.080940249389818,2.988121394290075,1.6479566195368691,0.1483640747601459,-0.007969230438775798
1786167449.3973489,6.080037649894859,2.9956195386527193,1.6477935157208603,0.37488693728432787,-0.008190347770752827
1786167449.4173121,6.0800288554701005,2.995692628521192,1.6478788515315277,0.003645296386893815,0.004274642096514562
1786167449.4371777,6.0800288554701005,2.995692628521192,1.6479846616532299,0.0,0.005326322180158476
1786167449.4578004,6.0800288554701005,2.995692628521192,1.6473256018197897,0.0,-0.03195793308095086
1786167449.4772427,6.0800288554701005,2.995692628521192,1.646435019707597,0.0,-0.0458063707493629
1786167449.497408,6.0800288554701005,2.995692628521192,1.6457261376083838,0.0,-0.035153726389045944
1786167449.5178943,6.0800288554701005,2.995692628521192,1.6453987868300526,0.0,-0.01597896654047543
1786167449.537472,6.0800288554701005,2.995692628521192,1.6451902321111656,0.0,-0.010652644360316953
1786167449.5574746,6.080028749933472,2.995693526569295,1.6448706145102643,4.469568515240044e-05,-0.015978799980099295
1786167449.5801072,6.079882086592636,2.99694683852732,1.6442001923589393,0.05512745498656868,-0.0296219693977507
1786167449.597484,6.079730634848209,2.998248010157388,1.643631178511613,0.0745407746543181,-0.03274541814249793
1786167449.617364,6.07950757901902,3.000172597358897,1.6432147727235302,0.0963712912928458,-0.020946156995242698
1786167449.6377563,6.079234541743534,3.0025338560767425,1.6431149153940081,0.11526368931468114,-0.004896787128140238
1786167449.6577098,6.078936208510129,3.005114377372983,1.6431882552411892,0.1287377321658371,0.0036755399552078267
1786167449.6771846,6.078410978566635,3.009650970009001,1.6434747789470547,0.23188800538769824,0.014712578206068107
1786167449.6975248,6.078410978566635,3.009650970009001,1.6436047851242384,0.0,0.006391586616190171
1786167449.717289,6.078410978566635,3.009650970009001,1.6430994871241675,0.0,-0.025566346464760685
1786167449.7375636,6.078410978566635,3.009650970009001,1.6423651601555496,0.0,-0.03621899082507764
1786167449.7572265,6.078410978566635,3.009650970009001,1.641611099031591,0.0,-0.03834951969714103
1786167449.7772498,6.078410978566635,3.009650970009001,1.6407365625401438,0.0,-0.043675841877299504
1786167449.7977867,6.078410978566635,3.009650970009001,1.640145877364307,0.0,-0.02876213977285577
1786167449.8173115,6.078410978566635,3.009650970009001,1.6397090965039642,0.0,-0.022370553156665602
1786167449.8376207,6.078383971255162,3.009892182201871,1.63934220162509,0.011821170526102308,-0.018065443316626954
1786167449.8580067,6.078247077376707,3.011119460154935,1.6388689914402668,0.059918184779718234,-0.023212529922753553
1786167449.8774478,6.078069718125475,3.0127161895299834,1.6384192948354483,0.08174282122168208,-0.023131199484650145
1786167449.89742,6.077838796796239,3.014802593531537,1.6380866241526795,0.10397007800477419,-0.01665678204849131
1786167449.9176853,6.077559185282572,3.017335028371418,1.637901724964921,0.12436939305122369,-0.00912391207910906
1786167449.9373178,6.077259251586011,3.0200554546040808,1.6377863311434449,0.1379069804216404,-0.005877670374559489
1786167449.9572418,6.076745623025879,3.0247172100602078,1.6377823963393026,0.2328627660756153,-0.0001974914111172437
1786167449.977439,6.076735835826675,3.0248062133054963,1.637373935561523,0.004385688565796408,-0.020223680829196213
1786167449.9975703,6.076735835826675,3.0248062133054963,1.636323120235291,0.0,-0.05219795736555307
1786167450.0181055,6.076735835826675,3.0248062133054963,1.6357324830614535,0.0,-0.02876213977285577
1786167450.0373406,6.076735835826675,3.0248062133054963,1.6350153154107647,0.0,-0.03728425526110934
1786167450.0573833,6.076735835826675,3.0248062133054963,1.6342253383780663,0.0,-0.039414784133172724
1786167450.0776207,6.076735835826675,3.0248062133054963,1.633470800281859,0.0,-0.03728425526110934
1786167450.0975308,6.076735835826675,3.0248062133054963,1.632855724248775,0.0,-0.030892668644919165
1786167450.117237,6.076735835826675,3.0248062133054963,1.6325408387515776,0.0,-0.01597896654047543
1786167450.1418977,6.076545943194613,3.026617850067713,1.6323111260929946,0.0730996078797447,-0.009314971119224219
1786167450.157298,6.076393954509777,3.0280710950129532,1.6320868377342221,0.09389679663336277,-0.01456379168889086
1786167450.1772914,6.076143782676178,3.030469159493552,1.6317975557048923,0.11934850932714597,-0.014468944796509765
1786167450.1972926,6.075853860212742,3.033249958784041,1.6319783193638118,0.13834200804160102,0.009037652878855619
1786167450.2174957,6.075486047694632,3.0367778717295053,1.6318192277864774,0.17375585256546244,-0.00787460689631165
1786167450.237287,6.075079015410969,3.0406978486378478,1.6311591059036863,0.19707980671012681,-0.033354035651632655
1786167450.2573586,6.075073290019417,3.04075337302684,1.6303895791501997,0.002752510156483645,-0.03833926235070109
1786167450.2773268,6.075073290019417,3.04075337302684,1.6299003348981966,0.0,-0.024501082028728992
1786167450.2975082,6.075073290019417,3.04075337302684,1.629319874148248,0.0,-0.02876213977285577
1786167450.3179898,6.075073290019417,3.04075337302684,1.628381687005496,0.0,-0.0458063707493629
1786167450.3370519,6.075073290019417,3.04075337302684,1.6271430139494736,0.0,-0.06498113059793341
1786167450.3570697,6.075073290019417,3.04075337302684,1.626183419692807,0.0,-0.04793689962142629
1786167450.3776317,6.0750386070738465,3.0411066461655243,1.6254619008460671,0.017092848273304453,-0.035090029161273115
1786167450.3973863,6.07489595949214,3.0425704703292054,1.6247307904422192,0.07371906708054357,-0.03700953801492846
1786167450.4173095,6.074708793152437,3.0445051465011668,1.6240588113005725,0.09660555041443289,-0.03372845725101979
1786167450.4371743,6.074464307338796,3.047049817305716,1.6234122459148852,0.12743656925330377,-0.032548299708933026
1786167450.4571686,6.074165237992186,3.0501833081367304,1.6228061863953709,0.15590631287501838,-0.030311677123574434
1786167450.477291,6.07381862862588,3.0538364913284455,1.6223052698097509,0.18060271883143914,-0.024893322733791
1786167450.497366,6.073317562961395,3.059133705111027,1.6222607522638521,0.26249925809516117,-0.002217578632241457
1786167450.5173645,6.072817537039692,3.064437192860657,1.621726515547603,0.2638111052714948,-0.026713772006542704
1786167450.537481,6.072344037592125,3.069503417372716,1.6206523936525354,0.2505263755710587,-0.05339488901890285
1786167450.5574362,6.071908084102158,3.074224303411841,1.6195219877636666,0.23533256788491058,-0.056647302699065046
1786167450.5775282,6.0714053911646015,3.0797531987834192,1.6178302183904347,0.2737270377971891,-0.08420109940697279
1786167450.5977309,6.070905943262444,3.085360464259247,1.6158495362577316,0.2760786742649665,-0.09804077360183543
1786167450.617432,6.0703039148925875,3.0922646790457122,1.614112217160671,0.3485771329769658,-0.08818322508049023
1786167450.6373215,6.069644459378498,3.099997922568076,1.6120433262887826,0.3867309423344372,-0.10402000982386637
1786167450.6571903,6.068914927552365,3.1088009872794116,1.609345594978625,0.44067506284767516,-0.13577691784004187
1786167450.6773226,6.068134331752388,3.118566431384737,1.6062077482083794,0.4824433451316714,-0.1558612908400961
1786167450.6973474,6.06730324306806,3.129401992724463,1.6029201662877712,0.5381772935917722,-0.16417571139342846
1786167450.7173853,6.066421970270912,3.1414398255877445,1.5992719850575887,0.5974979869251433,-0.1820641457133699
1786167450.737301,6.06550738039752,3.1545923670252964,1.5956292166061439,0.65683421177347,-0.1829082911779516
1786167450.757296,6.064548182754205,3.1691355456562413,1.5921686311606766,0.7234232727783373,-0.17307276427908458
1786167450.7773514,6.063581344103814,3.1844981889573925,1.5896618709512547,0.7619096232835623,-0.12499244363179539
1786167450.7975101,6.062599263850629,3.200612265978372,1.5882828143760905,0.795093953833115,-0.06840976569964699
1786167450.817389,6.061607184182678,3.2172757537676078,1.5869469491979094,0.8337959633034374,-0.06720027657542524
1786167450.8372636,6.06057965411179,3.235030363880503,1.5850649683641356,0.8886072966679442,-0.09469289514181368
1786167450.8576665,6.059526769257843,3.253645472767545,1.5844384691656197,0.9075690029136209,-0.030706367373234126
1786167450.877898,6.058434050907673,3.2724185132476817,1.5885167072818267,0.9229986531722099,0.20157877893114293
1786167450.8976364,6.057238724709789,3.29095874162244,1.5971853282454869,0.9342476196127544,0.43917466791920445
1786167450.9176908,6.055821401695354,3.309738568379318,1.6107778230211516,0.9313731000767702,0.6777831895707103
1786167450.937992,6.054103165387492,3.3287023191235248,1.6277382575060453,0.9291801191367268,0.8354341538664394
1786167450.9573324,6.052247046013605,3.3458731897942884,1.645993951315216,0.8835340329221696,0.9439210242554631
1786167450.9777634,6.0501556232540254,3.362385968922328,1.664990320508455,0.8049570989028961,0.9297797662926282
1786167450.997817,6.0477526763002185,3.378983868613735,1.6822487351542936,0.8252522054699157,0.8606132085303873
1786167451.0175636,6.0450475201902085,3.395658696651591,1.6997911029858095,0.8431287851855874,0.8883767017036153
1786167451.0374804,6.04200978381568,3.412530724564496,1.71761230578914,0.8472524092237177,0.8947836551805771
1786167451.057552,6.038647690326344,3.4295484926043054,1.734396359744139,0.849646214990516,0.8362030318180736
1786167451.0772433,6.035088293912101,3.4461769741763457,1.7500230530868366,0.8480476472748598,0.7935864972460652
1786167451.0974321,6.0312531043189335,3.4628507928282035,1.7655917241443657,0.8313012714782999,0.7711535380060818
1786167451.117595,6.027306063374219,3.478907815864498,1.7807301759952938,0.8035818038979997,0.7508102159438376
1786167451.137075,6.023415684739436,3.493785806308023,1.7958517456680623,0.7727523431612839,0.7762616751088773
1786167451.1574867,6.019460282926442,3.5080426020279463,1.8113220770795575,0.708780401823765,0.7579137855297671
1786167451.1775966,6.015544354548358,3.52143047733616,1.8245261808610802,0.6775955099032402,0.6565974522775763
1786167451.1971464,6.01174923084352,3.53386669546958,1.8352987408565073,0.6491873852620478,0.551030409022901
1786167451.217541,6.007753479063182,3.54650064774502,1.8454275857512934,0.6337389877709099,0.49664435367345583
1786167451.2377822,6.004008256780244,3.5579444330088608,1.8558859117755346,0.5798434892907499,0.5166835340853617
1786167451.2571425,6.0004971385035235,3.568320591355644,1.8660932284053657,0.5511239137237242,0.5272291537229887
1786167451.2778094,5.996738346885769,3.579087843448762,1.875689388762994,0.5371553054513061,0.4643264973828981
1786167451.2978234,5.993432427740971,3.5883128304544476,1.8831443641235308,0.47634403354187316,0.37248714008696665
1786167451.3175635,5.990146997809158,3.597285911807173,1.8899291176777182,0.47071708476099444,0.3437040312495974
1786167451.3376863,5.987185113166604,3.605218417122852,1.8963477361810417,0.40900205226866987,0.31897296552132254
1786167451.3577957,5.984322613107644,3.61274602929935,1.9024178555235192,0.38910713216173837,0.30185459527689995
1786167451.377946,5.9817032010890845,3.619520781273813,1.9078748590732086,0.3500968825227787,0.2708165532736617
1786167451.397536,5.978982283264869,3.626458368195671,1.9124303250456554,0.36933406330118357,0.23253872175078846
1786167451.4177797,5.976301771230737,3.633202634249677,1.9173086632367897,0.34796903137443175,0.24098121953675788
1786167451.4371917,5.973505220893893,3.6401484101098105,1.9216989979529022,0.37427356191288597,0.22616554238674977
1786167451.4570384,5.9708906393652414,3.6465686563321293,1.9255507526001783,0.33883257874231787,0.19407553697113514
1786167451.4776,5.969442116981208,3.6500868017608763,1.929682387727022,0.17945192873602467,0.2009384492365787
1786167451.5001035,5.9681106532587345,3.6532794627987015,1.9349447637132682,0.1490330368695349,0.2338482894562381
1786167451.5190318,5.9681106532587345,3.6532794627987015,1.938957326789134,0.0,0.21198762277030736
1786167451.537215,5.9681106532587345,3.6532794627987015,1.9436642245646054,0.0,0.25885925795570197
1786167451.5575974,5.9681106532587345,3.6532794627987015,1.946291455269151,0.0,0.12889699675983513
1786167451.577689,5.9681106532587345,3.6532794627987015,1.9482391097301102,0.0,0.09693906367888427
1786167451.5973902,5.9681106532587345,3.6532794627987015,1.949813137199434,0.0,0.07989483270237714
1786167451.6172469,5.9681106532587345,3.6532794627987015,1.9502784949961527,0.0,0.023435817592697295
1786167451.6375103,5.9681106532587345,3.6532794627987015,1.950559111891322,0.0,0.01384843766841204
1786167451.6572263,5.9681106532587345,3.6532794627987015,1.9500970507398583,0.0,-0.023435817592697295
1786167451.6774304,5.9681106532587345,3.6532794627987015,1.949020917025681,0.0,-0.05326322180158476
1786167451.6972582,5.967669565645776,3.6542923075000218,1.9479265656397209,0.053961664078260634,-0.05519266023202983
1786167451.7172556,5.967124105310424,3.6555481906652,1.9469941989037367,0.06631885525816118,-0.04662449514404701
1786167451.737223,5.966514489595758,3.6569562633273422,1.9455320749238334,0.0744355315456644,-0.07322585890463335
1786167451.7572641,5.96569771614043,3.6588503623070476,1.9440023785521865,0.09970629592247189,-0.07632747963196453
1786167451.7772796,5.9651846723712225,3.660043766004448,1.9432394844564544,0.06287665223061313,-0.038115207172119595
1786167451.7983024,5.9651801780749505,3.6600542328711176,1.9431051565573967,0.0005249590326064299,-0.006389630333975722
1786167451.8172343,5.9651801780749505,3.6600542328711176,1.943649677524595,0.0,0.02876213977285577
1786167451.8373704,5.9651801780749505,3.6600542328711176,1.9449581452338764,0.0,0.06498113059793341
1786167451.8575046,5.9651801780749505,3.6600542328711176,1.9466954541711956,0.0,0.08628641931856731
1786167451.877309,5.9651801780749505,3.6600542328711176,1.9488684457643826,0.0,0.10972223691126462
1786167451.8977592,5.9651801780749505,3.6600542328711176,1.951155847710522,0.0,0.111852765783328
1786167451.9171996,5.9651801780749505,3.6600542328711176,1.9533510207990858,0.0,0.1129180302193597
1786167451.9376454,5.965177981931083,3.660059198965208,1.9553330393925894,0.0002571239093794763,0.09694002186209398
1786167451.9573379,5.964659871322274,3.6612251506218416,1.9570578082117756,0.0627200839655772,0.08758541282130615
1786167451.9775922,5.964000833003885,3.66270161781177,1.958789741476924,0.07726885964046808,0.08550910058202167
1786167451.9975,5.963259232999524,3.6643557004301592,1.9604928376406119,0.08812704897683611,0.0855495640874773
1786167452.0173705,5.962239637012165,3.6666198969459214,1.9621951812867644,0.12093471182302987,0.08567182324169163
1786167452.0372458,5.961094854531634,3.669150408627548,1.9640895431961491,0.13521669476618822,0.09531242558426739
1786167452.0576775,5.959863015069154,3.6718589781045705,1.9663420892341357,0.14089815006588963,0.11024729987409065
1786167452.0774553,5.95859005609758,3.67464221823913,1.9685231838097912,0.1496943687031276,0.11028007935783245
1786167452.0973701,5.958581336390887,3.67466117477271,1.9708356501957613,0.0010134053340817295,0.11611760002563455
1786167452.1172848,5.958581336390887,3.67466117477271,1.973190442377546,0.0,0.11824435239951818
1786167452.1373985,5.958883887619118,3.6736883711297152,1.9765154495749162,-0.05220054214408061,0.16531051513056527
1786167452.1573923,5.958885424060966,3.6736834968954497,1.980647410208936,-0.0002635057578487393,0.206662282555589
1786167452.1774251,5.958885424060966,3.6736834968954497,1.984595368942978,0.0,0.19707392066586363
1786167452.1977816,5.958885424060966,3.6736834968954497,1.9873710446879982,0.0,0.136353847812057
1786167452.217243,5.958885424060966,3.6736834968954497,1.9897966337235178,0.0,0.12463593901570835
1786167452.2372448,5.958885424060966,3.6736834968954497,1.991458603141691,0.0,0.08309062601047223
1786167452.2572708,5.958885424060966,3.6736834968954497,1.9922479223692116,0.0,0.039414784133172724
1786167452.277418,5.95831070990626,3.674863714734139,1.9928106584145333,0.06293024934540571,0.027931387593778677
1786167452.2972243,5.957577565636367,3.676367165387094,1.9934074516044278,0.08156335670553748,0.030131353534764486
1786167452.3172572,5.956701939546851,3.678161271003301,1.9935213381958359,0.09624484394108845,0.005684982694102803
1786167452.337269,5.955720722263623,3.680171726401025,1.9934227997972678,0.10796400908352877,-0.004923989697713075
1786167452.3575792,5.954230865662657,3.683225962912953,1.9931104948538432,0.16159353145713407,-0.01537678135663358
1786167452.3773265,5.952606808860216,3.6865553492068193,1.9934393678898445,0.18117210661759606,0.016654112119303704
1786167452.3973532,5.951904018220779,3.687994193107926,1.9942131446099942,0.07722085678374548,0.0386372865119351
1786167452.4173608,5.951884482486165,3.68803405204554,1.9962593903389467,0.0021424495734668064,0.10227336978871267
1786167452.437329,5.951884482486165,3.68803405204554,1.9994926567000082,0.0,0.16192019427681767
1786167452.4573267,5.951884482486165,3.68803405204554,2.0036040833225095,0.0,0.2055960361541172
1786167452.4775589,5.951884482486165,3.68803405204554,2.0079361647234695,0.0,0.21411815164237075
1786167452.4974177,5.951884482486165,3.68803405204554,2.0108978525340993,0.0,0.14913702104443735
1786167452.5172327,5.951884482486165,3.68803405204554,2.0138529978499853,0.0,0.14913702104443735
1786167452.5373187,5.951884482486165,3.68803405204554,2.016206662873708,0.0,0.11717908796348649
1786167452.5573897,5.951299891278216,3.689166188681752,2.0177506706412354,0.06122119371954287,0.07692718278258842
1786167452.577364,5.950532103508449,3.6906480681359,2.019097171899781,0.08057278428103368,0.06741191738550499
1786167452.5971715,5.949582499592005,3.6924751146096617,2.020433889968945,0.10023463933283297,0.06748518812655677
1786167452.6173134,5.948467496454905,3.694613160464735,2.0219874133230773,0.11542289206048977,0.0771291677221195
1786167452.6375546,5.947016830354583,3.697387288534405,2.0227749027462862,0.14910268809365737,0.03890515722069383
1786167452.6574957,5.944778846946087,3.7016604675062537,2.0233232953680074,0.23319770335931617,0.0275006320837732
1786167452.678072,5.944762798963481,3.7016910502866818,2.024441295334536,0.0016180495607399925,0.054334515968283356
1786167452.6974623,5.944762798963481,3.7016910502866818,2.0266721265433243,0.0,0.11504855909142309
1786167452.7175128,5.944762798963481,3.7016910502866818,2.02953424753993,0.0,0.14274543442824716
1786167452.738725,5.944762798963481,3.7016910502866818,2.0324943886194653,0.0,0.13954964112015208
1786167452.757316,5.944762798963481,3.7016910502866818,2.0351878016363254,0.0,0.14487596330031055
1786167452.7772799,5.944762798963481,3.7016910502866818,2.0379099345796443,0.0,0.136353847812057
1786167452.7971537,5.944762798963481,3.7016910502866818,2.039730633149207,0.0,0.0916127414987258
1786167452.817127,5.944762798963481,3.7016910502866818,2.0408157511106304,0.0,0.054328486237616457
1786167452.8371515,5.9441994088075845,3.702722915518191,2.041310592843437,0.05653650448780331,0.024711767722901068
1786167452.8571353,5.9434315442084005,3.704127503068127,2.0419336890555724,0.07713504181690635,0.031180115666580945
1786167452.877247,5.94242436683656,3.7059669723307893,2.0426910676961394,0.1004061005735424,0.03765842287529234
1786167452.8971405,5.941233363277996,3.7081387408295354,2.0433357073676617,0.11988452916165274,0.032404687889649085
1786167452.9171598,5.939895982946947,3.7105732918767727,2.044198707314881,0.13359185753980282,0.043108413193522044
1786167452.9371943,5.937950875333257,3.71410701481443,2.0451308894106397,0.1938396985668201,0.04652872264961995
1786167452.9573133,5.937933312906226,3.7141388348886895,2.0465883960602547,0.0017391130222941809,0.07244446252897269
1786167452.9771879,5.937933312906226,3.7141388348886895,2.049510087284231,0.0,0.14700649217237394
1786167452.9971404,5.937933312906226,3.7141388348886895,2.0535272306143755,0.0,0.2013349784099904
1786167453.0172465,5.937933312906226,3.7141388348886895,2.0583463456355737,0.0,0.23968449810713144
1786167453.0371814,5.937933312906226,3.7141388348886895,2.0631244303762677,0.0,0.23968449810713144
1786167453.0570593,5.937933312906226,3.7141388348886895,2.06757122893661,0.0,0.223705531566656
1786167453.0773325,5.937933312906226,3.7141388348886895,2.0710482377679846,0.0,0.17150757420110294
1786167453.09719,5.937933312906226,3.7141388348886895,2.0733962639536525,0.0,0.11824435239951818
1786167453.1172986,5.9372850945492095,3.715241087240469,2.075178793536386,0.06111507045423725,0.08864469610606479
1786167453.1371605,5.936406541238396,3.7167300243535957,2.0764544775277067,0.08364518874216283,0.06422757352361345
1786167453.1572282,5.935243992323058,3.718694859528409,2.07770254177362,0.10931799100695203,0.06219271544364274
1786167453.1772227,5.933849512358336,3.7210453678082396,2.0789263950401202,0.13133657630947881,0.06120950420441154
1786167453.1972117,5.932286151110067,3.7236744782639826,2.0798316773679524,0.14702315797336465,0.045288994379238626
1786167453.2172275,5.929535369852156,3.728293063851294,2.08042661848501,0.2580296193551987,0.02972369814940051
1786167453.2370977,5.926925904466842,3.732666581327024,2.081503206367911,0.24622977611151564,0.054180807559244766
1786167453.257285,5.926907050323155,3.7326980924314332,2.083030185420736,0.0017473750399013,0.07564028662582861
1786167453.2774353,5.926907050323155,3.7326980924314332,2.0860997197553526,0.0,0.15233281435253243
1786167453.29726,5.926907050323155,3.7326980924314332,2.089140797285581,0.0,0.15339807878856412
1786167453.3172495,5.926907050323155,3.7326980924314332,2.092973734085641,0.0,0.19174759848570516
1786167453.3373208,5.926285564012584,3.733708555939113,2.097061788342411,0.05673418357924061,0.20367692963578732
1786167453.3574014,5.92541585819022,3.7351101126530084,2.1012603454966676,0.07883030854012991,0.20908559396758877
1786167453.3774252,5.924582581561377,3.7364414433427338,2.105148142356949,0.07525628780433562,0.19415857312250964
1786167453.3972237,5.923662161806303,3.737900475555049,2.108676448612178,0.08358164196075031,0.17821063136921486
1786167453.4171271,5.922538848319797,3.7396694859322475,2.111355441391683,0.10097620209312966,0.13459961106179327
1786167453.4371243,5.921147536141667,3.7418490155003723,2.1136866236977525,0.12399677499890094,0.11657590279557398
1786167453.4572334,5.919486126041862,3.744438915999709,2.116032571338667,0.14671191085485513,0.11666055171770635
1786167453.47761,5.917614630422952,3.7473425158440885,2.1182155682686785,0.1625272031851995,0.10713210815450921
1786167453.4975197,5.914796794236757,3.751694602232547,2.1203761987863734,0.24962197275050663,0.10852193496224859
1786167453.5172303,5.911532781798541,3.756713664673761,2.1224552828341148,0.2911297776869658,0.10548082225876153
1786167453.5372558,5.908423116165077,3.7614730990130036,2.1248861526627234,0.2720724984770178,0.1213887710358334
1786167453.557411,5.9056332771961655,3.76570948185558,2.1300572100963433,0.2411338287217656,0.2565620601400745
1786167453.57755,5.905619630469533,3.7657299606598666,2.1363002193116185,0.0011704284519900576,0.309996312536746
1786167453.5972383,5.905619630469533,3.7657299606598666,2.1427600012763555,0.0,0.32810144629776217
1786167453.6175804,5.905619630469533,3.7657299606598666,2.1480907543712378,0.0,0.262055051263797
1786167453.637222,5.905619630469533,3.7657299606598666,2.1512711321800726,0.0,0.16192019427681767
1786167453.657305,5.905619630469533,3.7657299606598666,2.153410497483701,0.0,0.10652644360316953
1786167453.677543,5.905619630469533,3.7657299606598666,2.1547686980582066,0.0,0.06711165946999681
1786167453.6973095,5.905619630469533,3.7657299606598666,2.1551266606513253,0.0,0.01810949541253882
1786167453.7174966,5.904780619032709,3.7669342923953217,2.15450825871472,0.06955732953172779,-0.03063346029113229
1786167453.7377055,5.903685389975773,3.768509715035757,2.1530727399195975,0.09083516676159915,-0.07103421609280766
1786167453.7572868,5.90227054693208,3.7705507845009087,2.1516840230309535,0.12134989563574883,-0.07092050165478984
1786167453.777634,5.900468423892401,3.773156736607011,2.1507632930714027,0.14899805254887669,-0.045251123154628425
1786167453.7972598,5.89849555845066,3.77601566273139,2.149625807035102,0.16936246868067067,-0.05795840752214162
1786167453.8172133,5.8961102820451305,3.7794775664616016,2.1492794516698304,0.2016239381976951,-0.01735813521144869
1786167453.8372223,5.896081758856347,3.779518874763238,2.1517521613485306,0.00240067631139651,0.12357962080229391
1786167453.8575566,5.896081758856347,3.779518874763238,2.1560627693471006,0.0,0.21198762277030736
1786167453.8771577,5.896081758856347,3.779518874763238,2.1603014827954183,0.0,0.21624868051443413
1786167453.8972228,5.896081758856347,3.779518874763238,2.1657520069744853,0.0,0.2716424311880823
1786167453.9171793,5.896081758856347,3.779518874763238,2.1715344670117593,0.0,0.2897519266006211
1786167453.937405,5.896081287240206,3.7795195259763963,2.1765761838828492,3.799100537512171e-05,0.24927201960651782
1786167453.9573286,5.895395823620776,3.7804580876854796,2.1799336730548573,0.05573480441190224,0.16851947901766995
1786167453.9774153,5.894388319884692,3.781829891062934,2.182186492429539,0.08094565797413815,0.11215441322854945
1786167453.9974697,5.893001273464089,3.78371026456991,2.18430976398017,0.11129125215472266,0.10587591076273119
1786167454.017307,5.89120796108315,3.7861306580753293,2.1866450112492717,0.1450288817691201,0.11771954427410114
1786167454.0375347,5.88905038745984,3.789029910193474,2.188748010530488,0.17061608277632814,0.10396645840104615
1786167454.0574555,5.886687919805319,3.7921917500031777,2.1907143820758574,0.18918608649324553,0.09870933813139349
1786167454.0776052,5.88665541402586,3.79223508144177,2.1927751924446754,0.0025666469406673,0.10227495057828544
1786167454.0975208,5.88665541402586,3.79223508144177,2.194578498035782,0.0,0.0905474770626941
1786167454.117265,5.88665541402586,3.79223508144177,2.1973758536679835,0.0,0.14168016999221547
1786167454.1372721,5.88665541402586,3.79223508144177,2.200253093516572,0.0,0.14381069886427886
1786167454.1578434,5.88665541402586,3.79223508144177,2.202948491124035,0.0,0.1310275256318985
1786167454.1773512,5.88665541402586,3.79223508144177,2.204756443003916,0.0,0.09267800593475749
1786167454.1973872,5.88665541402586,3.79223508144177,2.2065279633980257,0.0,0.08841694819063071
1786167454.217991,5.885730704832676,3.7934309531209203,2.2076307672666142,0.06999138699327626,0.05352404768900633
1786167454.2373936,5.884477613404413,3.795048732973875,2.2082787743193957,0.10060724124385234,0.03339811469044826
1786167454.2572732,5.882741800784469,3.7972867236888805,2.209008860426234,0.13590054326763762,0.03672542999311784
1786167454.2772431,5.880577725438398,3.8000728025083754,2.2097872378538037,0.16850322014390937,0.03897745413043993
1786167454.2973967,5.878089445841154,3.8032704842021157,2.21087508088546,0.19175666273289968,0.053977811180005164
1786167454.3175304,5.874796285310063,3.8074883631869123,2.2132319042328987,0.25348178536533345,0.11705843420675834
1786167454.3372695,5.871381231035087,3.811834921922452,2.217330865248371,0.26702991823371186,0.20765639896415464
1786167454.3572547,5.8680571410308575,3.8160236374159204,2.22348124429523,0.25507372288222574,0.30774670067945414
1786167454.377184,5.868031098509723,3.816056032453535,2.230593387195404,0.0019875529536511616,0.35687099277143075
1786167454.3972554,5.868031098509723,3.816056032453535,2.2380555174516528,0.0,0.37177728817506167
1786167454.4172618,5.868031098509723,3.816056032453535,2.246175437393197,0.0,0.4058657501280759
1786167454.437311,5.868031098509723,3.816056032453535,2.2522196348090735,0.0,0.30146983539696975
1786167454.4574115,5.868031098509723,3.816056032453535,2.2571444977271597,0.0,0.2450108202872899
1786167454.477901,5.868030553083713,3.816056669651203,2.2617935850205715,3.8946092981766475e-05,0.22690147000902688
1786167454.4972937,5.867249561287847,3.8169634696102843,2.2635537899954175,0.058702580482683675,0.09076623473140272
1786167454.5172548,5.866060088539995,3.818341633627343,2.264006784227293,0.08674977093584764,0.02269382987627303
1786167454.5372553,5.864405846916584,3.8202582572515857,2.263589642960179,0.12040724573790132,-0.02085658598633044
1786167454.5573485,5.862220582996807,3.8227934575133253,2.2626597060943947,0.15844931582129415,-0.04628116705516023
1786167454.577397,5.859618788066103,3.82581970856647,2.2609225733455505,0.18936465664969002,-0.08664600828882091
1786167454.5972795,5.8567443401039725,3.8291745252133715,2.259137931093609,0.2113914874824837,-0.08975971767279545
1786167454.6172874,5.853024163514107,3.8335258904913623,2.2586893283765055,0.27223107308278466,-0.02242133689341691
1786167454.637267,5.849725007371535,3.8373778608168285,2.261048514106817,0.24149949790353809,0.11807904613774876
1786167454.657487,5.849697142384811,3.837410243948094,2.263547240229548,0.002009873626893033,0.12357816445942986
1786167454.6773548,5.848622963118904,3.838651686949261,2.2668335663604964,0.07859000202093741,0.16540885657780105
1786167454.6973739,5.846369323135009,3.8412379409758115,2.2709189098700535,0.16295100672446405,0.20407275115534965
1786167454.7173126,5.843482139866523,3.8445201251669707,2.276711675842257,0.20843329657248644,0.2905286621659835
1786167454.7373526,5.839283564030037,3.8492182434967384,2.2874933499305077,0.29879357344995316,0.5380067427492546
1786167454.7575243,5.833842095628136,3.8551793736106146,2.2989965811574726,0.38004435303812595,0.5702674603241292
1786167454.777319,5.82736623773018,3.862123128191185,2.310100631062421,0.45534345879152605,0.5609606857274976
1786167454.797267,5.819657269496362,3.870212878685216,2.3217638365319804,0.5314925771622729,0.5846802762561039
1786167454.8172584,5.8108256318510945,3.879259331928256,2.335693583227094,0.5996484526973439,0.6967870278151549
1786167454.8373983,5.800974025040098,3.889076553897963,2.3509323769028425,0.6543576713853473,0.7566457124686703
1786167454.8573565,5.790155123750614,3.8995341486660933,2.3679941283698027,0.7138631122061851,0.8548717901455716
1786167454.8774915,5.778041542323729,3.9108415231633575,2.387914344376083,0.7786251657496056,0.9893364476389551
1786167454.8972428,5.765000548559479,3.9225465051282,2.409458286471234,0.8386201009009946,1.0907601427454419
1786167454.9172642,5.750735261267433,3.934830923342172,2.4315564923831503,0.8879584389735251,1.103727177397984
1786167454.9372766,5.735350354125584,3.9475419963376126,2.4528811808013313,0.940887392170764,1.0655748997013377
1786167454.9573715,5.718894864716632,3.960594161356602,2.4740402237986117,0.9853361121226888,1.0529573665187444
1786167454.9772758,5.701484628760794,3.973839430247196,2.4959565365687064,1.0352235719196328,1.1010801738858478
1786167454.9973521,5.682931569153874,3.9873270030838346,2.5204604107989774,1.0752334256874487,1.2205388891471167
1786167455.0176268,5.663492196262729,4.000789544537735,2.544840849036866,1.096624675415814,1.2025091091386173
1786167455.0373318,5.6439255509134085,4.0137058991827335,2.5679921483463177,1.1178295225174812,1.174891254568498
1786167455.058288,5.622263569241758,4.0273127485610285,2.5931737879771606,1.1459060610857976,1.2016274938871916
1786167455.0779064,5.600946090590119,4.040012187925852,2.6184642919226855,1.1863779067049187,1.2891299976998387
1786167455.0972767,5.579003780890824,4.052409593726358,2.6424058131925485,1.2194804386280729,1.235990133894654
1786167455.1172774,5.555669880135189,4.064909437028295,2.6666805515738052,1.239630668445868,1.2136946714284256
1786167455.1372817,5.53192598541337,4.076935317217722,2.691684590258556,1.2453349043253321,1.2499349193316842
1786167455.157588,5.507351921590933,4.088655710928641,2.7177374489553876,1.254105325411014,1.282990800196733
1786167455.1772926,5.48292796870798,4.099571937939676,2.744761564477059,1.2691047880655408,1.3714636445243853
1786167455.197389,5.457294166861227,4.11025307811284,2.7725386228061266,1.2908960767426272,1.3821974950509384
1786167455.2173896,5.431298554383052,4.120328856676692,2.798586369999986,1.3014592121043493,1.3023420263228018
1786167455.2374709,5.404787295913905,4.1299041629170565,2.8223865921500635,1.3098961742656283,1.1851943790584842
1786167455.2577724,5.3777208490055335,4.138963181672425,2.849432488390139,1.3113911916086056,1.3322064424767206
1786167455.2774365,5.351324766060905,4.147070662245194,2.8761525906653174,1.3092624569594369,1.3588301205570932
1786167455.297607,5.324067989612555,4.154717201455039,2.902185556004789,1.3080557592241806,1.2906486998405116
1786167455.317416,5.2968347016018535,4.161671599043494,2.926761268761118,1.321993456139963,1.2406332107687543
1786167455.3377569,5.268362086471493,4.168249872640412,2.951694754366251,1.3381377219616737,1.2257796709591386
1786167455.3576417,5.240341228558194,4.174036717319421,2.9772131593278592,1.3399028815632943,1.2833105284473558
1786167455.3774319,5.212440401810244,4.1791456858755565,3.0003328595910084,1.3344014392473151,1.168241467996611
1786167455.397257,5.184444336314108,4.183664790890769,3.0226696477893733,1.331544501493609,1.1266855084910423
1786167455.4175348,5.155877180363847,4.187635122997251,3.0476758160052224,1.3238511916149316,1.2331832826469766
1786167455.4372709,5.127806018775818,4.19084316918409,3.0751051535643175,1.3323352210959327,1.3898087708411782
1786167455.4572372,5.099432406844663,4.193376146454657,3.101067604766787,1.3277380264297263,1.3003094265726096
1786167455.477566,5.070659456418769,4.19526738886568,3.125595013843461,1.3200169954628824,1.2065373834507687
1786167455.4978802,5.042133386811879,4.1964870378810275,3.150493489458762,1.308044098134433,1.2256675257870302
1786167455.5175414,5.014571790277536,4.197032994438498,3.1750521187889436,1.3049528230115433,1.2490918236111983
1786167455.5376139,4.986431861886171,4.196944876672586,3.1999747857118837,1.3049312311304933,1.2416348920959113
1786167455.5573487,4.958983714528332,4.196234107722711,3.224141198017505,1.2952457735443323,1.2245545678488101
1786167455.5773282,4.931399886222399,4.194895300737475,3.2487342468181457,1.2870327840619205,1.2309155484095675
1786167455.5972815,4.903979521248996,4.192928883215549,3.27393239030735,1.2831605945493934,1.2628590516112252
1786167455.6173792,4.8765056875978186,4.190301404601581,3.2999335781847696,1.279312883255864,1.293737381595978
1786167455.6373084,4.8495739488152525,4.187070407030169,3.325758338090959,1.268369009301642,1.2958271276552045
1786167455.657507,4.822468621200078,4.183186860898531,3.349285293152487,1.263757922541563,1.1647824186119202
1786167455.67727,4.796039090160027,4.1788015434753,3.373399657985243,1.2641912369548278,1.220177784050202
1786167455.6973553,4.769215864951159,4.173729858959862,3.3976080751656976,1.2679935512699558,1.2052782514321492
1786167455.717264,4.74300144400623,4.168166245545264,3.421305783418927,1.2563653156686252,1.1903212162120158
1786167455.737275,4.717278732205359,4.162122759560603,3.444142918816194,1.2330184603257333,1.1412320491028267
1786167455.7572908,4.691934697865546,4.155607736900058,3.466153332091057,1.2213960736801808,1.0996434247782838
1786167455.7774553,4.666545244016573,4.148495317933015,3.490389274639585,1.2222565660327331,1.2019120172987618
1786167455.7973168,4.641802310235782,4.140960320615856,3.51442994778583,1.2179919951121374,1.2104182406816777
1786167455.8173187,4.617233406491886,4.132879532792159,3.537936871175017,1.210128619271838,1.1752352110873405
1786167455.8372915,4.593150129190638,4.124379189212374,3.5606639955487576,1.197447463868657,1.137903698960013
1786167455.8572948,4.569505998450597,4.115464124615891,3.5835313678724408,1.1837341359959428,1.1431789178392433
1786167455.877397,4.546136133108593,4.106062505216885,3.6076247401080086,1.1750550314144985,1.1985403254596712
1786167455.897276,4.523416354683688,4.096338708408278,3.630454452115949,1.166620171272661,1.1484414641002778
1786167455.917333,4.500764118302576,4.086080125841262,3.652227934563525,1.1643018806316912,1.0855822231655037
1786167455.937371,4.478368895131494,4.075381329914377,3.6741517177892353,1.164041447992365,1.0941033681404242
1786167455.957395,4.4564170852111715,4.06434028876321,3.6957180761125956,1.1541278413049172,1.077022193685971
1786167455.9773316,4.435099891716488,4.053084428261494,3.7164244471093757,1.1381006096504214,1.0386129478268153
1786167455.9977138,4.413937424597701,4.041385845016974,3.736658431727048,1.1175127421993258,0.992729855511718
1786167456.0175817,4.393682713097903,4.02970005884424,3.7554712171072255,1.109504566152465,0.9468936419529213
1786167456.0374691,4.3736475004434,4.0176552546303945,3.77502277546373,1.108932804819697,0.9831105020850177
1786167456.0578222,4.3535816579285775,4.005078034175973,3.795096359683998,1.0985754226298754,0.9862676981668386
1786167456.0773525,4.334779625634545,3.9928084884838415,3.8139414650145897,1.086257985097415,0.9649165079901374
1786167456.097436,4.315878646115246,3.9799878472157704,3.8330413633474825,1.075458696488242,0.9510278263123406
1786167456.1175084,4.297446309786507,3.9669803835869573,3.8532846146618454,1.063818934237663,1.0085087297878126
1786167456.1376262,4.279559922676637,3.953838148337623,3.8736793119542017,1.045242583703721,1.013765826405781
1786167456.157274,4.262563568625003,3.9408618033760963,3.892298980824565,1.0320254242545386,0.94767017706367
1786167456.1775599,4.245372468535473,3.9272518586950858,3.910939338711315,1.0258353424541315,0.9188849696870965
1786167456.1974547,4.228731049776595,3.913594855900142,3.9294960727965584,1.0279089888846802,0.9327411348873333
1786167456.2173858,4.212359302738543,3.8996469028364085,3.9498911802886414,1.0260563171703403,1.023281707889903
1786167456.237359,4.196363447215832,3.885475021954404,3.970456562638316,1.0184162800683663,1.0296448235821316
1786167456.25747,4.180814211538326,3.8711673476671895,3.9896412325519752,1.0010839438299812,0.953946458933997
1786167456.2779617,4.165672049526917,3.8567356684086915,4.007462736539158,0.9735337877336756,0.869687901656314
1786167456.297533,4.151717141514433,3.842978199717191,4.025253769444153,0.9558132417823876,0.9090366494195578
1786167456.317359,4.1378775345053445,3.828856598402388,4.043698457881708,0.9529614826853716,0.9303313109383436
1786167456.3377872,4.123736758597209,3.8138949090623444,4.063357113174409,0.9639528664519875,0.9623302038794727
1786167456.3573294,4.110599763342474,3.7994713984714354,4.082454043244796,0.9559521541092978,0.9772140909882944
1786167456.3773258,4.097446248738404,3.784493558871622,4.101377041363897,0.9555768194199556,0.9463200236426544
1786167456.3972871,4.084579964814585,3.7693156455064303,4.119118680803551,0.9565203724029557,0.8887992602873586
1786167456.4176362,4.072047683810234,3.7540164475786675,4.1366828886749145,0.9335629003094453,0.8631473618241452
1786167456.437302,4.060412994271562,3.7393038423839005,4.15512276514189,0.917146601156275,0.9376546963077291
1786167456.4573455,4.049001649222108,3.724306686395332,4.175687805599299,0.9051460802679607,1.0260269240456774
1786167456.4774065,4.037900700633739,3.7091141583777567,4.195651129220233,0.9040668523749413,0.9951302336120065
1786167456.4975502,4.027148836698226,3.693822160355653,4.213679049106496,0.8955298691672011,0.8949635631931648
1786167456.5176275,4.016868761275549,3.678668532581673,4.230512815881956,0.8810859648720365,0.8384507222583734
1786167456.5373561,4.007109454954176,3.6637592131321015,4.247999498129036,0.8734922119228046,0.8863593234357062
1786167456.5577817,3.9972939560720366,3.6481604069586178,4.267801064816606,0.873629233144118,0.969450460061601
1786167456.5774481,3.9881270697851825,3.63295888771656,4.287453400453823,0.8750501660470181,0.9992831594375268
1786167456.5974061,3.979208367648441,3.617545465399507,4.305291646901524,0.8660437550465295,0.8937884174958448
1786167456.6174126,3.970691895102334,3.6022486238224385,4.32174406900003,0.8503457826800315,0.8223572011184798
1786167456.6373868,3.962612723614301,3.587189742553668,4.3375516169778745,0.8322360887073624,0.7913970459269402
1786167456.657363,3.954860404503888,3.572193417728366,4.3534025396677,0.8229066812686815,0.7934928083644629
1786167456.6776943,3.9472123668208927,3.5568186729577844,4.369600351425405,0.8233140337390983,0.7966901196889048
1786167456.6973827,3.9399993718556807,3.541745703149575,4.384908718732625,0.8282056904257351,0.7775335888075123
1786167456.7174613,3.9328362529149294,3.5261979054893047,4.399708110262898,0.8328136867338084,0.7370707121329927
1786167456.7375393,3.9259465575012715,3.5106517026077224,4.414913003007451,0.8281403953523695,0.7572933211980356
1786167456.7573152,3.919472335252831,3.4954529591654566,4.429488100419677,0.8176797987491901,0.7370143150542479
1786167456.7776718,3.9131337433701137,3.47996833816272,4.444013234928539,0.8053298604523275,0.713532474889999
1786167456.7975106,3.9072547729917506,3.4649984030334458,4.45890779047901,0.7951191567572756,0.750778679528498
1786167456.8173494,3.901654824008589,3.4500910374574856,4.474520370464128,0.7881228043485585,0.7869715981480643
1786167456.837374,3.8962999278565755,3.4351452090647863,4.490257123421115,0.7793007969778839,0.7858734581254762
1786167456.8575406,3.8911462826725645,3.4200553784111714,4.5050742773567505,0.7780330588201051,0.7347360409156651
1786167456.8774507,3.8862438351497706,3.4050215249135505,4.518663992712096,0.7822896630796812,0.682553945967348
1786167456.8973656,3.881520651734295,3.389826910329379,4.533360529350246,0.7877808147066087,0.7379681596516262
1786167456.9174309,3.877012776091189,3.374538541824247,4.548552556290221,0.7840542635445817,0.7571290323484254
1786167456.9374003,3.872771860690739,3.359363974767606,4.562331499902204,0.7795791407829743,0.6900006961426793
1786167456.9575057,3.868741222458378,3.3441551907541425,4.575968201455626,0.7739816596148646,0.6782619280941323
1786167456.977393,3.864993813836949,3.3292223511417,4.589180970086771,0.766408180380221,0.6643852675324887
1786167456.9974952,3.861460416158155,3.3143209379312153,4.602514343301234,0.7549332769142475,0.6632772413795064
1786167457.0174406,3.85817269639364,3.2996110181444016,4.615445804275071,0.7495760697088169,0.6483435754140294
1786167457.037498,3.8550793394049734,3.284877081932877,4.628791455096687,0.7452272591631232,0.6653716003626445
1786167457.0573628,3.8522228727320997,3.2702781506541108,4.643257369021355,0.7442448888737798,0.7282185412437522
1786167457.077386,3.8495449902852528,3.255530694957331,4.656324178966253,0.7447139240440094,0.652586514165059
1786167457.0976238,3.8470218074411546,3.2406359807490936,4.667181163493519,0.74327792281738,0.5364673393178152
1786167457.117456,3.8447024353571586,3.226054624891571,4.676700648113798,0.74185847089501,0.48000303456003424
1786167457.137331,3.8425214853484695,3.211444975772323,4.686515916568533,0.7411287569181091,0.49384875291820307
1786167457.157787,3.840438687569992,3.1964660044727173,4.696966525787542,0.7377663472416821,0.5108804537317087
1786167457.1774716,3.838577955525304,3.182080766117626,4.705764685249654,0.73587532644626,0.446957540600197
1786167457.197761,3.8367827358405644,3.167296441373782,4.712736492832034,0.7334538024194975,0.3436178663926052
1786167457.2174518,3.835120692116731,3.1529635945970207,4.716691752145197,0.7325007403716581,0.20086888033800698
1786167457.237835,3.833443965727642,3.138183096689624,4.717832845746743,0.7296475763610647,0.05598228460037818
1786167457.257361,3.8318496521800345,3.124130123200992,4.716783121721082,0.7241853053969917,-0.05376030769649521
1786167457.2773912,3.83019774080926,3.1097398428148835,4.715279445096683,0.7229366434150056,-0.07507024960923649
1786167457.2975538,3.828504402760782,3.095213177558163,4.713379381186632,0.7250509050595454,-0.09423713057165589
1786167457.3174455,3.8268068162985474,3.080915645483928,4.711102108937185,0.723397319861766,-0.11448331701199134
1786167457.337366,3.825054710984429,3.0665859580306276,4.706487309138127,0.7240899710670039,-0.2316598237812332
1786167457.3578277,3.8231684437357156,3.0518857767927647,4.699262279835436,0.7233904420194535,-0.3531025763136637
1786167457.3775346,3.8212463930097456,3.037747707922257,4.691526902028065,0.7226807053818255,-0.3925200053106732
1786167457.397386,3.8192028480735982,3.0236497644123563,4.6816195993711025,0.7158009002468598,-0.49907208680097
1786167457.417443,3.816986857905033,3.0095335706563704,4.667977082232824,0.7100212772247099,-0.6801885789379404
1786167457.437662,3.81457489469889,2.995549013896358,4.651358990343677,0.6987187201876067,-0.821910868390792
1786167457.4578607,3.811937231788224,2.981723704977111,4.632346996994315,0.6927631635143148,-0.9412426788621753
1786167457.4774795,3.809156515325662,2.968521580868494,4.612960696995858,0.6827416124071574,-0.9881516597849977
1786167457.497488,3.806104072892449,2.9552875258781364,4.593849217259344,0.6729408034417556,-0.9551649854004414
1786167457.5174427,3.8028565626270856,2.9423122485781774,4.575489992109959,0.6636135273265922,-0.9200460175034681
1786167457.537836,3.799309877455972,2.9291805533176394,4.55635752131043,0.6594446276758624,-0.9381710484982791
1786167457.5579135,3.7955895716512718,2.9163829134028805,4.536793932642174,0.6553702508255891,-0.9744052226623834
1786167457.5774286,3.7916996541173162,2.9039055953357766,4.517217441298669,0.6602846092719921,-1.0031490488689854
1786167457.5975795,3.787434338010515,2.8911003755287275,4.497561137948726,0.6594289197017275,-0.9754553622958237
1786167457.617442,3.7829904053301036,2.878551864182805,4.478947918989803,0.6589519054854415,-0.9371076202124952
1786167457.6374712,3.7782608555579564,2.8659395519079256,4.4600930602295215,0.6603310164268498,-0.9413635386409062
1786167457.65803,3.7731290633773957,2.8530148171761884,4.439820122153557,0.6632508872828013,-0.9860937639310161
1786167457.6776917,3.767944735042438,2.8406641251310516,4.420369322731293,0.6670778725744381,-0.9892752958152744
1786167457.6977856,3.7624512208295124,2.828240097019263,4.401196833917856,0.6610899371804039,-0.9541438837227448
1786167457.7174268,3.756871915081926,2.8162188339449634,4.38310480007872,0.6589835623242573,-0.9211285357014604
1786167457.7374003,3.7510397651848817,2.804217640040223,4.364684799446245,0.6516267663919599,-0.92222121555116
1786167457.7576947,3.744925937713713,2.7921735428737375,4.347481929720515,0.6484131007991041,-0.8476646808907745
1786167457.7772336,3.7388942981134994,2.7807441693556587,4.332126383325839,0.6436792768049963,-0.785896984397857
1786167457.7973642,3.7326055757037353,2.7692207755083516,4.318771166660649,0.6340351357296394,-0.6634275135570672
1786167457.817424,3.7262240919981364,2.7578624611606264,4.306808943019283,0.6309240424543776,-0.5963274477087891
1786167457.8372827,3.7197525432352734,2.7466285681911446,4.296659297039658,0.6337453433398238,-0.5110957791282295
1786167457.8572206,3.7133579711856197,2.735739543332624,4.289653526976498,0.6144781997395494,-0.351377913555476
1786167457.877316,3.707067028303586,2.725163775620735,4.285116932133229,0.5938771012293971,-0.22575348097557596
1786167457.897669,3.7006784647031385,2.7145255530512684,4.281085662253831,0.5911324880725397,-0.19806683355668606
1786167457.9173853,3.694339895949845,2.7040616023592428,4.277286298745801,0.6014636943966032,-0.19270201169573303
1786167457.937892,3.6875634748571904,2.6929665203692075,4.273619603163911,0.6143763442301573,-0.17880545448723925
1786167457.9574509,3.6809457455411576,2.682206265209624,4.2709774457062775,0.625763932039845,-0.13508717627850458
1786167457.977202,3.674371070664085,2.6715686325391705,4.269150020586401,0.6133573483033303,-0.09252283250043389
1786167457.997326,3.667699664160449,2.6608201981805535,4.267137699452686,0.6089019560318677,-0.09999628676189244
1786167458.0174735,3.6609814652942987,2.650042055290031,4.265316301348827,0.6105129474772454,-0.09040290340930808
1786167458.0374627,3.654256998545483,2.639302085361119,4.263062293522968,0.613858683451563,-0.11276098853823387
1786167458.057346,3.647504695238844,2.6285754738938203,4.260396848309648,0.6171980112127344,-0.13405383311160746
1786167458.0777128,3.640513656741105,2.617553812039853,4.256039664591561,0.6203322166749465,-0.21393698606371586
1786167458.0974407,3.6335735096481843,2.606732592970609,4.250117626596504,0.6305738225357812,-0.3001852396014346
1786167458.1175115,3.6265143654582066,2.5958942527588014,4.241569206358021,0.6233226885250721,-0.4259134647131874
1786167458.1373913,3.61966215399938,2.5855837930453514,4.231003992298207,0.601956521665,-0.5314542658119868
1786167458.157781,3.612668890520586,2.5753085857798474,4.2187985010484255,0.5888315749159648,-0.5986148359555713
1786167458.1773715,3.606035984695555,2.5658210130276617,4.205045605428979,0.5703262442214774,-0.7020144471543764
1786167458.1975493,3.598775819929417,2.555743006397715,4.18948506070603,0.5935886294589471,-0.7711699472261543
1786167458.2175364,3.5915998669122224,2.546082721031403,4.174751926370535,0.580051002018547,-0.7371319338189171
1786167458.2374806,3.5843882001876075,2.5366564938599816,4.1600711331813125,0.5727993752644507,-0.7360936928791274
1786167458.2574537,3.577102690496508,2.527408855186234,4.145262279411657,0.5668551822113065,-0.7414421663481043
1786167458.2778394,3.569382611281638,2.5179011003229252,4.129453301186883,0.5772440140602485,-0.7754919138763489
1786167458.2975388,3.561549273377814,2.5085396688831474,4.114555647029882,0.5948287234152198,-0.7562516238587162
1786167458.3175442,3.553374427172812,2.4990401971229983,4.100662977384643,0.600878719210978,-0.6944437410016288
1786167458.3376222,3.5452422090747646,2.4898381841072976,4.087125254761759,0.5861999122027655,-0.6742584179171124
1786167458.3578134,3.5373698934079276,2.4811687800552744,4.072540952981318,0.5554063597999178,-0.7223100710243227
1786167458.3774042,3.529682023726431,2.472922212700517,4.059788189443482,0.5506881756148923,-0.6509549363247047
1786167458.3976662,3.5217449300893793,2.4646061549338936,4.048044077739905,0.5425422905179222,-0.5796125750986608
1786167458.4177046,3.514289967876799,2.4569701779245303,4.036149579092004,0.5089364222163587,-0.5935862464679449
1786167458.437579,3.5068256873391723,2.449503882059085,4.023251412870194,0.507305615947688,-0.6489860744106758
1786167458.457438,3.499410044352916,2.4422697828688946,4.009939345060938,0.49783349553266804,-0.6703266613918406
1786167458.4774723,3.4921474816876614,2.435361425334763,3.9968710762298367,0.4771279146138878,-0.6522943262092918
1786167458.4974456,3.484726957309503,2.4284761011251534,3.9839494414940484,0.4830003834735559,-0.6469461200235795
1786167458.5174825,3.477378316027442,2.421821286690615,3.971476671106707,0.4712267686607552,-0.6224889128723695
1786167458.5374315,3.4701057867181833,2.4153869949468367,3.9596743514746273,0.4632875853558154,-0.5916258299324901
1786167458.557341,3.462460819379059,2.4087695733833425,3.9487239263756453,0.48308862411087683,-0.5500067275121985
1786167458.5773172,3.4549158269273277,2.4023710635490367,3.9384382387936268,0.4708316655982539,-0.5148986772015742
1786167458.5973055,3.4473473161431185,2.3960689759813905,3.9298069369136934,0.4682312978206225,-0.4318177415724812
1786167458.6174667,3.439460001665252,2.3895961971324127,3.923464399592123,0.4807475445958179,-0.31459201128180897
1786167458.6378658,3.431711355488117,2.3833070089511885,3.9184799887018844,0.4646025792171514,-0.24434472340547395
1786167458.6578987,3.4242266358168196,2.37727840772009,3.915633051385437,0.4555123740280161,-0.14211321258359155
1786167458.6778462,3.4166260544065756,2.37118491176826,3.9137550709608715,0.4636416756347519,-0.09414601877316887
1786167458.697715,3.409264201948478,2.365305024692895,3.9118200022251632,0.450152004758771,-0.09739208191485921
1786167458.717845,3.401665788541721,2.3592585303781073,3.9100316376828825,0.4578929637715432,-0.08884111941284102
1786167458.7374876,3.3943718675557917,2.353474526831812,3.9083069002654196,0.44980327639827156,-0.08780600154167593
1786167458.757461,3.3870753583370554,2.347707335880589,3.9067440122651242,0.4419159115015265,-0.07824801421892331
1786167458.7773647,3.3795152552349483,2.341751554012912,3.9049758210827084,0.4588668705505193,-0.0888374901077107
1786167458.797388,3.3722660344161666,2.336059952843912,3.9033446593428027,0.4367669221081055,-0.0814629954554987
1786167458.8184774,3.3644942018820037,2.329977406880839,3.901784489969594,0.44401398954229865,-0.0739791378975348
1786167458.837455,3.357238144793693,2.3243169852357686,3.900078432748967,0.46006984082800034,-0.08989827162371974
1786167458.8575342,3.3498307942177856,2.318560878585427,3.8978870788230573,0.4432079393685953,-0.10913586806691564
1786167458.8779094,3.3419307349580025,2.312446286819574,3.896077464211856,0.46507813162666606,-0.08881434357851921
1786167458.897439,3.334524036908925,2.3067427546655974,3.892740229544915,0.4539924020672852,-0.17088101659675667
1786167458.9177506,3.326934386321522,2.300951280123633,3.886867004347278,0.44569450278527944,-0.2891562914716956
1786167458.9374304,3.3191832265064503,2.2951139494172614,3.879417071427248,0.4673934539990562,-0.3785576420316155
1786167458.9576857,3.311499539801503,2.2894214299955604,3.8703452268030345,0.44735527278565734,-0.4478745035102118
1786167458.9774377,3.303989108143566,2.2839624942248737,3.86023617366876,0.44522709201369537,-0.5117983004284864
1786167458.9975348,3.295881156313248,2.278195495596547,3.8487106108741944,0.4686939469675264,-0.5734961874829276
1786167459.0179253,3.2879547942564598,2.2726981797299866,3.835190540007383,0.447600631369642,-0.6630570052493912
1786167459.0374553,3.280191513597168,2.2674586491566764,3.8219085513835536,0.4534800590427035,-0.6800793262880297
1786167459.0574272,3.2721397223776103,2.2621661448307875,3.8094326104118945,0.45595367656580754,-0.6246763575732294
1786167459.0775568,3.26423044294996,2.257097954453231,3.797350137166813,0.4408015381861014,-0.6002317406341205
1786167459.0978196,3.2559822545248656,2.2519464541135537,3.784929717523507,0.45310203644851793,-0.6129690755353456
1786167459.117672,3.2479889688766588,2.247083712330202,3.7725064130954964,0.4447134639579394,-0.6257835091407239
1786167459.1374893,3.2401322641484778,2.242433233379901,3.7593443004052935,0.4344970130021112,-0.6641711008778877
1786167459.1575222,3.2318042978502515,2.2376410940657276,3.7464671599645682,0.45211121491182993,-0.642800172082929
1786167459.1775749,3.2236718823397053,2.2330862212525724,3.7347724796246338,0.4379535066706918,-0.5831981229684696
1786167459.1974745,3.2153347792686775,2.2285295996077727,3.724503429491552,0.44965192071452104,-0.5160428688598254
1786167459.2174926,3.207005077441444,2.2240710040786684,3.7162839671539465,0.444333945478393,-0.41060150735411466
1786167459.237496,3.1988003606220845,2.219754787719791,3.7093058798314713,0.4362007477232082,-0.348846478772436
1786167459.2574897,3.190215809493714,2.2153010367505486,3.704228112610225,0.4551526349503178,-0.2539673189499286
1786167459.2779984,3.1816377082787586,2.2108978191531943,3.7001327858983912,0.44232241657942944,-0.19968664506803413
1786167459.2975585,3.173503433300894,2.2067550981093715,3.6975185279764458,0.43900998935710867,-0.13365259393532455
1786167459.3174136,3.165210523229063,2.2025548259349446,3.6954571783897983,0.4403869781997637,-0.10382005831881273
1786167459.3374484,3.157030250155317,2.198432006572626,3.6933550506737145,0.43004286692683014,-0.1049238705264811
1786167459.35776,3.1485017525017205,2.1941552614801187,3.6912247662249507,0.44175627149739977,-0.10488022002499667
1786167459.3777676,3.140472485041898,2.1901506277378537,3.6888051691037154,0.4217237006224348,-0.12093383879484283
1786167459.3974695,3.1324126904566336,2.1861526567683294,3.6866539646020033,0.4293936836179599,-0.10918734747988361
1786167459.4176273,3.1242360768781525,2.1821153927016086,3.684968044304702,0.4253506270080945,-0.08363606763793845
1786167459.4380958,3.1161132186157547,2.1781231561627266,3.6828193216404888,0.41573694418130047,-0.10497718215746571
1786167459.457346,3.1082244672598995,2.1742663677995555,3.680594369318868,0.4288363123498471,-0.1155810111638656
1786167459.4776626,3.1000804157159614,2.170305896461762,3.678418552844315,0.41901432844896463,-0.10709549771733802
1786167459.4979072,3.091674772978408,2.166238759673714,3.6764456377430683,0.4335629603419845,-0.09745390169608313
1786167459.517704,3.08344959581713,2.16227653206287,3.6747905053779784,0.4334589000375206,-0.08360585181283187
1786167459.5376751,3.075163715662085,2.1582998720862303,3.6734185756355178,0.43252190629264153,-0.06869564145552325
1786167459.557481,3.0664014738577112,2.1541089530369315,3.6720178925125615,0.46088627567457024,-0.07072046929588818
1786167459.5776215,3.0576847466748545,2.1499576875174666,3.6699276723081877,0.45049010889283525,-0.10378240857158012
1786167459.5975952,3.048950918258279,2.1458263766945245,3.6664932993938506,0.45452920693720505,-0.17194428060655614
1786167459.6175592,3.039716717534244,2.1415068042164243,3.660850724876818,0.4797594439773532,-0.2826377603999364
1786167459.6375065,3.031017313515528,2.1375025928165785,3.6534257988456935,0.4509590894657845,-0.37222729877546923
1786167459.6577785,3.022222797906448,2.133535904964964,3.644605585987699,0.4469022869846133,-0.43509301834873015
1786167459.677882,3.012887619536817,2.129424005872863,3.6347044811204663,0.47632991207219094,-0.4925076345950287
1786167459.6979651,3.0040872236648064,2.125653733368485,3.623056888910947,0.4473628540470004,-0.5799672653262484
1786167459.7175221,2.9952997465136706,2.1220087570994304,3.610090118565064,0.45631330629051303,-0.66302453709487
1786167459.737642,2.986273148835169,2.1183948141103195,3.596728456543283,0.45313915933777593,-0.6641016301248376
1786167459.7577524,2.977589920527911,2.115039040880347,3.5844642504231774,0.4338795600031009,-0.6098449156051945
1786167459.7774749,2.9687545266112014,2.111736228474439,3.5731940011737224,0.44812251001591963,-0.571442318947642
1786167459.7982461,2.959875514413901,2.108523610183884,3.561964373179616,0.4257990717129186,-0.5406328395472256
1786167459.817575,2.951377165107708,2.1055403840891307,3.5528125208372416,0.4363404479624223,-0.47348189718924744
1786167459.8377817,2.942495765724465,2.1025018184413353,3.5450315239451737,0.4348942341379458,-0.3850703383760869
1786167459.8577728,2.933750448623138,2.0995737031527404,3.53886659408697,0.4318061766721999,-0.3083828067595974
1786167459.8774886,2.924615981565169,2.0965627308419994,3.535098680387696,0.45654901934402464,-0.1911115135380864
1786167459.8977191,2.915367936129748,2.0935448189873425,3.532568051848244,0.44998718979835434,-0.12508957144165947
1786167459.9174783,2.9065185722512474,2.0906809763504075,3.5299272945824143,0.44047874500928913,-0.13364712055477243
1786167459.937848,2.8967394475354573,2.0875447445037763,3.526990314126415,0.4717306956996897,-0.1441833031885449
1786167459.957831,2.887501628184628,2.0846093355166286,3.524278088478861,0.45382661618823983,-0.13572790801585657
1786167459.9781382,2.878105418167145,2.081649416679583,3.5217165157648536,0.45384173724348076,-0.12614047174231433
1786167459.9977973,2.868562776973168,2.0786690245715644,3.519112664915448,0.4757158026986858,-0.13245054372107606
1786167460.0176055,2.8594716045789443,2.075855313966149,3.516276092802838,0.4494029495041041,-0.14320124405056145
1786167460.0376399,2.850029759537728,2.0729574633775503,3.5141336506569383,0.4611071715854905,-0.1069386369429368
1786167460.0578997,2.8402413248280594,2.0699743917713596,3.5121190165504097,0.4724008960292774,-0.09943969934511428
1786167460.077848,2.8311032129127334,2.067209386368321,3.5099422748556175,0.4476100081543094,-0.10911946356992182
1786167460.0973437,2.8217775965162923,2.0644096107404204,3.5075671080223203,0.46706624253166634,-0.12183013231545946
1786167460.117786,2.812384883730697,2.061613294679811,3.5050751973481056,0.4483081657587165,-0.12190003508822629
1786167460.1375568,2.8035147720881284,2.0589948795481807,3.502685387346521,0.43741484523529944,-0.12087536507551642
1786167460.1574588,2.794110072754473,2.056239335569322,3.5008114554129524,0.46042285840036434,-0.09415801383281368
1786167460.1774893,2.7850922354052003,2.0536143589896634,3.4989877933207167,0.43840556454384316,-0.09104426890889049
1786167460.197368,2.775923093007823,2.0509607525351794,3.4975599071166803,0.448946781274049,-0.07183022676679401
1786167460.2178118,2.766552925149503,2.048262511027344,3.496200075992684,0.44591648344801116,-0.06651519712066839
1786167460.23735,2.7576726435277132,2.0457184236783963,3.494712886631202,0.44200602378077575,-0.07611714953960975
1786167460.257407,2.7480993579353314,2.0429929710947246,3.4927177954744657,0.46393470588786917,-0.09947124896359698
1786167460.277599,2.7387779028567625,2.0403605059431444,3.4902563800388773,0.4484132470765845,-0.12189964349821555
1786167460.297412,2.7296282284591324,2.037797021938241,3.488347736541544,0.44829138343061437,-0.09633375116352672
1786167460.3173873,2.7197863617305726,2.0350550321263974,3.487212972644334,0.47806857306757455,-0.05680800106374547
1786167460.33755,2.7102594829374143,2.0324133110220335,3.485808349739227,0.4583030154449674,-0.06966483148922864
1786167460.3574984,2.700813256862143,2.0298091692693787,3.4840786942543343,0.45909306593337557,-0.0867061183089102
1786167460.3778129,2.690593802079766,2.027010919817607,3.4821679731627033,0.4874713887569846,-0.09405721633133836
1786167460.3976736,2.6810414770865476,2.0244170525934106,3.4796212980552474,0.46576494604261137,-0.12822656826849144
1786167460.419094,2.6708488757209268,2.0216802258369153,3.4761896421104534,0.46041286565281986,-0.1602044461051785
1786167460.4374814,2.6615327628845744,2.01920760603208,3.4735005631235545,0.4898261504283123,-0.14624639857713775
1786167460.4575124,2.652177969368978,2.01674522714102,3.471869859713059,0.45123305077823234,-0.08140908681030636
1786167460.4775758,2.642613228222454,2.0142419622329095,3.470557796556185,0.4604287473918663,-0.06539585211438002
1786167460.4974134,2.632906206645023,2.011716472935042,3.4688387375277236,0.47240120531601565,-0.08665652496016374
1786167460.517838,2.6234733046482233,2.009282820954964,3.4662617418036428,0.44561073070524737,-0.12617114493907372
1786167460.5376482,2.6140493471719486,2.0068756033078263,3.4637632315128086,0.4586863884598549,-0.126122417943025
1786167460.5575645,2.6047881909933475,2.0045322777291137,3.4614839302091287,0.44807945542152283,-0.11444403633482608
1786167460.5780435,2.595456609744068,2.002192462729813,3.4592267905027616,0.43882224601596925,-0.11021747597619165
1786167460.597478,2.585973635478113,1.9998341293232047,3.457418253009324,0.46966134141870497,-0.0930583217959699
1786167460.6178648,2.5767065910771714,1.9975459367398252,3.455714079786002,0.43732585139157565,-0.08359144145375962
1786167460.6375315,2.56753589366044,1.995296748694204,3.454133779514216,0.4484401263342662,-0.08035423032627981
1786167460.6578183,2.5575897177365476,1.992873389217004,3.452526988573658,0.471301774781962,-0.07920377098269664
1786167460.6777136,2.548185958229909,1.990599282077664,3.4505260582701323,0.4541602779989274,-0.10057293822184882
1786167460.6977224,2.5385570154811465,1.9882891134423866,3.448727458708041,0.46217800173216445,-0.08989041547223772
1786167460.7176657,2.5286780685391355,1.9859366005662051,3.4469782345276685,0.4755266689944033,-0.0877101422225568
1786167460.7380838,2.5190410829987506,1.9836599016895202,3.444968123517439,0.4528796096020264,-0.09844718181516243
1786167460.7576003,2.5094723596682194,1.981417591351036,3.4431727851861114,0.4702282860016748,-0.09199094461678045
1786167460.7776384,2.4998547490346725,1.979180165640992,3.441584856181703,0.460136935357127,-0.07924537723277969
1786167460.7974136,2.4906680964764694,1.9770580371687143,3.4399113363013494,0.44518771509773497,-0.08462740831953251
1786167460.8178778,2.4806609779678293,1.974763563408433,3.4381594780917797,0.468426872986889,-0.08560607104298561
1786167460.8375192,2.471547458225637,1.9726904988477842,3.436287977847434,0.4442767673566136,-0.09528344736544123
1786167460.8575966,2.4622629186137193,1.9705956827218136,3.4344603526448734,0.4425902841958149,-0.09102867437270933
1786167460.8778405,2.4526866326735415,1.9684517760488307,3.4327908515859873,0.4525595303095584,-0.08246940806381564
1786167460.897977,2.443636256145642,1.9664421961609357,3.4307852779834307,0.4298012462257301,-0.09959844875616575
1786167460.9175413,2.4344003461200776,1.9644109007376178,3.428546506886963,0.4512259293819113,-0.11443231086547588
1786167460.9375007,2.4255280172122817,1.9624770819757316,3.426813341287607,0.42468603023697526,-0.08683433759423344
1786167460.9591892,2.415782930644541,1.960365181088449,3.4260624925668126,0.4291534665414979,-0.034619732136841025
1786167460.977411,2.407409646912609,1.9585554498725586,3.425684658481239,0.4388352048013044,-0.02073521505806325
1786167460.9978535,2.39835221285618,1.9566060119185649,3.424279626460859,0.42303980195717955,-0.06873097692155934
1786167461.0180671,2.388796361070547,1.954567449426842,3.4218588694261545,0.45118007686898054,-0.11975880391697853
1786167461.0380447,2.3796687553397358,1.95263874815245,3.4201888060940124,0.43585508948955953,-0.08359692231068729
1786167461.0576677,2.3707150610103502,1.9507569593028302,3.419593516225232,0.435165658912254,-0.03033626970153985
1786167461.0777233,2.360883722526953,1.9486957664319375,3.4192011645207807,0.46746367314146087,-0.01956326541430651
1786167461.0974808,2.351694715610231,1.946775957341506,3.4181604182763574,0.44344106202944394,-0.05267598421570191
1786167461.1178958,2.3419006043860535,1.9447427245472093,3.416542401601783,0.45728543164528307,-0.07925600348292386
1786167461.1378388,2.331885703784458,1.942680506793312,3.4147721737740313,0.47848701594059617,-0.08876437479949144
1786167461.1578639,2.322369015112951,1.9407391995605787,3.4126514255421863,0.4526330657319847,-0.10590495162362638
1786167461.1774595,2.312918400953139,1.938830459845622,3.4106809998838816,0.45914117624993184,-0.10055437669217661
1786167461.1976292,2.3028159807587567,1.936806959539514,3.4092772590918434,0.4766682728979921,-0.06959639257440373
1786167461.2176104,2.2933177631680604,1.9349165064129972,3.4081402490697728,0.45226879330104086,-0.05690414504291156
1786167461.2374594,2.2836434968213366,1.9330042401411596,3.4065252686312464,0.4635838717191159,-0.08136306094954437
1786167461.2576578,2.2740819051308643,1.9311316548242774,3.4044505222222043,0.4500905413872628,-0.10271863314089184
1786167461.2777855,2.264855314295014,1.9293453019301605,3.401974554563308,0.4356428399293342,-0.12301249740089457
1786167461.2978058,2.2552747234170303,1.9275134015556055,3.3995558793948972,0.45456402480586583,-0.1208114579267629
1786167461.317762,2.246163912970016,1.9257915792840228,3.3974410031624367,0.433469182970773,-0.10597636664970832
1786167461.3378692,2.2366826449432153,1.9240206553714503,3.395054124911168,0.44750613992741467,-0.11870723056358258
1786167461.3575292,2.2276576043267333,1.922353600924094,3.3932220948280944,0.43548559162330197,-0.09318567918452315
1786167461.3779738,2.218322514691474,1.9206457019866625,3.3914692118763075,0.4330095369804907,-0.08573805525548399
1786167461.3974864,2.208886113374529,1.9189355141403588,3.389714941126848,0.4584616602069734,-0.08990426457736207
1786167461.4181113,2.199395323991188,1.9172314696699317,3.388034725436854,0.4360967599281263,-0.08146549284343196
1786167461.4384549,2.189978222363089,1.9155577503028463,3.386009202908356,0.43854280214978775,-0.09956587297535494
1786167461.4573822,2.180638988057445,1.9139166234031115,3.3839250870349136,0.4672810352423687,-0.11011142308491759
1786167461.477843,2.1710654087431065,1.9122537812658171,3.381844627862373,0.4429369392791541,-0.10168002690808003
1786167461.497913,2.1614200105019234,1.9105977623705885,3.3798261920806203,0.45478538330283447,-0.10057060874028505
1786167461.517415,2.152034697997752,1.9090030321734934,3.378218056164903,0.4552553078181687,-0.08245936213400656
1786167461.5378432,2.1427125827920475,1.9074346466961682,3.3764011891317725,0.4315605694206753,-0.08893924820296142
1786167461.5576336,2.133112692542052,1.9058361859913275,3.374664120932277,0.4585986737354162,-0.08777322511854395
1786167461.577414,2.1240716392692,1.9043450159504516,3.373178827220502,0.43199961065627435,-0.07508917442866823
1786167461.597474,2.114818802171346,1.9028350076535894,3.371095849068918,0.43582134470923106,-0.10383707234665196
1786167461.617505,2.1056564120951626,1.9013570786178753,3.3692930070530185,0.4320449528543976,-0.09000270756347768
1786167461.6376483,2.0968388647200755,1.8999482115461115,3.3679721872936663,0.41335710818745,-0.06557126658457847
1786167461.6574752,2.0876309681022653,1.898490081255417,3.366378273801114,0.4384370586261425,-0.08039150718453324
1786167461.6773977,2.0788147926313414,1.8971080720724038,3.3646902407512718,0.41765694469702197,-0.08473000290909044
1786167461.697566,2.069567026271275,1.8956756736771632,3.362531329277687,0.43262736048242767,-0.10704476817313043
1786167461.717484,2.0609318746376735,1.8943544500668956,3.36080059551503,0.4089168287334901,-0.08689310219589036
1786167461.737534,2.052194521372038,1.8930333818526748,3.358802230131249,0.4109084081776999,-0.09966885372256916
1786167461.7578688,2.0427152483673874,1.8916186995862814,3.356755990460282,0.43941895275188897,-0.10062787239881688
1786167461.7779195,2.033777700645285,1.8903009011690186,3.355099986910162,0.4200527849308342,-0.08259054583625909
1786167461.7975547,2.0246692182780333,1.8889678478623424,3.354525384223714,0.43707037535282767,-0.029263907258492712
1786167461.8174977,2.015517822570785,1.887626343836263,3.3556622346756724,0.43236841228633754,0.05700498999425873
1786167461.837453,2.0064849421615865,1.8862835610197817,3.358925105084767,0.4266502427655946,0.16351012459493885
1786167461.8575468,1.996746787987877,1.884798083930973,3.363882558636641,0.45707629347097783,0.2467141345804526
1786167461.877639,1.9877423395505645,1.8833761332688377,3.3702496879851256,0.42305546512540665,0.3168948072913785
1786167461.8975065,1.9784046834997884,1.8818390508056222,3.3779439628823296,0.4441921917638192,0.38728102698236466
1786167461.917653,1.9688731457961446,1.8801964952891426,3.3864119351180038,0.44775699885477094,0.42031750890494235
1786167461.9378395,1.9599479868966347,1.878582742828235,3.395647123912387,0.4191157128756337,0.45749503119284857
1786167461.9575717,1.9505300692951983,1.8767987455000101,3.4043407100699468,0.45320436433425776,0.44057783302922965
1786167461.9778867,1.941446014649913,1.87500339333367,3.412682965803973,0.425316405826965,0.4106465031540778
1786167461.9974213,1.932634487100558,1.8731895888738062,3.42130857706574,0.4297880039730333,0.4415558354001162
1786167462.0174837,1.923700393811382,1.871273615606769,3.430423379361216,0.42510924227446534,0.45432157302756737
1786167462.0374055,1.9152406897832233,1.8693882747298387,3.4385603223805754,0.40615949700656445,0.4084445852446202
1786167462.0575628,1.906307307463885,1.867332093640474,3.4453776533688196,0.42462122782617007,0.33820593089346657
1786167462.077429,1.8980515648170602,1.8653860042832728,3.4499148433716025,0.3986976966334494,0.22838708883807052
1786167462.0976772,1.8890696746041025,1.8632326274875601,3.4535922604961917,0.4260053034084758,0.1816172166134691
1786167462.1176317,1.8809051245961692,1.8612502136182452,3.456172313246242,0.39323979253844793,0.12929715717483783
1786167462.1374028,1.8723891207665915,1.8591661310455265,3.457529699730082,0.4141708392426693,0.06865508475888246
1786167462.1574848,1.8642485554278299,1.8571718573699803,3.4567459513078393,0.3898073862803508,-0.03902741472641714
1786167462.1773803,1.8559334088285147,1.8551480976274848,3.454359617786142,0.4017365901601832,-0.11994305717801589
1786167462.1974628,1.8474540562554713,1.8531046293591147,3.4519725478370074,0.40561433796694357,-0.11886334214947068
1786167462.217417,1.8392982169622216,1.8511550227634168,3.4504712626755527,0.3924567509888003,-0.07523653258096412
1786167462.2373796,1.8304502675258647,1.8490518499362603,3.449312049797841,0.4254418849365288,-0.05806938109661705
1786167462.2579703,1.8220683780155211,1.8470712704515364,3.4476749897693244,0.3906001246207476,-0.07950450912240097
1786167462.277543,1.813369518497349,1.8450313366058264,3.445746168302745,0.426269816436625,-0.09854634434379095
1786167462.2975187,1.8052253080895642,1.8431363235395304,3.444030356803201,0.3908673987754876,-0.08589509973005939
1786167462.3174021,1.7967192806750598,1.8411736369748732,3.44185789989595,0.40993480609507477,-0.1092598618165208
1786167462.337568,1.7884480174071355,1.8392811451242979,3.4401473774908196,0.39285396614077017,-0.08482243226605195
1786167462.3573694,1.7803402776955148,1.837440131624177,3.438383339712354,0.3920151483861804,-0.08908661590030072
1786167462.378163,1.7719307386102985,1.8355442004902733,3.436907080144319,0.38705577529765894,-0.07099560180299846
1786167462.3975098,1.7642160057808796,1.8338128717111564,3.4363369162312978,0.38154096315971536,-0.029470839980295437
1786167462.4176383,1.7563599759772368,1.8320537033475048,3.4359575234277653,0.37339576487743176,-0.018848549048613997
1786167462.4373996,1.748769589858554,1.8303604671869746,3.4346583640424915,0.3674000088693355,-0.06574252767437684
1786167462.4574642,1.7407759560359493,1.8285921728699341,3.4322074497347503,0.38090560080034447,-0.12215121361997115
1786167462.4776485,1.7330682264720056,1.8269019888259002,3.4307727913840806,0.36494189487058115,-0.0710780101211431
1786167462.497497,1.7251863106422392,1.8251842950694495,3.429489925565411,0.379383074604446,-0.06463260783303518
1786167462.5174253,1.7176826225646273,1.8235579604162893,3.428391505910253,0.3596369656528044,-0.05511881262555128
1786167462.537368,1.7096508074337462,1.8218284907857556,3.4266568063649228,0.38454543827332854,-0.08698392322141284
1786167462.5574324,1.7018728958177123,1.8201659048493997,3.425231050327533,0.37000156912957793,-0.07105915502931884
1786167462.5774097,1.6936867587040785,1.8184291683453218,3.423429979108178,0.3909774747201647,-0.0901557472714857
1786167462.597414,1.6857537851594904,1.8167581627186102,3.422179585912812,0.3782485056458278,-0.0625063069805637
1786167462.617435,1.6774460858943803,1.8150204762522149,3.420460240721953,0.39565658627396244,-0.08587725261867926
1786167462.6373863,1.6693344242813561,1.8133356519872021,3.4192351004860626,0.38754393936061177,-0.06140640271452178
1786167462.6573985,1.6609481279666836,1.8116043815024123,3.4179218335830694,0.39933762685441915,-0.06562351077942817
1786167462.6774545,1.6526242807538885,1.8098930831302693,3.417545453282767,0.395423915272444,-0.018766460207088585
1786167462.6974385,1.6444152838408972,1.8082094809371285,3.416957236879491,0.3913308574517737,-0.029434357521864733
1786167462.717374,1.6357229094622758,1.806435451114235,3.4155439939537513,0.41529012641034835,-0.07089038528992313
1786167462.7373788,1.627258389396591,1.804718594758049,3.41442327057065,0.40289727070363424,-0.056022865690588224
1786167462.7573595,1.6183849130365158,1.8029315429569812,3.4126455482858797,0.42274222605625045,-0.08897211013544228
1786167462.7776458,1.6096446292520323,1.801185587433892,3.411120600582204,0.4099809990223266,-0.0751712277235939
1786167462.79744,1.6010043677889878,1.7994755842902506,3.4088950166026986,0.41520347808998154,-0.11243602119381899
1786167462.8174005,1.592351814699074,1.7977796504402899,3.4072458895288324,0.4121685085927557,-0.08261992692814621
1786167462.8373337,1.5840422042979065,1.7961625639026404,3.4060649775114173,0.39625718448480196,-0.0592434035630502
1786167462.8574057,1.5751996793605303,1.7944522571467654,3.404856138107096,0.4186528392690566,-0.060225209636782955
1786167462.8774223,1.5667472226776031,1.7928276118282358,3.4036280044080214,0.4011915233563215,-0.061355544410953894
1786167462.8973634,1.5580858549453465,1.7911768869429154,3.401555648974332,0.4125292155814958,-0.10392387145880932
1786167462.9175181,1.549604477573022,1.7895792882356791,3.3990951224251935,0.3994962782261242,-0.12208193466800792
1786167462.9375026,1.5411466962304825,1.788007079340883,3.39648522310741,0.40158020286351837,-0.13059628432226078
1786167462.957542,1.5328885045912455,1.786488947698418,3.3948920271322605,0.3908722815455519,-0.07950349491801842
1786167462.977463,1.5244830666556386,1.7849575410682708,3.3931391464704577,0.40007514145733825,-0.08799131555648514
1786167462.9975865,1.5160127495673048,1.7834299821916604,3.391111129635818,0.39896502734168177,-0.10077862567644255
1786167463.0174947,1.5078600968308171,1.7819748608245547,3.389337279760593,0.3880169717635642,-0.08910151527593049
1786167463.0377553,1.4992617761806364,1.7804538989807037,3.387856829962107,0.40198876414683615,-0.07307048225550966
1786167463.057615,1.4911145513318584,1.7790234556991615,3.3866585375516225,0.38848940665685333,-0.060337614954304584
1786167463.0777516,1.4825274507542046,1.7775266870757727,3.3852730814337635,0.40373956713968534,-0.06880290006939183
1786167463.0975018,1.4742821428924702,1.7761004341398363,3.3839556626140905,0.395157949187562,-0.06670435096246854
1786167463.117502,1.4656837260370934,1.774626838662701,3.3820045690877425,0.4068076710687358,-0.09755360642216017
1786167463.1378741,1.4571677932355922,1.7731823915913616,3.380341853705854,0.39542176048683914,-0.08161706996285903
1786167463.157515,1.4489216626569907,1.771797846568235,3.378487863232277,0.3970256270525431,-0.09439426631810811
1786167463.1774664,1.4405979210942839,1.7704130386175465,3.377199473721844,0.3944181671262751,-0.06457657891979406
1786167463.1977909,1.4322039759147207,1.7690276818397896,3.375778426314059,0.390350455884678,-0.06991805959930426
1786167463.2177603,1.4238040228408768,1.7676535841032939,3.374212548049553,0.3974716317393465,-0.07841363772215375
1786167463.2377744,1.4156355493413006,1.7663295899350628,3.3727062458227133,0.3855559906672819,-0.07526224855848743
1786167463.2575095,1.407172611518872,1.7649710590925367,3.371012136335604,0.4049911666607783,-0.08584246690692686
1786167463.277802,1.398948323954073,1.7636619508823628,3.369938612299686,0.38267026260746234,-0.05290244919045772
1786167463.297542,1.3906883951053002,1.76235625252243,3.368769049523006,0.39500941255860417,-0.059248053438326724
1786167463.3174388,1.382532112738958,1.761075820356928,3.3677167773260948,0.386910279236002,-0.05288664858773603
1786167463.337519,1.374048757972168,1.7597554400596802,3.366013969801094,0.39866067972017893,-0.08480079330035324
1786167463.3575668,1.3657472548016443,1.7584767449700343,3.364398717446085,0.3906356614004675,-0.0805696411291081
1786167463.3777163,1.3573725513976547,1.7571992620775558,3.3629471002314975,0.3919966924098642,-0.07204245370077611
1786167463.3975234,1.3493268934122777,1.755981944913279,3.36185708279537,0.3830263015262856,-0.05503165126831189
1786167463.4175737,1.3411026605969323,1.7547475197874036,3.3604762919192286,0.3867026806931177,-0.06886638875303162
1786167463.4376457,1.3327812056959343,1.7535107892439572,3.358816344603675,0.39075757075584056,-0.08269971570076158
1786167463.4579322,1.3245775720519273,1.752304248427486,3.3572891922623525,0.3810557061758263,-0.07527901906049571
1786167463.4775038,1.3162553379835387,1.7510918806886662,3.3559423842521796,0.4005982305092913,-0.06881460639426279
1786167463.497553,1.3079549459409965,1.7498906611891305,3.355330785199283,0.3899662205561639,-0.030504707335463524
1786167463.5174453,1.2993865581827269,1.7486566388046194,3.354534430503884,0.40569219016958025,-0.040033483763573206
1786167463.5377178,1.2908705796570668,1.7474356116884298,3.3540460236096163,0.3956076007532121,-0.024092097875472316
1786167463.5574932,1.2824043979761541,1.7462287307247515,3.3528539025350295,0.4031287655353021,-0.06028306075935598
1786167463.5777905,1.2738334377237122,1.745016297614522,3.3518028742162094,0.3975567617414873,-0.05178170958077923
1786167463.597446,1.2655130649317239,1.7438495489847596,3.350324504845245,0.3984603216757676,-0.07521416001886191
1786167463.6174982,1.2567303737735238,1.7426302326840475,3.3489241263882294,0.41219149943745087,-0.06983666801940298
1786167463.6379578,1.2481487893711312,1.74144946585777,3.3477772898951694,0.3946584336768482,-0.05605356806799702
1786167463.6575398,1.23952136572476,1.740270886653399,3.3469105545376383,0.41448750470093765,-0.044261765393147294
1786167463.6775696,1.2312683556662365,1.7391494767998725,3.346299374794291,0.38759399414582385,-0.030513547538311644
1786167463.697687,1.2227044055342216,1.7379925986656324,3.345300741147341,0.400400646055349,-0.049640582852583076
1786167463.717513,1.2145874734795605,1.7369049479596537,3.344061979889488,0.38501117477326013,-0.0624811056057621
1786167463.737474,1.206272827660826,1.735802341362985,3.3424325506518313,0.3916484850624713,-0.0816311312345858
1786167463.757845,1.1980061861949094,1.7347186387130848,3.340920776287087,0.3814651161866257,-0.07421222894060528
1786167463.7776852,1.1899096031384255,1.733669709478184,3.3392371892692405,0.38352740856523637,-0.08485718808045609
1786167463.7975073,1.1818315661709644,1.7326359549422612,3.3376395576720492,0.38291311787119914,-0.08059841951678837
1786167463.8174384,1.1741119992763966,1.7316605357146337,3.335883104466642,0.3638385704502372,-0.0881263526831383
1786167463.8375285,1.1660828392976126,1.7306591992636708,3.3342205051057383,0.37534960979203674,-0.08275713412414741
1786167463.85751,1.1581126685909406,1.7296782556960701,3.332481679489561,0.37453122884730927,-0.08702124159975298
1786167463.8775709,1.1502819566219307,1.7287267160438786,3.330970431845518,0.36644871446057853,-0.0753334526378308
1786167463.897914,1.1422326175113733,1.7277591648061787,3.329763354092294,0.371387831922132,-0.0593360802655762
1786167463.9175868,1.134761302230104,1.7268704860665542,3.3283644195795565,0.3564028242545603,-0.0711098313318214
1786167463.9376209,1.1270538612401868,1.7259657477791979,3.3265133087064824,0.36096434378716685,-0.09239812135545568
1786167463.9576488,1.119426033564016,1.725083651412001,3.3247264995367725,0.35726615193525074,-0.08921610951695376
1786167463.9776108,1.1117163750198062,1.724204263024938,3.323222372874168,0.3622165456129622,-0.07534922399546233
1786167463.9978802,1.1040907013088703,1.723343848062702,3.322169407113012,0.35278410686085854,-0.051948556787887464
1786167464.0176485,1.0964596380713436,1.7224916386824154,3.320827273514919,0.3619313877704104,-0.06789343559609724
1786167464.0376787,1.0887184181307477,1.7216383559633774,3.31914731413672,0.3622884261755649,-0.08387107161773502
1786167464.0575407,1.0809954014769174,1.7207999191422862,3.317354681158716,0.3644259863185451,-0.0902546925249264
1786167464.0778131,1.0732815080577158,1.7199751317581735,3.3157187588859083,0.3565538143990118,-0.08069664858489654
1786167464.0978158,1.0653978172823066,1.7191469105315076,3.3134450113550904,0.3692377064611467,-0.11367257903738466
1786167464.1176546,1.0577523966049087,1.7183643280718313,3.3100480546374507,0.3609221128941978,-0.17122784699702412
1786167464.1375642,1.0499413939977928,1.717594058499883,3.305536575875077,0.3672729677803611,-0.22659793093919675
1786167464.1575408,1.0421646784680432,1.7168649218110774,3.2997754285991325,0.36424392902768704,-0.28839455607107733
1786167464.1775334,1.0343023967033693,1.7161758653948853,3.292561711196067,0.3677278636877662,-0.36081955469019883
1786167464.1975849,1.0267296151055705,1.7155664227517995,3.2845566732974456,0.3529070576025084,-0.3992243047530399
1786167464.2175333,1.0189076427115407,1.7149964828066095,3.2763599848354645,0.3661585239106373,-0.4108928313952702
1786167464.23782,1.0112141671632275,1.71449918518138,3.2670293715507945,0.3539117737237779,-0.45994063348938874
1786167464.2582626,1.0033412850208427,1.7140613267762592,3.257104686971877,0.35917193930608576,-0.4854873777228617
1786167464.2776387,0.9960617651815864,1.7137240885067926,3.2471812006227982,0.3501893408720414,-0.5121524626596542
1786167464.2982004,0.9885894380763578,1.7134486100210815,3.236868624428293,0.33857629398401773,-0.5015430948136393
1786167464.3176284,0.9814309457820265,1.7132514952882154,3.227207753187433,0.34315524338107284,-0.49726497341938
1786167464.337545,0.974146376788404,1.7131152929577682,3.2179402555891694,0.34054257566211854,-0.465316776556064
1786167464.3576992,0.9666502401181394,1.7130359593629463,3.209829284560765,0.34624047539176694,-0.40244494136394526
1786167464.3776407,0.9592325384314695,1.7130079907684448,3.2033546434274687,0.34624047539176694,-0.3246806375336315
1786167464.3977058,0.9517992491646343,1.7130196798842725,3.1984001439110106,0.34482025742735195,-0.24692162620610722
1786167464.4176643,0.9441166931449434,1.7130647707758355,3.1941745765038165,0.3582841648040008,-0.2117177259922446
1786167464.4379556,0.9369338761404584,1.71313068146787,3.1913462278988187,0.32948662896127906,-0.13938705958707015
1786167464.4578784,0.929251697316207,1.7132162324110696,3.190014604245006,0.35891665694982466,-0.06683940568298895
1786167464.4775605,0.9222784990929933,1.713303399911894,3.188466288679936,0.329777841900014,-0.07866590151583266
1786167464.4976695,0.9144818295819239,1.7134165956988063,3.1857299811543287,0.36090287873547927,-0.13607419228489062
1786167464.5174186,0.9074335296187486,1.7135356537304312,3.183419203625654,0.33221388675490415,-0.11700634318797133
1786167464.5374572,0.8997523464007091,1.7136798582704704,3.181738136313537,0.35682393718856925,-0.08389143526890078
1786167464.5577867,0.8924340129893686,1.7138249870160769,3.1812004607916964,0.33510921580779535,-0.026448076558131344
1786167464.5775986,0.8850449311311868,1.7139767952143232,3.1802552695017474,0.3471925712315202,-0.047708336139655236
1786167464.597481,0.8778702149974846,1.714129918160793,3.1795388573523913,0.33592808743221764,-0.036032404922399015
1786167464.6177511,0.8702426592766603,1.714300475696938,3.1781185858557586,0.3503067941224216,-0.07006728401195597
1786167464.637837,0.8628861632030074,1.7144739581479422,3.176967288833982,0.3409660030641157,-0.05731891963566011
1786167464.6574972,0.8557754992945661,1.7146493532885851,3.1758400738782333,0.33671351572453645,-0.05733476671101813
1786167464.6775281,0.8485575122905873,1.7148352116293815,3.17469151030792,0.3354773912659536,-0.057339373181510056
1786167464.697495,0.8413175098307608,1.7150316172340956,3.1729299525344103,0.3375921594862011,-0.08822416105250214
1786167464.7177215,0.8338947977869695,1.715245560936376,3.171102703684041,0.34168304329681,-0.09033944507164751
1786167464.737508,0.8267700510849765,1.7154623809761707,3.1695255004381075,0.33527243572066456,-0.07971069011375259
1786167464.7574892,0.8193941043998698,1.7156968830195902,3.168231411887454,0.3437268134445016,-0.06476548241030382
1786167464.7778015,0.812173607963482,1.715934593250846,3.1671529304000607,0.33100773859838045,-0.05309497178859399
1786167464.797593,0.8050748082450299,1.7161768967463213,3.165680650889898,0.33400303039706425,-0.07438909842664833
1786167464.8174496,0.7983359625257773,1.7164195165903116,3.1631869049306,0.3160504719159214,-0.1255886923306822
1786167464.8375373,0.7915194988048018,1.7166874720035612,3.1586312346963057,0.31604673794666566,-0.22678882766848885
1786167464.8575153,0.7846500414162487,1.71698982373907,3.1531430688645457,0.32031140059127655,-0.2747098348427639
1786167464.8775535,0.7778414220381131,1.717327128360302,3.1468269765978865,0.3166009489390905,-0.3152037105682298
1786167464.8974671,0.7712750573778544,1.717693759383848,3.1397008927058594,0.3073430284324487,-0.35784878804493847
1786167464.9180646,0.7679191883931897,1.7179048169743543,3.131747702404621,0.15192151229520184,-0.3861248482873967
1786167464.9374318,0.7645506734604024,1.718144411942026,3.1221040082058766,0.16226919471757756,-0.4979390529910474
1786167464.9575288,0.7603398296787365,1.7184800730809215,3.1134267506793174,0.19560618660765164,-0.4317684262356202
1786167464.9776008,0.7553278755908241,1.7189210470155303,3.1044851538261446,0.23327260123954635,-0.4454764984041559
1786167464.9977038,0.7500139842181346,1.719431432175558,3.096280312282461,0.24712889880883668,-0.40814060705944905
1786167465.0175366,0.7444353139799995,1.7200131828148029,3.087003783660299,0.2631955173524463,-0.4677355425382879
1786167465.037503,0.7387260429604563,1.7206584683613113,3.077750227023693,0.26781329843039536,-0.4634572764361143
1786167465.0578268,0.7325917424285049,1.721407012270211,3.0679641324812805,0.2829941013973631,-0.48151019993922645
1786167465.0774817,0.7263847538504029,1.7222185217277264,3.0593594863811524,0.2964215778664117,-0.43778431999844053
1786167465.0974555,0.7203092441875976,1.723058680108309,3.0520826353907693,0.28580651342780766,-0.364320631402413
1786167465.117487,0.7138830681185724,1.723989252623145,3.0456608421354874,0.30171466313314454,-0.3205855071270589
1786167465.1376188,0.707802320730682,1.724901520968669,3.041157123887495,0.2842948203826408,-0.2237113592348068
1786167465.157492,0.7012271715728491,1.725915187154387,3.037009681276494,0.3116102486158808,-0.20869586502257245
1786167465.17751,0.6949410859597731,1.726905158394212,3.034238236802024,0.2959088583055787,-0.13844692414483525
1786167465.1977143,0.6883159441863305,1.7279632076481855,3.032410538197311,0.30910537740427624,-0.09046084713240907
1786167465.217468,0.6816861915308035,1.7290330470755377,3.0307924870961496,0.31646242543946845,-0.08191131529101528
1786167465.2377279,0.67561723146106,1.7300232816953094,3.028698772288798,0.28253953650075436,-0.1033430191034403
1786167465.257423,0.6687168452163497,1.7311652859699371,3.0259536188869447,0.3305876520432264,-0.13938295657761773
1786167465.2774768,0.6620831781667098,1.7322781057470709,3.0240329504572383,0.3122418182463333,-0.09577548123206053
1786167465.2975779,0.6555787575043812,1.7333818975641746,3.0219359551677534,0.3055408221565834,-0.10432256826791159
1786167465.3176,0.6493056703687203,1.7344578653218554,3.020273053228608,0.295928669603523,-0.08305309964354074
1786167465.3375206,0.6428457331761732,1.7355758291786005,3.0187679073351865,0.3063792005177101,-0.07555730424235231
1786167465.3575523,0.63614348092773,1.7367444105106549,3.017617862264941,0.3161805674408396,-0.05741128361813402
1786167465.377429,0.6296747923926205,1.7378789984357483,3.0166454703075556,0.30759799168277807,-0.04892115146432522
1786167465.3974845,0.6230075896619331,1.739056442482827,3.0151520831580534,0.31427845005027333,-0.07446260291618594
1786167465.4176154,0.617081602238561,1.7401127323319634,3.013264387957182,0.2783757510469154,-0.09377115570315442
1786167465.4376433,0.6106248444753841,1.741276367691983,3.011089646542655,0.3049777069081764,-0.10858572448501763
1786167465.4577703,0.6045017356719375,1.742390191589668,3.009803359933638,0.28788170647718697,-0.06390832714610925
1786167465.4775002,0.5984883495282995,1.7434917908771446,3.0084584322427195,0.2884832777202243,-0.06816714310935337
1786167465.4976044,0.5921652404475664,1.7446606074895539,3.0064033651106485,0.29778558204584415,-0.10222093962873322
1786167465.5174778,0.592046745029573,1.7446827880012845,3.00363046024211,0.005647801728907609,-0.13952859434623882
1786167465.5374637,0.5886014106275876,1.745340088744296,2.99895876767608,0.1634009798161398,-0.23374925520976825
1786167465.5575411,0.585785237085326,1.7458907375759587,2.9938142617758747,0.13307589599905997,-0.2562328160840618
1786167465.5776572,0.5836224448696354,1.7463249212865861,2.988186100913164,0.1021109355489897,-0.2797840259219383
1786167465.5975947,0.581367667169316,1.7467926752947112,2.9800171825405726,0.10755494546859992,-0.40972599978275703
1786167465.617699,0.5776340730475289,1.7475979302058555,2.9712926049021395,0.17692803728547207,-0.43396856002739775
1786167465.6378527,0.5727776624392995,1.7486898422124273,2.961283818732284,0.2300335929370702,-0.496621261636198
1786167465.6578312,0.5678185738389123,1.7498528095515415,2.951596720421359,0.2374828047771876,-0.48487559303436106
1786167465.6786788,0.561814984774335,1.7513188269038502,2.941668917411137,0.2761522908379834,-0.47620937405778957
1786167465.6978672,0.5563420513646629,1.7527056562820034,2.9330216523938586,0.27413140164525174,-0.4506505585227578
1786167465.7176666,0.5502917821632176,1.754292853146081,2.923720852543258,0.294364486426504,-0.4697499189183377
1786167465.7381136,0.5438649435965417,1.7560393418524811,2.9142036929712014,0.3035316784649526,-0.46545469924227467
1786167465.7575543,0.5375041981878179,1.757828432740535,2.9047831403053053,0.31677572246801666,-0.48458010459626305
1786167465.777555,0.53087494748011,1.759753006977593,2.896306012492287,0.3217118374146226,-0.42384163709967726
1786167465.797548,0.5243639816811385,1.7616976098847577,2.8883429055247034,0.316846634484642,-0.3982934210210428
1786167465.8176956,0.5174341146037498,1.7638176454761703,2.882079577285171,0.3353560239270724,-0.31087276123761587
1786167465.837699,0.5105585655567326,1.7659601193545702,2.877267497841835,0.3356928859807897,-0.2405640531287201
1786167465.858111,0.5034468028170842,1.7682076721751887,2.873488190529956,0.34072823480588227,-0.1851515380130141
1786167465.8775632,0.4967086107407934,1.7703587793491244,2.871067589214427,0.33908713089369846,-0.12443758080289787
1786167465.8977263,0.48948979639628454,1.7726783717504078,2.8694830154779867,0.3506924937998844,-0.07858796217391877
1786167465.9177237,0.48271105169117345,1.7748696099659078,2.867377526830956,0.3322394188300735,-0.1052883392452561
1786167465.9375877,0.4754553591498223,1.7772336689973969,2.864547381197992,0.3582865673326722,-0.14247552869705887
1786167465.9577115,0.4690982890767774,1.7793233158874837,2.8618266926487665,0.31014186570576185,-0.13519809092789842
1786167465.9780169,0.4619268778024519,1.7816991626292276,2.8596033674312515,0.3470218975399338,-0.10949430945228122
1786167465.9978592,0.45549688468683214,1.7838432055544287,2.8577245624672054,0.3186215412596509,-0.0946864424862468
1786167466.0179446,0.4487773163648905,1.78609826059457,2.8555026000557926,0.3291678241726708,-0.11062610785385003
1786167466.0376713,0.44872066031843993,1.786117408178046,2.8531912449941452,0.0028279632617012607,-0.11716854943783332
1786167466.057665,0.44872066031843993,1.786117408178046,2.8508696905143047,0.0,-0.11611382352745478
1786167466.0777354,0.4462681763467633,1.7869584319938427,2.84829170068376,0.12051174277948878,-0.12844790461285138
1786167466.097705,0.44338361469063625,1.7879544320104357,2.846366489130051,0.14256846420287822,-0.09640777621921988
1786167466.1180506,0.43915366553187973,1.789423323188273,2.8445398063574623,0.20533003303398514,-0.08978230594120262
1786167466.1375012,0.4346229893495124,1.791005526421313,2.842650242498897,0.23019578337147292,-0.0971464937147442
1786167466.1578321,0.42907403664772215,1.7929557941854686,2.840288336137712,0.2699257519231486,-0.11617319814178524
1786167466.1779375,0.4234370493414321,1.7949496173636816,2.838424384255211,0.2774897172043949,-0.09270919311000923
1786167466.1977406,0.4173784164504857,1.797103876521833,2.83678020067054,0.3029867714090358,-0.08302679732626973
1786167466.2176251,0.411257923104533,1.7992910148103811,2.835087032111759,0.3050062649330122,-0.08514980046962332
1786167466.2380197,0.4043828792289126,1.801761624952743,2.833005053249851,0.33426658314967483,-0.10208499162290433
1786167466.2577858,0.39801425020836034,1.8040645347175857,2.8308808806483343,0.3197312775050683,-0.1074654802391996
1786167466.2776158,0.3911674380792578,1.8065554487133102,2.828878297582745,0.3428861235448521,-0.10098760610213181
1786167466.2977107,0.3845629708606748,1.8089698339589546,2.8275969662527665,0.32658527253818687,-0.06376409665721768
1786167466.3176649,0.37739282658106443,1.8116016124916525,2.82613557515386,0.35723701519987267,-0.07323725155576484
1786167466.3377955,0.37060716019945605,1.8141018563842572,2.824981282407235,0.3352801888410216,-0.05734010806475347
1786167466.3579931,0.3632690973176047,1.81681641861665,2.8234163251407844,0.36155369395241826,-0.07748222301249665
1786167466.3777344,0.35672349542539283,1.8192483980661251,2.821989563585312,0.33014680840212696,-0.07227293993024302
1786167466.397578,0.34975432176357324,1.8218497006166035,2.8202397911307657,0.3499061827081467,-0.0881782723200085
1786167466.4178,0.34296390016047207,1.8243962203683561,2.818735555364245,0.3347562358681603,-0.07438629157435052
1786167466.437778,0.3359321471099366,1.8270461437991623,2.816846323924476,0.3511095793924343,-0.09456537442715286
1786167466.4577913,0.329262877644775,1.829573556175867,2.8148244633465627,0.3326682827003276,-0.101025683321634
1786167466.4779935,0.3221386401095381,1.8322939503757327,2.811493773110019,0.3523977484072281,-0.1648680267884954
1786167466.4976454,0.31587922466844987,1.8347098183008481,2.8072046178175336,0.31875154146129836,-0.21825663261463002
1786167466.5181081,0.3091014215836134,1.8373606693222106,2.8019547664336537,0.33208196496155307,-0.2565564759203103
1786167466.537772,0.3029401496314019,1.839805870756871,2.796573466962192,0.3147922606444977,-0.27366513771702944
1786167466.5576391,0.2973304041243674,1.8420671862431375,2.7904781783918113,0.28432508035957993,-0.3068018724801849
1786167466.577722,0.2906308144666552,1.844815071413602,2.7836574147078452,0.33678911319461824,-0.3396295605422223
1786167466.598067,0.2848269136648576,1.8472356058538864,2.77791434812677,0.2887471914135865,-0.28228431126609493
1786167466.617943,0.2787600236844885,1.849801618819817,2.7729615810047124,0.3096411346888589,-0.24918325157877086
1786167466.637649,0.2728748170700481,1.8523190674254981,2.7692472736231353,0.30351407042545947,-0.18848601149114366
1786167466.657891,0.2670583665920845,1.8548294009887767,2.766078001834678,0.292454980940715,-0.1565692905786159
1786167466.6783972,0.2611265186637488,1.8574049976801736,2.7645932546313223,0.2947107106883137,-0.07240499405904391
1786167466.6981566,0.2553761926321847,1.859909214146968,2.7637941861433695,0.29663697796223454,-0.04043988266097841
1786167466.717748,0.2497755133754953,1.862356016245965,2.76214587588418,0.2915523671976905,-0.08413467255705318
1786167466.7378623,0.2441956861229344,1.8648052851958028,2.7601100902501927,0.2831410854752833,-0.10121024853347879
1786167466.7580562,0.24043519157033,1.866464239967748,2.7582313716968323,0.1902343577821221,-0.09303435392666498
1786167466.7777507,0.23719360867094785,1.867899600932466,2.7571947238420895,0.1682487601661122,-0.05263623562424097
1786167466.7980366,0.23324370473344236,1.869654117781758,2.7557619226472854,0.19914620778520084,-0.07063059038104333
1786167466.8176527,0.22865209699676625,1.8717002415123125,2.7546719257226204,0.23953771434265259,-0.05556636760548968
1786167466.837801,0.22384225242069267,1.8738505345379306,2.7532307781043226,0.24443376712933146,-0.07152708879653273
1786167466.8575995,0.21849607766159052,1.8762494044664852,2.7517748448097246,0.2766690223624116,-0.07353749161575429
1786167466.8779707,0.21273945092885072,1.878840658379725,2.750733502066417,0.28969853920507577,-0.051118383409115335
1786167466.8976958,0.20697132932307105,1.8814443506971301,2.749578853060978,0.2999348290628571,-0.058537088490800616
1786167466.917711,0.20086985412692404,1.8842059245208767,2.7486213955098813,0.3128200305482345,-0.04783642687784154
1786167466.9375594,0.19478788238057754,1.8869662321958725,2.7474183281322886,0.31459737884568084,-0.06061297674602161
1786167466.957719,0.18849004826377258,1.8898338211742747,2.7460465343973537,0.3209204507832735,-0.06804626460111021
1786167466.977719,0.1819916327348574,1.8928036460799709,2.7444948385594556,0.3340099668924099,-0.07758486588559779
1786167466.997619,0.17544726021958756,1.8958058746838835,2.7430148257039133,0.33830039058857825,-0.07437308413069461
1786167467.0175607,0.16905700343244257,1.898748610680569,2.7414460923789887,0.3298704801512327,-0.07866555629544025
1786167467.0375223,0.16241526894738167,1.9018186753782718,2.7400043467848634,0.34275104868157347,-0.0722259696915124
1786167467.0575445,0.15591257256793334,1.9048369732583388,2.738109728907941,0.33482027096874994,-0.09462607722942051
1786167467.0777216,0.14918619649088383,1.9079737519469515,2.7362226293480694,0.34398018080536685,-0.09352667799888806
1786167467.0979908,0.1425970672418111,1.91105994462304,2.7345854019086837,0.3357085874927506,-0.08077432921161211
1786167467.1175673,0.13599161372830015,1.914165547026113,2.7331510463667406,0.3486991794690434,-0.07326906816459083
1786167467.137528,0.1296788185201576,1.9171441840979433,2.7316869392440064,0.32706160071316703,-0.0733497015242526
1786167467.157505,0.123003961430725,1.9203081155705755,2.7294143497998196,0.3458408494754154,-0.11375976842236948
1786167467.1774576,0.11671474607569365,1.923304121370423,2.727610725614191,0.32657707062764,-0.09039573812277936
1786167467.1976347,0.1100255414812148,1.9265041278581103,2.725960043584903,0.3437648510067219,-0.08180957163821376
1786167467.2176118,0.10357137022867358,1.9296009977586044,2.7251550436110175,0.3352063074482262,-0.04029615241040622
1786167467.2374852,0.09703624908084896,1.9327459618086593,2.7235502047242313,0.34138116304241356,-0.08075319011699966
1786167467.2574904,0.09046097060451497,1.9359211104367413,2.722339630156688,0.341448219677002,-0.06051291594298998
1786167467.2775743,0.08367653146792398,1.9392096378234518,2.720440394617212,0.3511949232021697,-0.09456505638980761
1786167467.297812,0.07688011845898979,1.9425143243957859,2.7197553123211797,0.34936235847451363,-0.03385181266658234
1786167467.3175719,0.07011624104978398,1.945810009227681,2.7187501188297567,0.3562462976244858,-0.05087039035037903
1786167467.3380923,0.0631694353631127,1.9492029292800461,2.7177933872725255,0.35249138680937137,-0.046623325441479756
1786167467.3575974,0.056158612296898,1.9526376978373223,2.7161999232873826,0.3744951181147819,-0.0816950539877787
1786167467.3775496,0.04928710966181771,1.9560162661627305,2.714823827398324,0.35908805246942443,-0.06896929584234182
1786167467.3976407,0.04215536145507959,1.9595349028165923,2.7133319951393027,0.3703772523360689,-0.07425354833792926
1786167467.417587,0.035386499230737334,1.962886344343904,2.7118709650676354,0.3543419898031406,-0.07324803999132311
1786167467.4378107,0.027925513816451364,1.9665957481377114,2.709874932727465,0.38555072240663124,-0.09869808578358262
1786167467.4578304,0.02094415900788804,1.9700788560690088,2.7089424558195017,0.36470684635136125,-0.04657780401074132
1786167467.4776208,0.013677016177942702,1.9737109513240234,2.708422656413083,0.38417915502375305,-0.026265215337750697
1786167467.4975436,0.0066544169794107155,1.9772229006495654,2.708492485506321,0.3688316214478099,0.00350499563298788
1786167467.5175219,-0.0005951642546053737,1.980849715808057,2.7081589592837725,0.37972413118710435,-0.016694437249714086
1786167467.5380125,-0.00787060514987914,1.9844937945760623,2.7075324989935803,0.37164336535855763,-0.030572988236475983
1786167467.557879,-0.015038415388743509,1.9880920392212322,2.706290688512436,0.3778294224101092,-0.06250786871210746
1786167467.5778186,-0.02206009890416971,1.9916276592411413,2.7049799242217007,0.36900722887120696,-0.06573653830052274
1786167467.5978305,-0.029197373569449292,1.9952318178829234,2.7038779599338625,0.37395782214380274,-0.05506544534332754
1786167467.6177423,-0.03620191607405565,1.9987778747152434,2.7028659906094283,0.3690490068826401,-0.050822680508538366
1786167467.6385584,-0.04373364852598205,2.002599843861535,2.7018975921711106,0.3797794927565058,-0.046521635151353075
1786167467.658053,-0.050660339327390114,2.0061228324225113,2.700948658099402,0.3731332854721311,-0.04867693139819503
1786167467.6778843,-0.05774194191558468,2.0097345006695386,2.6995820914184154,0.37522174636751804,-0.06890917294423776
1786167467.6978965,-0.06495211297472503,2.013422747731283,2.698416522799235,0.378831518692435,-0.0582430766134644
1786167467.717617,-0.07215096178208791,2.0171137616350108,2.6976254479882256,0.38402489279746577,-0.04011422787092532
1786167467.7379675,-0.0795271141903311,2.0209025633616307,2.6968956248427176,0.38145653882310887,-0.03586274120737505
1786167467.757685,-0.08655056347557144,2.0245159672977193,2.6962930506601217,0.37500947009655405,-0.03056044430366999
1786167467.778227,-0.09433128420506054,2.0285272145659956,2.6951638012199437,0.3989464667321039,-0.054972324093982505
1786167467.7975414,-0.1014286610744799,2.032194165249379,2.694450978677294,0.38723119618309343,-0.036906486136576315
1786167467.8182714,-0.10928335472937056,2.0362592379797073,2.693753097991215,0.39943298213608747,-0.0336652223529551
1786167467.838075,-0.11674424752030244,2.0401259733762735,2.6932761131982343,0.39728304983046686,-0.024085854243060135
1786167467.8576176,-0.12424878758470981,2.0440219463446745,2.6923271624749936,0.40509487312719167,-0.04855782517924935
1786167467.8782303,-0.13189578833642202,2.047999916829114,2.6915667501132914,0.3915348357935647,-0.03689044844010015
1786167467.8981214,-0.13943830893482478,2.0519320269590575,2.690494590673077,0.4003921051346867,-0.05390167242481481
1786167467.9178858,-0.14690570151532034,2.0558362372898205,2.689092298303962,0.39920412992403803,-0.07095033044158879
1786167467.9376895,-0.15418556467825884,2.059655576639774,2.6875176704919075,0.38871121361443284,-0.07951154822979185
1786167467.9579809,-0.16199801382326973,2.0637696833481454,2.6858624630469197,0.4074737217936364,-0.0815721578152641
1786167467.9775908,-0.1693722645286837,2.067667197081139,2.6843666185261212,0.3983167837331405,-0.07627995935515595
1786167467.997662,-0.17725401283469222,2.071849534249943,2.682409305916079,0.41632653087294863,-0.09751813398530285
1786167468.017838,-0.1847555410360564,2.0758467161928,2.680741048525983,0.3945694569414003,-0.0826855105443872
1786167468.0379105,-0.1924613213200872,2.079970615336559,2.6786119233579693,0.40781749237531556,-0.10607195876826524
1786167468.0577154,-0.19995764309490172,2.0840030479993517,2.6762365186817023,0.4025782407991361,-0.11993992073102956
1786167468.0780778,-0.20750390595802737,2.0880832042583517,2.674097333407161,0.3946474497597499,-0.10505577305749034
1786167468.0977132,-0.2149079003742943,2.092106296728876,2.671867721130958,0.4020193226032666,-0.11355041694732344
1786167468.1180007,-0.22235416559199306,2.0961721444141843,2.669779407111906,0.39178094675322006,-0.10293592633108219
1786167468.138046,-0.22998991590875373,2.1003619125137356,2.6675249894970774,0.40709049429081917,-0.11246625457380982
1786167468.158065,-0.2374160930412368,2.1044546642873003,2.665869874967411,0.39686437392906176,-0.08267695843839847
1786167468.177921,-0.24488249520945482,2.10858682641616,2.663805638252989,0.4027067349119907,-0.10396047535176477
1786167468.1975217,-0.25224221359739096,2.112677569973519,2.6620184946730223,0.40255566731276526,-0.09117786507923308
1786167468.2177503,-0.2598022286088435,2.1168986685947293,2.6597645563501526,0.40112704304645036,-0.11142321319306715
1786167468.2375314,-0.2671915719229978,2.1210411724709384,2.658403382235907,0.40134934117868565,-0.06881180734833281
1786167468.2585428,-0.27491365115176114,2.1253821482450954,2.6573151892094042,0.3951394929153022,-0.05179071763611019
1786167468.2780104,-0.28227041035893474,2.129529518779294,2.655872278615861,0.40659121873728893,-0.07411859544830356
1786167468.2975917,-0.2892896679538455,2.133499881857423,2.654315140957306,0.38601484308370804,-0.07952159636952312
1786167468.31761,-0.29668776287308407,2.137699500311414,2.652660195018554,0.3983316249732458,-0.08267149066483218
1786167468.3379087,-0.30399010368504975,2.141855029350055,2.6521057097447143,0.3879926254711825,-0.027316268713588623
1786167468.3579354,-0.3113627359595369,2.146056351667381,2.6514526733170714,0.3971902157607755,-0.032608315681432
1786167468.3776324,-0.3184531473679728,2.150102717492268,2.6508307354668403,0.38852666005068826,-0.03157533635508854
1786167468.3977978,-0.32565223970510937,2.154220549849955,2.6493989643123763,0.385547230344657,-0.07100122346007635
1786167468.4179027,-0.3326492652145714,2.158236995431715,2.6476281203947676,0.37620184228118336,-0.0880802804236037
1786167468.4380834,-0.3399732831011143,2.1624579962074186,2.645765849271099,0.3927158500181706,-0.09227979801389269
1786167468.4578521,-0.34693502286265243,2.166485946908913,2.6440671208077577,0.38146418376272573,-0.08593014121167133
1786167468.4776132,-0.3539041621176965,2.17053388664754,2.642221762256609,0.3824118755555383,-0.0933834606500264
1786167468.4976459,-0.3608041172755282,2.1745570473430225,2.6405638072900603,0.37386623445574235,-0.08276266198557564
1786167468.517725,-0.36786216516001835,2.178686506805392,2.6390951118454096,0.3818980677327824,-0.07314535109217975
1786167468.5376444,-0.37489303786034633,2.1828138329993014,2.637510927133012,0.3838245330894228,-0.07952975865309156
1786167468.5581512,-0.3819715198302135,2.186983914376181,2.6358357115070454,0.3757161767928027,-0.0816905036605603
1786167468.5778651,-0.3888420789585276,2.1910477477187515,2.6338265628106616,0.3797638452495925,-0.1019154441361028
1786167468.5977607,-0.39556808162268253,2.195044328185365,2.6316073426466824,0.3688421459188325,-0.11154352423854527
1786167468.6181252,-0.40289193695596426,2.199419416868619,2.6288820764487495,0.39295757797023795,-0.13382421020961038
1786167468.6378558,-0.40981524696187854,2.203577017854437,2.62672440777703,0.3839640603563125,-0.10935664290767082
1786167468.6578264,-0.41715767950350535,2.208008235017724,2.6242653288613234,0.4028738796318335,-0.12313461232841127
1786167468.6781566,-0.4244704203106273,2.212441504814372,2.622519351870529,0.39465248787553314,-0.08588099443416657
1786167468.6978323,-0.43175286870235574,2.216873724430068,2.6206208537341014,0.4065429323361802,-0.09648932854630138
1786167468.7177398,-0.43920289428256243,2.2214258135403537,2.6188488111671697,0.41151974438873834,-0.08901393119180001
1786167468.7377067,-0.44645802244058397,2.2258764004059404,2.6169217386202375,0.4000181631220233,-0.09651364337693427
1786167468.7578266,-0.45424194303430776,2.2306710209094094,2.6150033054626904,0.4264154060874381,-0.09535000848965551
1786167468.777907,-0.46167268600476097,2.2352635527629685,2.6137717957338897,0.4082705749383807,-0.061329164023447486
1786167468.7980828,-0.4693783168831456,2.2400294904918314,2.614362294029493,0.4214583834465252,0.029267457969859478
1786167468.8175929,-0.4764737178633529,2.24440549602072,2.6165529158389114,0.40099398013586746,0.11228182250897999
1786167468.837706,-0.484035119588213,2.2490373029448825,2.620890531320925,0.4136990304454688,0.21565981871566003
1786167468.8584182,-0.4917468108025973,2.253713336984965,2.6262615281932153,0.40853069088013105,0.2593164005552387
1786167468.8780413,-0.4988824296522719,2.257984840133779,2.633063407612427,0.39755423209423435,0.34662718006823645
1786167468.8980005,-0.506802773189071,2.2626534215435115,2.6407923246540728,0.4320001839875682,0.38723559294563104
1786167468.91817,-0.5143170206948813,2.2670100271091522,2.648493121120548,0.4037780291659081,0.38180409970239565
1786167468.937793,-0.5220923333074099,2.2714477643859725,2.6553390105416486,0.4276740685558526,0.34886995179490776
1786167468.9578443,-0.5297965162556417,2.275778314241715,2.6625254352219305,0.4130914719689466,0.3584029890513437
1786167468.9776893,-0.5374266212811323,2.2799973660531765,2.6703143267184157,0.4116740595722648,0.39248616895663624
1786167468.997883,-0.5453506358861178,2.2843024745394946,2.678434227718915,0.4183454778425264,0.40209841020551373
1786167469.0176744,-0.5526890837359546,2.2882194045086397,2.686179652118582,0.393648290871342,0.39135373072508706
1786167469.0380325,-0.5607637874006293,2.2924609132299434,2.6926307562010448,0.4195289397503604,0.31688166554422964
1786167469.0581067,-0.5681464546128684,2.2962927248416056,2.696744170160107,0.38794577475520564,0.20491120375013055
1786167469.077754,-0.5756885649906636,2.3001784454646343,2.6991388177841813,0.40426576646102813,0.12188139488448493
1786167469.0979102,-0.5830339871409898,2.303945093132413,2.7008853449650188,0.3833866279089201,0.08664986149552949
1786167469.1177614,-0.5904520747560301,2.3077390690612525,2.701464226796504,0.39290120442423493,0.029161038424816585
1786167469.1376877,-0.5976504138313522,2.3114237304588876,2.700218829015677,0.3798947392150139,-0.06250017222098782
1786167469.1579404,-0.6050720395326956,2.3152387765559492,2.6978531727381836,0.3857251154458976,-0.1168069313130261
1786167469.1777918,-0.6121468910756834,2.3188938369678285,2.6959142803406215,0.3755516776221875,-0.09767008321420777
1786167469.197695,-0.6194070108230453,2.3226601159384654,2.69431025065382,0.38473871992955616,-0.08059161633289097
1786167469.2177348,-0.6265828368524007,2.3263933599127675,2.693463218607019,0.3779227273655049,-0.042267496722611306
1786167469.2379055,-0.6338422588035613,2.3301775860022964,2.692632298412835,0.38001412702963483,-0.041194438596573124
1786167469.2580533,-0.6409439205686137,2.333887655058587,2.6916085819069293,0.37236165558825246,-0.050810335781915926
1786167469.2777634,-0.6479582546223662,2.337560448365506,2.6906913705475395,0.3761449822442358,-0.04653517930971926
1786167469.2976837,-0.6549727425631926,2.341242693547969,2.6894245683874654,0.3723985837447836,-0.06359337139994667
1786167469.3176796,-0.6620525816967798,2.344971656584929,2.6878123186806797,0.3747332489507671,-0.08062890214703498
1786167469.3379028,-0.6690696584364979,2.348681956776672,2.6860519510299583,0.36756705907568543,-0.08704719387529529
1786167469.3575706,-0.6759189315362175,2.352315772606913,2.6848847763438917,0.36919474435733685,-0.05934425289987956
1786167469.3780181,-0.6830541431393361,2.356112561181833,2.683475373822875,0.37019910891893487,-0.06892789001680913
1786167469.3981042,-0.6899907014756531,2.359813916782919,2.682475761048945,0.36660650267606176,-0.04976651816855847
1786167469.417751,-0.6967453312899252,2.3634267922088865,2.6814141827941755,0.3651752177201877,-0.05403290965709019
1786167469.4333994,-0.7020843836523116,2.366288799387746,2.680568505231995,0.36258805239926023,-0.05404255083895164
1786167469.4576497,-0.7105405098761286,2.370834437275378,2.6789745401364518,0.3708179823314336,-0.06572979045055928
1786167469.477836,-0.717409075733418,2.3745372572593713,2.6780771220957638,0.3620868977669358,-0.04445703848876837
1786167469.4976976,-0.7246169097129352,2.378426081427926,2.678317290407968,0.38625313588637483,0.012092033137490426
1786167469.5180297,-0.7318436631283151,2.382317191972477,2.6799487108011384,0.3781243100097365,0.080238664627351
1786167469.537726,-0.7392600669425748,2.3862847658688144,2.6841114625802507,0.39996537708613933,0.21134758192681263
1786167469.55769,-0.7465878780945305,2.390157287194666,2.690839465433108,0.3887785323859703,0.337007097124873
1786167469.5777895,-0.7543135540718912,2.394171111301393,2.6991346542351287,0.40554531331636373,0.4127033542070423
1786167469.5976453,-0.7616574938014435,2.3979141923913625,2.7075605970213643,0.38859132985279615,0.4243580832612515
1786167469.617555,-0.7691577660683995,2.401660872363673,2.7164764112704747,0.3940866109577101,0.4478143792532547
1786167469.637677,-0.7770009217349829,2.4054995190145267,2.724995238285042,0.40602432544397865,0.42335778362647347
1786167469.6578584,-0.7844816485723785,2.4090863346097278,2.733774066152859,0.38453281783507687,0.43499560340351673
1786167469.6779442,-0.7925679896432156,2.4128832635132262,2.74238527717371,0.4159484803342762,0.4287210885929057
1786167469.6982272,-0.8001669401192102,2.416377054399862,2.7510355091206375,0.3855529748778173,0.4264772895739731
1786167469.7188523,-0.8084488137689155,2.420104436638303,2.75965788730316,0.4116377553278359,0.4180523801320824
1786167469.7381725,-0.8159442518378486,2.4234079601147633,2.7677542373659874,0.39625637979801986,0.4190603252164814
1786167469.7583327,-0.8239457784371884,2.426862238386783,2.7759669208169213,0.40397117498637775,0.4073711659332903
1786167469.7779016,-0.8315538218606919,2.4300806393348426,2.7835211153444543,0.3944024910091252,0.3860302191038942
1786167469.7976625,-0.8392561066964063,2.433274428986063,2.791275685200804,0.3941656359079857,0.39242092306945264
1786167469.8181865,-0.8471359607859084,2.4364712422800303,2.800006960575182,0.3869696269252307,0.4254173043521891
1786167469.8381095,-0.8546714700160857,2.439460662079225,2.807908990921783,0.37997534527786153,0.39662910009060237
1786167469.8576984,-0.8623391486077782,2.4424376739974187,2.8157628878047127,0.39204001730940563,0.4009351173493817
1786167469.8783357,-0.8700331189487698,2.445360133327194,2.823683830392111,0.3722919368141349,0.38381729430903183
1786167469.8980768,-0.8777712212086327,2.4482347773437567,2.831493438093545,0.39029182109277577,0.39560228044149487
1786167469.917744,-0.8850845470085629,2.4508928446173344,2.83891610170628,0.3692374853039937,0.3774143251490753
1786167469.937792,-0.8930358796058218,2.4537203325844823,2.8464629599191067,0.3927817497899756,0.3764367994183622
1786167469.9577732,-0.9005748341482409,2.456342709904416,2.853770251433197,0.37270346526046394,0.36570933247479204
1786167469.9777958,-0.9086512686457979,2.45909280405626,2.860582658992046,0.3974995923554968,0.34023538983473056
1786167469.9978378,-0.9162211842474199,2.4616176602500444,2.867250236833091,0.3713835808581885,0.3326812163523166
1786167470.017693,-0.9241447607115234,2.4642062334158656,2.8738783521613986,0.3915466442206962,0.33382161930353693
1786167470.038074,-0.9319515437044722,2.466701932911078,2.8809195284454825,0.3750123309013037,0.3454779122764293
1786167470.058124,-0.9399753706019308,2.4692155702724703,2.8864379070469353,0.39103875938290206,0.2752301826672941
1786167470.078344,-0.9478108600737775,2.4716332938304206,2.890192765005495,0.37811704094211934,0.18569981670599847
1786167470.0976593,-0.9555041988152624,2.473985587656021,2.891990238704027,0.38832613049011633,0.0930598553786636
1786167470.1177516,-0.9631982422748973,2.4763254561470656,2.8934736210762684,0.37316266995097963,0.07382858824796303
1786167470.13769,-0.9709198859423217,2.4786685811814557,2.893352978057625,0.37731612210513504,-0.006050766437896526
1786167470.1577046,-0.978626621553877,2.481013621758999,2.8918885126829754,0.3752485238089679,-0.07317013090108744
1786167470.1779754,-0.9862992926360403,2.4833592798459807,2.8905991675207443,0.3690216283378879,-0.06360595576823289
1786167470.198479,-0.9939964397089913,2.485721618449225,2.889600583669332,0.36612651602069884,-0.048703042423260214
1786167470.2177055,-1.0011652788933638,2.4879293883782916,2.888582097029764,0.363758519174191,-0.05297292460858519
1786167470.2379367,-1.0086309057652698,2.4902378794842686,2.8872083930501695,0.3601391975862346,-0.06790011426922114
1786167470.2577333,-1.0159615044641992,2.492514840123211,2.8859064815404682,0.36153963412063966,-0.06576436661071051
1786167470.2778983,-1.0233485753470792,2.494819471433572,2.884580065500711,0.3578164000935998,-0.06577824140103684
1786167470.297827,-1.0307123182330862,2.497127044189272,2.8832482030538267,0.36106572526943626,-0.06683139708827934
1786167470.3179708,-1.0381134123475018,2.499458304693517,2.881472659735871,0.35919820139552106,-0.08814364521624349
1786167470.3379815,-1.0455246028696281,2.5018058309344036,2.8798582890213806,0.36227320277018704,-0.08067533504030906
1786167470.3578253,-1.0529331683202892,2.5041651964071656,2.878194195515857,0.36538071163044944,-0.08385954808416068
1786167470.3778481,-1.0603669092215522,2.506543598521048,2.8770268586674037,0.3635084285031088,-0.05830017876229102
1786167470.399133,-1.0685981572559364,2.5091893165702843,2.8753790326530293,0.3788138046095063,-0.07741790247432012
1786167470.4182136,-1.0756709950748657,2.5114733880453683,2.8741446556913184,0.3632728936971951,-0.06469264310897647
1786167470.4380186,-1.0835839682713837,2.5140410427739894,2.872422474588058,0.3917474981117699,-0.08695708443839507
1786167470.4577024,-1.0909417556726353,2.516442111082388,2.8706251151192475,0.3667130224712854,-0.09131143422323666
1786167470.478047,-1.099100238711649,2.519121554978691,2.868422717665701,0.39367245104765164,-0.10825519973985107
1786167470.4977746,-1.106691359706082,2.5216315861193155,2.8663700004073847,0.3780118799088328,-0.10405250178169628
1786167470.5182855,-1.1149145746057338,2.524370172799425,2.863887429285503,0.39414720474681686,-0.12103660378233232
1786167470.5380511,-1.122515605165153,2.5269199161637106,2.861767625823312,0.3783526147230342,-0.10724702532698042
1786167470.5579195,-1.1302713050652304,2.5295389675128326,2.8596160793388083,0.38433021156431996,-0.10829001399355315
1786167470.578018,-1.1378920071635088,2.532128022050971,2.857888425058686,0.37356244068701266,-0.08595958739410087
1786167470.598097,-1.145680497268837,2.534790389712546,2.8556497428840633,0.38241242974974377,-0.11149295399733689
1786167470.6179612,-1.1531924901017516,2.537377228266712,2.853095782903527,0.3731350105342086,-0.1285717576720548
1786167470.6381683,-1.1607432879599222,2.5399985558908766,2.8503467210891333,0.36903097328229373,-0.13604390259405447
1786167470.6577733,-1.16792969334183,2.542513318507031,2.8478461777087585,0.36234079477624964,-0.12754671834121156
1786167470.6780906,-1.1754107386221353,2.5451459236917087,2.846640084156341,0.3642073780201827,-0.05936283853315054
1786167470.6979125,-1.1826314560581912,2.5476906296566284,2.846920091017444,0.3603811496750977,0.014126148949993169
1786167470.7178507,-1.1900078070747913,2.5502799248767616,2.8493473347300453,0.3658322746583313,0.12173817083883041
1786167470.7380133,-1.1973257506822594,2.5528258695345043,2.8529397014275784,0.35852895972812787,0.17816996983407649
1786167470.7579486,-1.204774072120026,2.555383322805363,2.858106298002978,0.36852955043669855,0.2591673346000943
1786167470.777639,-1.212282355175867,2.5579175984181215,2.864195720845816,0.37541537190651175,0.30926042340083953
1786167470.7979567,-1.2199873416349845,2.560468981377516,2.8705006403634727,0.3725951027422104,0.31031517798360003
1786167470.8181243,-1.227606827744195,2.5629410701782684,2.87720994680169,0.3704300414889675,0.3326776629472071
1786167470.83818,-1.2352832658796278,2.5653787783442885,2.8839464511165844,0.37448729204023734,0.33588857577244546
1786167470.8579059,-1.2429213571231028,2.5677524996939893,2.890509346038552,0.3780756923286034,0.3327061547910014
1786167470.8781416,-1.2505063734950306,2.570059911859991,2.8968744885937787,0.3652754745708263,0.3145489588213043
1786167470.8979938,-1.2582138860693914,2.5723532499167088,2.9036697210105196,0.3776149841006298,0.34229181786643476
1786167470.918473,-1.2658329774945254,2.5745677442809076,2.9105474326862937,0.3611427830914824,0.3358388468909604
1786167470.9379833,-1.2733350189507424,2.57669492808582,2.9178072080360793,0.3725145088322681,0.3721002149367972
1786167470.9577804,-1.2806461997210614,2.5787140782696754,2.9252780135806784,0.35705745238101677,0.3773689357371429
1786167470.9777458,-1.288300617471258,2.5807715539187286,2.9326006132142965,0.3699393364163341,0.366764296266849
1786167470.9979784,-1.2958260019431274,2.582742301605504,2.939201335959876,0.35825203659843213,0.32624069447663384
1786167471.0184948,-1.3039433365672592,2.584815891459983,2.9455903419352434,0.3804643661096743,0.3114097675650438
1786167471.0379727,-1.3114475104546417,2.5866916831063094,2.9503272317810487,0.36997188912858886,0.2431937429962423
1786167471.0577676,-1.3193380309677205,2.5886334159146824,2.9534973820171695,0.3824231690010667,0.16014951721102327
1786167471.077919,-1.3271344958748341,2.590530244754539,2.956036822741542,0.37092984992688116,0.12601822491450934
1786167471.097715,-1.3350383422816345,2.5924347004370074,2.9583003589086045,0.3825761963863816,0.11434371672473545
1786167471.117806,-1.3427480619887746,2.594274059976871,2.9609175497819726,0.36748926140007865,0.13026646115881582
1786167471.137751,-1.3505148486015588,2.596111373990508,2.9624537808146574,0.37274021884296915,0.07702280727399469
1786167471.1577573,-1.358070275318311,2.5978936386726685,2.962331544001419,0.36143375803036254,-0.006109952744699575
1786167471.177748,-1.3657595890348109,2.5997124785140566,2.961187727001854,0.36817989903145937,-0.05721750589218676
1786167471.197744,-1.373202473941006,2.6014817611341097,2.9600001291130087,0.3563854683219421,-0.05939198721309556
1786167471.217754,-1.3808894617530874,2.6033189868784623,2.9586207130170994,0.3679274228957347,-0.06893635555161845
1786167471.2376876,-1.3884096230420597,2.6051243812906284,2.957883112230511,0.361412059937663,-0.03700270224848619
1786167471.2583528,-1.3964660184901274,2.607064865929241,2.95707535202936,0.37354851790098026,-0.03908800409256197
1786167471.27787,-1.403929047840145,2.608866731009199,2.9567693484365516,0.3664401953275104,-0.01567867596696842
1786167471.2977,-1.411704930834847,2.6107478352888682,2.956163395207293,0.3758218031248848,-0.030557417110009484
1786167471.3179932,-1.4195691255743679,2.612651587164044,2.9564941312097033,0.3714280489999941,0.016297844563329306
1786167471.337819,-1.427453359683718,2.614553268334728,2.9580006760557644,0.38107120276812917,0.07598858860471688
1786167471.3579426,-1.4352691030300138,2.6164195342200847,2.961458462487587,0.3719608627446178,0.17182843777709045
1786167471.3781679,-1.44330223454832,2.6183050053792827,2.9663347922294663,0.3800179496273459,0.24110065119689947
1786167471.3981397,-1.451024167356871,2.620077212514478,2.972127897624619,0.36948667074694885,0.29006356999465244
1786167471.41795,-1.4588083653173656,2.621813676255267,2.9795205608859394,0.3749606087109529,0.3731745948683061
1786167471.437973,-1.4666649265335532,2.62350753723698,2.9875045076666433,0.37380854230115684,0.39873664810847714
1786167471.4582484,-1.4744759444577118,2.62513171834158,2.9953292929896906,0.36642131760611235,0.3859259460683471
1786167471.4779747,-1.482100611842684,2.6266618182564843,3.002521949875696,0.3670881426856093,0.36462314229979925
1786167471.4978392,-1.4898236478104039,2.6281603081325464,3.0091303205039543,0.3687482962480006,0.3326713958518724
1786167471.5183206,-1.4976499459795973,2.62963000842299,3.0155070023286967,0.36199054775515754,0.3113409240933914
1786167471.5379589,-1.5052480587289907,2.6310086161894057,3.0223746281219412,0.36608946943321874,0.34970571859690625
1786167471.5577888,-1.5128364644122434,2.632333744101001,3.029752567761317,0.36164352828169005,0.3720597037643365
1786167471.5780647,-1.5205852285859662,2.6336324026737383,3.0371019261042744,0.36072612210757254,0.3624689050868336
1786167471.5980566,-1.5281812471853393,2.634852665431485,3.0443481726033816,0.3582236962802686,0.3624595796903076
1786167471.6177511,-1.5357465639852035,2.6360177228039063,3.051088299326093,0.36177791626840067,0.34223280035801057
1786167471.6392245,-1.543682230978342,2.6371854269405657,3.0588020739749164,0.3476874832253718,0.359224522735096
1786167471.658423,-1.5510236329411788,2.638216917919876,3.065126816627071,0.3594172826916158,0.3294408301239706
1786167471.6779838,-1.5584553732477682,2.6392145276004237,3.0720708542348776,0.35678733485256664,0.3549973759759922
1786167471.697732,-1.5660499156202798,2.640183108443805,3.0793341590149894,0.3608220755935726,0.36779558484174824
1786167471.7176623,-1.5737066761378493,2.6411076326153466,3.086494559298553,0.36014523788954333,0.3592709470889365
1786167471.737665,-1.5814068921596087,2.641988886154547,3.092743393533812,0.3606101650893353,0.3124010444745721
1786167471.7578573,-1.5891592632170521,2.6428363332768545,3.0974381597132465,0.3594314137547759,0.23250181910509557
1786167471.7778015,-1.5969099056816098,2.64365656322381,3.1002059028563784,0.3636851134809503,0.13877440032767477
1786167471.7980056,-1.6049556648942307,2.6444908082772334,3.102041860471906,0.37259243841696965,0.09087069423234923
1786167471.817719,-1.6126673199546422,2.64528324502383,3.10223674581413,0.3659735769159021,0.00988593162438908
1786167471.8377023,-1.620649808916382,2.6461051988924944,3.1016472388934475,0.37371845828818767,-0.029499990878179082
1786167471.8578095,-1.6283369825031548,2.646902460667165,3.1007101615191006,0.35770134622709904,-0.046603910305604686
1786167471.878174,-1.636805243083682,2.647789323529025,3.099546542745346,0.38911088651120607,-0.057139505675038046
1786167471.8978236,-1.6443906667508243,2.648589555389553,3.0991334254276643,0.36125767445280926,-0.02102431103210165
1786167471.9178002,-1.6526977058779895,2.6494693796470723,3.0987155082859954,0.38916392039864833,-0.020920317216917974
1786167471.9376965,-1.6602726904029685,2.650278098108202,3.0973854620558523,0.35633459364367953,-0.06684902785197482
1786167471.9580135,-1.6685466618961573,2.651175828280652,3.0950768751312747,0.38122634003444816,-0.1136279028832883
1786167471.9778037,-1.676145605957039,2.652016829655252,3.0928265594460838,0.3595327675686487,-0.11370874490589718
1786167471.9980752,-1.6843606421277943,2.652942350342627,3.0909117212632835,0.3795379570517178,-0.09445943486588013
1786167472.0180352,-1.692193583330984,2.653837650573918,3.089408157005562,0.3676039456314,-0.07532914761962427
1786167472.0378227,-1.7001910339031356,2.6547626135419438,3.08808702433655,0.3786539485220611,-0.06676585382452783
1786167472.0591097,-1.7085034702677253,2.6557338294818087,3.086959561158714,0.36589630094244724,-0.05296495807369036
1786167472.077819,-1.716045869733331,2.656623232227081,3.085849863692278,0.3777882879236746,-0.059312228693429676
1786167472.0978885,-1.723907850522533,2.65755588269993,3.085513876033197,0.3671424473649802,-0.016741323430844893
1786167472.117797,-1.731881786938314,2.6585023838109305,3.0857538030251797,0.37538393909326434,0.012051528612277986
1786167472.1378317,-1.7397078166184388,2.659420537053745,3.0884916098897017,0.36603695663845315,0.13665263569939884
1786167472.1580477,-1.747917925990111,2.6603556650180376,3.0930642318594654,0.38040667812248335,0.22618839770576468
1786167472.1777263,-1.7556664769607753,2.6611995959152677,3.099128580376158,0.3686178547493976,0.30816982772733803
1786167472.1981812,-1.7640835306043448,2.6620618773455194,3.106871534582411,0.38495739291980946,0.3785381704909901
1786167472.2179542,-1.7720873648299746,2.66282224281813,3.1150299205713616,0.37840149046704363,0.41260220159403055
1786167472.237915,-1.7802885603883443,2.6635414340966657,3.122500736977502,0.3838250047834415,0.37427289285419846
1786167472.2577944,-1.7885223317074725,2.664206576782153,3.1298353650228434,0.386704410058987,0.3689573009005508
1786167472.2778642,-1.7965597982745152,2.664801749448987,3.136939990485164,0.37370743295413256,0.35399516500685385
1786167472.2985158,-1.805127669374543,2.665377259826337,3.144603559798988,0.3869606148039617,0.3710887845305186
1786167472.3177466,-1.8127069628492187,2.6658343807616123,3.151677053314281,0.3674434490736631,0.3678202596722965
1786167472.3377361,-1.8210734748269224,2.666283345510257,3.158903513814072,0.3900697323086276,0.3615129908651587
1786167472.358191,-1.8291174252220355,2.6666613373342,3.166034935836334,0.36637969473085913,0.34864153569781875
1786167472.377769,-1.8371940360688888,2.6669882798032005,3.172924503128691,0.3842404373163106,0.3519038878245769
1786167472.3977041,-1.844907033051695,2.6672513421835196,3.179768084385359,0.36028830225441505,0.3432925136839157
1786167472.4176784,-1.8530558906363015,2.6674764220719918,3.1869031554453624,0.3798348113177294,0.35721379225163613
1786167472.437797,-1.860840267526886,2.667640584484376,3.1938526153487783,0.36019114442849726,0.3454226804931989
1786167472.4577591,-1.869010973653602,2.667757609250657,3.201493786760158,0.38099867954520217,0.38278447592096315
1786167472.4777923,-1.8766612968699934,2.6678156824743913,3.2083706462870323,0.3554530058369262,0.3432744947456832
1786167472.4977057,-1.8847166539972016,2.667826734644461,3.214911001139761,0.3765228656965988,0.3284393103722322
1786167472.5176535,-1.8924497312970314,2.6677948640969085,3.2202289875094112,0.3608505061187097,0.26659556936630113
1786167472.5377033,-1.9006651416328517,2.667724113839673,3.224614589836608,0.3814276873151215,0.21873535148782564
1786167472.5578084,-1.9084510455393575,2.667628930550212,3.2280469468691844,0.36051358120029003,0.17072051455837667
1786167472.5779219,-1.916718015705107,2.6675078348951478,3.229875425401074,0.3826481912475816,0.09090816742395763
1786167472.597677,-1.9244003520414257,2.667388565157505,3.2299862562410664,0.3620445698988224,0.005610232268116308
1786167472.6176033,-1.9325902458903927,2.667266031388984,3.22871983579849,0.3826436959010036,-0.06355519255273885
1786167472.6377306,-1.9404725238177816,2.667159459975386,3.2269461464134372,0.36458305535661006,-0.08812357832839669
1786167472.657917,-1.9488076798260936,2.6670600111774196,3.2253622713312198,0.384389328155744,-0.07846238948416755
1786167472.677894,-1.956754806208436,2.666975802782605,3.2241342681592133,0.3703263751013285,-0.0614705647017331
1786167472.6976764,-1.9648795853820986,2.6668976481042503,3.223319517698545,0.3823266493103763,-0.04118582088370919
1786167472.7176585,-1.9729405485234768,2.6668259854523426,3.2226237494948213,0.3755267134839708,-0.03481957451826304
1786167472.7378016,-1.981137484991534,2.666758740513637,3.221901166223628,0.37880646497957166,-0.03587261682052785
1786167472.7578173,-1.9893958630833404,2.666699205473733,3.2205438816328136,0.3840681981336109,-0.06781094182856812
1786167472.7779548,-1.997483724607875,2.6666519308893566,3.2190274064552944,0.37385608654380453,-0.07530584874998021
1786167472.7980385,-2.005975059939237,2.666614827822374,3.217430885469562,0.3935531054671472,-0.07949350471338883
1786167472.817876,-2.0137758662085288,2.6665900210049047,3.2165281228362934,0.36602892052193026,-0.04550761280895187
1786167472.8379624,-2.022364014455443,2.666570788551854,3.2154666549941657,0.3979805529989868,-0.052845394740623275
1786167472.857617,-2.0302006874424867,2.6665598916329762,3.214761034119042,0.3711322857819458,-0.03590121497646445
1786167472.8777108,-2.0387983597684065,2.6665556650880506,3.2135921577789257,0.3982658154215249,-0.05817065387820319
1786167472.897913,-2.0469620075963046,2.666562665415434,3.211920343816566,0.3761318795253541,-0.08275421896263739
1786167472.918307,-2.0556617316011985,2.6665879158588734,3.2092566080227214,0.3970560811896185,-0.13061314365454563
1786167472.9377756,-2.063623756722759,2.6666285384341846,3.2072517885340526,0.380662040474549,-0.10297736140933789
1786167472.9577768,-2.072126307703617,2.6666856100760588,3.2058537425554006,0.39567986330549654,-0.06989819933535352
1786167472.9776871,-2.080324975791966,2.666748921497583,3.2051398386230074,0.3832797793714188,-0.035855946823745516
1786167472.9978116,-2.0886856995682006,2.6668160392058815,3.2052545902416667,0.3866978447508855,0.0057021037478421615
1786167473.0177095,-2.097063326456119,2.6668739500077074,3.20759407466134,0.39188918620845603,0.117574215286423
1786167473.0377614,-2.105206984969472,2.6669078861621878,3.211210908672236,0.3780180534857514,0.18037312564486394
1786167473.0581238,-2.1138797772915874,2.6669090559783317,3.2163167596092626,0.39644751391253147,0.2507492565928995
1786167473.0777614,-2.1217430143428744,2.666868957675633,3.2225152057079676,0.3727236719839158,0.31564197928251875
1786167473.097731,-2.1303885093063797,2.666770590066098,3.229863114431829,0.40302403864523945,0.3679528522561651
1786167473.1178062,-2.1386080174773023,2.666619608617097,3.237590330950346,0.38121167655157356,0.38491579853545105
1786167473.1379764,-2.1472517688570587,2.6664002669324067,3.244968748070949,0.3990777912539638,0.3658076175249663
1786167473.1576698,-2.15532664166052,2.6661407285072523,3.25217147635387,0.38193371509620105,0.36574372939429817
1786167473.177687,-2.163720743244327,2.665813994279859,3.2595785724847572,0.39072645533001416,0.3700375536597481
1786167473.19768,-2.1717581266071595,2.665444271696762,3.267401522595528,0.3747077507527859,0.39128314799488423
1786167473.2176795,-2.1799614642052707,2.6650098304422034,3.2745458182205187,0.38247708570264066,0.35722363879977387
1786167473.2377322,-2.1879594388563115,2.6645325537934066,3.281836497741642,0.3720776237638959,0.3635764713777116
1786167473.2577734,-2.1960413055609322,2.6639960548678374,3.2889525440529153,0.3763790067705579,0.3550703851766039
1786167473.277733,-2.2037819483602648,2.663429967806673,3.2963149908084337,0.3621560206535713,0.36886582028091325
1786167473.297822,-2.2117801911237542,2.6627906231247387,3.303533241995271,0.3720215355792328,0.3593152046185736
1786167473.318163,-2.219675001823252,2.662104608080877,3.3112097159631677,0.3628993874459438,0.3773907059572089
1786167473.3391283,-2.227996485798065,2.66132161096504,3.318921500413594,0.37139175190709117,0.3678349731911247
1786167473.3578947,-2.2352440763538644,2.660591951837132,3.3252640036560934,0.3616242136942756,0.33797116983468883
1786167473.3777597,-2.2431807545180975,2.6597467773534738,3.33132274867499,0.3743568098885855,0.3049954208802256
1786167473.397732,-2.251238959127571,2.658844415925426,3.3369677176177857,0.37829901342444605,0.2826395585130958
1786167473.4177303,-2.25922314031663,2.657911758024346,3.3416184894309264,0.37456595328150033,0.23255821861183995
1786167473.4377146,-2.267085673347212,2.6569634055396025,3.345073441625652,0.36930267174461134,0.17288379635103973
1786167473.4578793,-2.2749647228404406,2.6559950908710603,3.346497260500651,0.36687833647556256,0.07060937610326544
1786167473.4778311,-2.2831308452317973,2.654986184722179,3.3465045825012147,0.38433708236493436,0.0003669840860111716
1786167473.4976873,-2.290836553270368,2.654039173243956,3.345177809318555,0.3643818239008683,-0.06681903950536126
1786167473.517818,-2.299106591373838,2.653034977648809,3.343448295833575,0.3856600457305823,-0.08591450515317503
1786167473.537819,-2.3067237304856434,2.652121378603584,3.342090029346106,0.35744590757217165,-0.06791015092927574
1786167473.5578494,-2.3150151716672145,2.6511379309316503,3.3406893936221786,0.3884462879423725,-0.06992515556231754
1786167473.5779507,-2.3229110400080115,2.650209370235815,3.34001036613106,0.3685624722191537,-0.033780262624196096
1786167473.5979948,-2.331317827572426,2.6492279389653426,3.3389294405141263,0.39348761529745097,-0.05392740230053743
1786167473.6179771,-2.3394078401686564,2.6482923648297225,3.3377443916269858,0.37977729228582685,-0.059304816583881204
1786167473.637611,-2.3477102294724563,2.6473422312449255,3.336434839666304,0.3966056607574528,-0.0666989560035862
1786167473.6580546,-2.3560212407549757,2.6464007168833024,3.3353532095777516,0.38123352098965774,-0.052907803269345965
1786167473.678348,-2.364552088891441,2.645443727632803,3.3341507964663335,0.39415958578265087,-0.05925122035403614
1786167473.698232,-2.3728359589107946,2.6445257964377595,3.332506391827385,0.39056655739151247,-0.08270042752020682
1786167473.7182033,-2.3810866980406136,2.643624170200259,3.3309608764006047,0.38722776700654993,-0.0773865474847533
1786167473.7378635,-2.3894952095269906,2.6427172692605754,3.3295451504975633,0.4008089464259358,-0.07200961446051149
1786167473.7577846,-2.3976607043862748,2.6418428739585518,3.3293826735168732,0.3840934963009418,-0.008156039136094136
1786167473.7780397,-2.406625032320723,2.6408769074055427,3.331032256311936,0.41474909033007323,0.08144041286859133
1786167473.797703,-2.4148220748321725,2.6399747428421567,3.3343285680265344,0.3907714791003023,0.16763747859672537
1786167473.8176959,-2.4236397078678165,2.638971995096754,3.3388531881055634,0.4136164437913463,0.22631215531328966
1786167473.8379743,-2.4321697888262546,2.6379587906470023,3.3451043703973453,0.3947486999510595,0.30826720543596176
1786167473.8579051,-2.4408347201207086,2.636874241218696,3.352417142359367,0.4083330988698467,0.3669073722593901
1786167473.8781955,-2.4497026179209986,2.635698103510345,3.360921142655554,0.4109265161082103,0.41911499410484143
1786167473.8979228,-2.458114891759851,2.634513814943398,3.36965074620034,0.4014299212346394,0.44251542223189466
1786167473.9178023,-2.467194634092459,2.63315917321181,3.3786616927438784,0.43053164578274655,0.45327651540937086
1786167473.9386168,-2.476050579411573,2.631765604718081,3.3868302831535058,0.4016041421947326,0.3924486429802399
1786167473.9580007,-2.4846085161685507,2.630353759281278,3.3946450936821657,0.4172826320139188,0.40315971390125516
1786167473.977811,-2.493012835234762,2.628904504177531,3.402461873186665,0.40151234093378413,0.3945788297509908
1786167473.997745,-2.501523612014931,2.627371140448679,3.4107735512184587,0.40466878102186327,0.41696114551620633
1786167474.0179358,-2.5099798563533193,2.62577945664724,3.4192347795707763,0.3975911087495592,0.4190652991408199
1786167474.037799,-2.518106231023701,2.6241883714597463,3.426478956593184,0.38898244560452166,0.36470473235299894
1786167474.058486,-2.526762755314268,2.6224312713574367,3.4341125205073086,0.3984583534701497,0.3690011024717529
1786167474.078007,-2.534482673139024,2.62080886921141,3.4412934460665636,0.3771622936648412,0.3678564773609879
1786167474.097935,-2.5426980937644474,2.619020809125148,3.4495169200097853,0.3938350531708255,0.4126597154233918
1786167474.117881,-2.5504391256756573,2.6172752297377113,3.457384992212225,0.37143115962730805,0.3944667309464664
1786167474.1382103,-2.5587880601140762,2.6153278998106013,3.465340924713748,0.39377718776377474,0.3913542110648517
1786167474.1579742,-2.566573259970123,2.613452135913591,3.4730534424863824,0.3784060709021154,0.3902316655065515
1786167474.1778288,-2.5748986699208904,2.61138213977655,3.480951231401186,0.4036008382785889,0.3977824059334757
1786167474.1979134,-2.5828429255473386,2.609345047807628,3.488789116115593,0.3814815411728191,0.3902431263776251
1786167474.2181897,-2.5911698019045923,2.6071429705085003,3.4971133656964417,0.3969229993569544,0.4105406939144327
1786167474.2381551,-2.59898594017803,2.6050110244305094,3.50543627403174,0.37923952944861716,0.4168663823261485
1786167474.2580276,-2.6069945947720434,2.6027616019223556,3.5132979252142933,0.3912876791105574,0.3956059915488524
1786167474.2779474,-2.615004625633447,2.6004500481035686,3.520753947410419,0.3912876791105574,0.3743007028282185
1786167474.2979205,-2.6228478621243707,2.598128296418965,3.5280164842482726,0.3829544661887719,0.36361700439469674
1786167474.317747,-2.630812546872467,2.595713052519172,3.5349941776025626,0.39260370356906704,0.3519350538928008
1786167474.338322,-2.6386408938394874,2.5932864089800556,3.541247348797015,0.3726162145821679,0.3039236700415815
1786167474.3578446,-2.6465986703619566,2.5907734026217737,3.546371659752162,0.3999100264699363,0.2624800685899031
1786167474.377859,-2.6541554799473093,2.588349848311664,3.550855369861022,0.3710001281140024,0.22402281492408563
1786167474.397799,-2.6622503679424008,2.5857203595683127,3.5544111001536733,0.3994270555424092,0.17832237833164827
1786167474.4181645,-2.6699814175770444,2.5831887894769623,3.5559797879973596,0.37381626065483353,0.07702681718967916
1786167474.437914,-2.677945240286557,2.580574468789042,3.556051096533009,0.3971882745983542,0.0036106679098211253
1786167474.457944,-2.6855204985132164,2.578091893074131,3.554969359164497,0.37244963920405055,-0.054005801215315924
1786167474.47797,-2.6935300475355044,2.575479111107261,3.553185438437758,0.39369068946284935,-0.08908037192504879
1786167474.4978526,-2.7011132050462,2.5730186806805175,3.5516458960276553,0.3752088065510436,-0.07743133665326904
1786167474.5178306,-2.7090744988463378,2.570448835280075,3.5500150790285905,0.39183021784074873,-0.08163045399964014
1786167474.537819,-2.716875543740781,2.567942374087351,3.5488086659339784,0.38356452077149483,-0.06035596775150836
1786167474.5578287,-2.724790326780398,2.565410065535808,3.547452121477303,0.3885735220371608,-0.06779415254697582
1786167474.5780573,-2.732999113645122,2.5627937455839143,3.546490914662836,0.39849331601403803,-0.0475171617272297
1786167474.5978715,-2.7407488845797476,2.560331976104744,3.5454427866282696,0.3839496772014658,-0.05289768139743066
1786167474.617769,-2.7492786065598205,2.5576325713511405,3.544244607253877,0.42066746305432867,-0.060217702055362046
1786167474.6379366,-2.757436420153235,2.5550621501506283,3.5428135268606815,0.3967655004991418,-0.07095941809810147
1786167474.6578538,-2.7660334950770444,2.5523661490023453,3.541402171595988,0.42318852870264084,-0.07086095155706543
1786167474.6780941,-2.774445864027193,2.54973737469756,3.5407213741121546,0.40734728234728235,-0.03363572937582487
1786167474.6982913,-2.7829628803118007,2.54708013728302,3.5404942925475913,0.4132321011693755,-0.011243246190944007
1786167474.718043,-2.7917985647968573,2.5443274141336034,3.539916368532349,0.4382992602222118,-0.029259327766638567
1786167474.738454,-2.8003731196003816,2.5416672353686445,3.5380125254992447,0.4114424903064907,-0.09327527682655767
1786167474.7577994,-2.8090396871050016,2.5389961580323863,3.536003960496739,0.4384929770713725,-0.10382711639476053
1786167474.77783,-2.8176314967230454,2.536358874095774,3.535629869459149,0.41967908967112777,-0.018676072265673603
1786167474.7980616,-2.8262104962842347,2.533716989384667,3.538010341806239,0.41501158741418653,0.11766038190024339
1786167474.8178043,-2.8346353949419933,2.5310927181877374,3.5426048786645485,0.4181065204899356,0.2327204743917128
1786167474.837846,-2.8425478213043496,2.528583400084114,3.549060083421248,0.38749604836606666,0.32208861578905573
1786167474.8577585,-2.85101712557192,2.525835025801807,3.556960806789552,0.41843417799962396,0.3967724185702721
1786167474.878175,-2.8590627103835313,2.5231607847149284,3.5643197807729514,0.3886716695312933,0.36044251648858666
1786167474.8980234,-2.8672047713413864,2.520390948940008,3.572003816460557,0.4056282380314919,0.3871373167647677
1786167474.918853,-2.8753398652133244,2.517558209211913,3.579711307511279,0.387223804324247,0.37002450088145417
1786167474.9380698,-2.883072862839674,2.514804858220266,3.586966200052505,0.4000428173993439,0.37752912253238563
1786167474.9578302,-2.8907193602160977,2.5120230478872365,3.5944252604126943,0.3857175384865029,0.3774757387698183
1786167474.9778779,-2.8986622982683907,2.509071911410433,3.6015877706780093,0.3960036945236794,0.35727404628419607
1786167474.9977953,-2.906387946803795,2.506143255766387,3.6085971454786137,0.3887309795013665,0.351920622021465
1786167475.0178306,-2.9141735499999957,2.503131359933459,3.616117647055789,0.3905409403621243,0.37536318451047007
1786167475.0382884,-2.922158914508,2.4999745326045155,3.6243417803579008,0.39351126611245185,0.4020058644567985
1786167475.058189,-2.9296505347155604,2.496946650070623,3.6324469742184373,0.38076975718478806,0.4072847048607569
1786167475.0777664,-2.9375320664402453,2.4936918398416297,3.6404851846765287,0.40855607697173424,0.41058404507409196
1786167475.0979722,-2.9451525003896952,2.4904792130038134,3.648155280035714,0.384007926471769,0.37959989669982663
1786167475.117735,-2.953131168698596,2.4870502560337013,3.6553224684406715,0.4123840925951291,0.36266141071607777
1786167475.137863,-2.9607525161341437,2.483718248610105,3.661548202392697,0.3879011296178072,0.3093069521092289
1786167475.1582694,-2.968869154541075,2.4801171239949844,3.666948629586487,0.4085247307803065,0.2646427005248311
1786167475.1780305,-2.976393031353248,2.476740045758158,3.67080872948471,0.3918717842497304,0.19533845426759572
1786167475.198151,-2.9841539698265045,2.4732312356548207,3.6727890097811664,0.39751964525498457,0.09842043758352055
1786167475.2180073,-2.9918458877280516,2.4697445037418997,3.672966629911651,0.39942272284745434,0.008945316856636264
1786167475.2380798,-2.9993034901857722,2.466366879468851,3.672161363730215,0.3830230320516915,-0.04011796134770461
1786167475.258065,-3.007195841216545,2.462800632552703,3.6711697744720477,0.4069486527742363,-0.04961618142639816
1786167475.2781866,-3.0145481046406486,2.4594861452773262,3.6703620391520304,0.37637125911462144,-0.040142749463125224
1786167475.2979963,-3.0224307102973826,2.455940047616065,3.6695481813477797,0.40971551701196957,-0.04108375510060896
1786167475.3179758,-3.029815946805289,2.4526247597003996,3.6687251708697106,0.3804554370702768,-0.04119279403589326
1786167475.337788,-3.0376026352790952,2.449138733798661,3.6674464886022027,0.4043221386028258,-0.06453967134787214
1786167475.3577893,-3.0450584404739853,2.4458112513385455,3.666303196183553,0.3832709711464285,-0.05716126836860535
1786167475.3780596,-3.0529868620556915,2.442283169891219,3.6651891144851794,0.40194387446828894,-0.05496115412627162
1786167475.3979664,-3.0605706500218455,2.4389151311648916,3.664794027356698,0.39135615467210233,-0.01984688332640948
1786167475.418076,-3.068307223144153,2.4354848038539365,3.6639667519018597,0.3950987037436799,-0.04113822527838017
1786167475.4378319,-3.0762352705885547,2.431976854928996,3.6632184098735214,0.41197702157428695,-0.037879534199352576
1786167475.457821,-3.083923411345503,2.4285808025249627,3.662694180230265,0.39473233206445524,-0.026225888473617794
1786167475.4779406,-3.092345059391139,2.4248677039481077,3.661804769588162,0.4294433422443049,-0.04420603182696213
1786167475.4977322,-3.1002185349368343,2.421402311162536,3.661392113791124,0.40802137948919137,-0.02085004409170788
1786167475.5178466,-3.1085254042368256,2.4177510156382604,3.660823895219747,0.4234736359167283,-0.028249311651609967
1786167475.5379848,-3.1168893774316375,2.41407953652112,3.6604053442807465,0.4257804256851565,-0.020783864248975683
1786167475.5581102,-3.1250312974393,2.4105118776283825,3.659493129600907,0.414613270257857,-0.04532656115846964
1786167475.5776584,-3.1333935377942503,2.406857438944944,3.6583797326575755,0.43820367841763674,-0.05695655929313213
1786167475.5978136,-3.141515352493652,2.403317548616342,3.6574660156384677,0.41259617354918454,-0.04533407795534502
1786167475.6178563,-3.149866127293488,2.3996898255793186,3.655875205475869,0.42636820500048267,-0.07937121784604283
1786167475.638626,-3.158260712928547,2.3960570759267106,3.6545354241738046,0.41332723734114285,-0.06450611346352894
1786167475.6581602,-3.166037804743403,2.3927045971164516,3.652921132273977,0.4068786383364331,-0.08263963985516797
1786167475.6789856,-3.174676318487284,2.3889969829772673,3.6512236130185967,0.42361178742247063,-0.08151201862571907
1786167475.6979208,-3.182066240878198,2.3858392210041504,3.6495775227602696,0.3982641831304661,-0.08693279973386119
1786167475.7186759,-3.1905417268816008,2.3822325157493207,3.648106277401417,0.41643195550542467,-0.0708861302151232
1786167475.7378426,-3.197950544319704,2.3790887396002165,3.6474402204422267,0.39400270624650274,-0.03475072294358651
1786167475.7578032,-3.205911663647411,2.3757176888537974,3.646556125179215,0.40639417299284253,-0.044291925538782986
1786167475.7778218,-3.2135719015017874,2.3724800819590466,3.6460734012175617,0.38978413037443443,-0.024113799286098223
1786167475.7981963,-3.221539726444025,2.3691067930436147,3.6479051094318606,0.3984622426601419,0.08990183472468102
1786167475.817922,-3.2289602196962433,2.3659399550079505,3.6522830533243926,0.3838030966760035,0.22193999686016974
1786167475.8379412,-3.2366341634515265,2.3626242337040853,3.657515733788869,0.3919112419215749,0.26138499634225704
1786167475.858296,-3.2444661248261784,2.359189266294591,3.66400724026202,0.39439763851630133,0.318918541550876
1786167475.8782222,-3.251961174705097,2.3558416893588174,3.671932327274836,0.3867893828158103,0.3977197573280073
1786167475.898319,-3.2598772433234293,2.352230941857298,3.6808686665238666,0.4066093394803313,0.4446652524268535
1786167475.918091,-3.267214313889067,2.348812452408707,3.689195615410117,0.3845993685713183,0.4211474137392604
1786167475.937946,-3.2751254652396615,2.345054013087728,3.6969040452159088,0.41453272879763164,0.38823576416524525
1786167475.9580472,-3.28262418939096,2.341424497480724,3.7047275428670727,0.38957216776001335,0.38920801200648075
1786167475.9778142,-3.290323275430216,2.3376268612796394,3.712843560634739,0.40833985090161795,0.4105832392984238
1786167475.99821,-3.2978938876067834,2.33381743232422,3.721716101987059,0.39081215634260386,0.4350190036261584
1786167476.0179226,-3.3052817118566025,2.3300274075810643,3.729514925565383,0.39627914737976555,0.3956245924681481
1786167476.0378435,-3.312490980933087,2.3262623099531394,3.737289094114978,0.3842180591663711,0.3902533241285881
1786167476.057943,-3.319794969164562,2.322380214518654,3.74496199135193,0.38738762739322147,0.3817430201714533
1786167476.0779989,-3.32709392466231,2.318433012224301,3.7526824000777212,0.3895830383347645,0.3849469947720142
1786167476.097855,-3.3340941752585076,2.3145825719281152,3.760177140391638,0.37897475529831703,0.3774506115008171
1786167476.1179798,-3.341222933235928,2.3105953013702942,3.7678163436194776,0.3823960391070394,0.3795938899328459
1786167476.138189,-3.348097451529422,2.3066863656114682,3.775206782593335,0.3687838718044634,0.36569472594268276
1786167476.1584456,-3.355358460653548,2.302489124282291,3.7829613667032054,0.39031128850412455,0.38281917975525287
1786167476.1780217,-3.361926761677907,2.298631426718779,3.789953268502677,0.3669307572755432,0.35716570474413734
1786167476.197919,-3.3689843508043897,2.2944216825540313,3.797421881660601,0.389574631917131,0.3753595835208553
1786167476.218095,-3.3757069529618553,2.290348702577108,3.8046281673134414,0.3675807310905343,0.35716812689926786
1786167476.2382393,-3.3827851390803874,2.2859930003384425,3.812168022635899,0.38939685287024195,0.37429365658362646
1786167476.2583601,-3.3895635891310887,2.2817564454270576,3.8194408498446926,0.37506918142408585,0.36145709067280146
1786167476.2789333,-3.3968459640825825,2.2771320024885693,3.827426657716915,0.39600391365161175,0.38816671574570477
1786167476.2979405,-3.4033164951044865,2.272954247856622,3.83549211036297,0.38281922907462484,0.42433657328163216
1786167476.3179882,-3.4104116935597313,2.2682947141409944,3.843936294133497,0.40014853974504994,0.4212053583885134
1786167476.338011,-3.417274282841433,2.263713435040203,3.851537389313284,0.38958492786174825,0.3796206796332586
1786167476.3582265,-3.424222325816972,2.259004432568821,3.858824218696598,0.39264876408808635,0.3604573373009994
1786167476.378033,-3.4313792441173545,2.25408022967118,3.8664504975905043,0.4149252971479536,0.3850414337798432
1786167476.3980772,-3.4382103169822327,2.249306347000712,3.87433761019613,0.3934544733375295,0.3934835373278481
1786167476.4178805,-3.445282201471106,2.2442868930760405,3.8819626681506043,0.4145523046368075,0.3850400438073494
1786167476.4379847,-3.4519995601470974,2.2394464180463745,3.889530409108362,0.3900001623670315,0.3764264337142492
1786167476.4577878,-3.4589132728248773,2.234389615215958,3.897007352206634,0.4097461095010703,0.3775652822640621
1786167476.4781728,-3.4656891855973475,2.229362615641299,3.9039426572204707,0.39220021076854633,0.3402156414633297
1786167476.498744,-3.4725894461049984,2.2241734378901885,3.9108102613321165,0.3978366227816221,0.33384505917679125
1786167476.517998,-3.478959848453832,2.2193174857013456,3.9177506272590548,0.39448093108558807,0.3604641649494224
1786167476.5381882,-3.485544271063059,2.2142267177319415,3.925329334874082,0.39100912003056004,0.3753649292019634
1786167476.5580502,-3.4920428586615158,2.209128027006441,3.9328273923281034,0.39461116980156286,0.3775088812660568
1786167476.5780215,-3.498253937449384,2.2041857343013405,3.9398548753896665,0.37725437426358177,0.3518778539627892
1786167476.5978808,-3.504900423308851,2.1988248720309302,3.946824068131993,0.40827032029477195,0.3509281717718783
1786167476.6180182,-3.5111948589461415,2.1936816235502854,3.953309759338946,0.3834036270853569,0.32207336520668983
1786167476.6382196,-3.517974108455892,2.1880664463747705,3.9609374459277547,0.4140293173964761,0.37758124382088104
1786167476.6582503,-3.524272108800189,2.1827702527689743,3.9690750460394177,0.39048726779354087,0.4062556531422743
1786167476.6783226,-3.5307551866179194,2.1772308648657295,3.9775512421190284,0.40397871725892454,0.4222848961443342
1786167476.697995,-3.5368429886832464,2.171948288260844,3.9852079097056845,0.38976729533768084,0.3892087391577174
1786167476.7178783,-3.543071101921623,2.166464455274033,3.9928413440358925,0.39717510121479305,0.3839100224819609
1786167476.7379115,-3.5492081786065257,2.1609817895675882,4.000425102505057,0.3910850434292156,0.37856100544184024
1786167476.7580135,-3.5551999088398727,2.1555488342183162,4.008441220149042,0.3832055909677981,0.3987716666109374
1786167476.777817,-3.561189182528631,2.15003601352468,4.0161912552300265,0.3916438551635733,0.3913462611099713
1786167476.7980437,-3.5670132631423623,2.1445939099989424,4.02427807288489,0.37563294496130484,0.39980871125879763
1786167476.8179598,-3.5730944499806925,2.1388239953316894,4.032285028457743,0.40137493606772534,0.4020351687581216
1786167476.8382363,-3.5788492060262733,2.1332801587142245,4.040283793162128,0.3759533118073279,0.3944835829393484
1786167476.8582306,-3.5848247676606633,2.12743716390816,4.04798121933893,0.39892826824054006,0.38498182016965304
1786167476.8779998,-3.590310642099867,2.1219956548429764,4.0553584479862295,0.3731760212164008,0.3731679445269292
1786167476.8983157,-3.5962165229699687,2.1160528455760033,4.063092747405318,0.39390879292601405,0.38070205713678223
1786167476.9183352,-3.601697480569038,2.110458486581693,4.070350181655413,0.3738176763376108,0.3625176913217757
1786167476.9378548,-3.607285638510545,2.1046759792077943,4.0775109982799185,0.3938076179324677,0.36685324243544354
1786167476.9581723,-3.6127260373371013,2.098967301879354,4.0850061321204265,0.3711694303278378,0.3688994091363135
1786167476.9781296,-3.618222389324942,2.09311268929384,4.0932623071880485,0.3849589916023136,0.41369190283759455
1786167476.997913,-3.623388673750746,2.0875255653467244,4.100897308263769,0.3681622452257753,0.385932433709339
1786167477.0181656,-3.6288234723474218,2.0815613497428926,4.108585043684105,0.3815015661747812,0.3795905566413317
1786167477.038477,-3.634098343231188,2.075686924552512,4.1162510768394585,0.3723632435495243,0.37742597342043094
1786167477.0586371,-3.63939682333576,2.0696953866110603,4.124504928330673,0.38022705932784795,0.40941321134612074
1786167477.0778365,-3.6442840267192844,2.06408071852675,4.132712488886113,0.37174809219013094,0.42749110952615543
1786167477.0982187,-3.6495110143657894,2.0579748192860623,4.14177357961135,0.3783001653282874,0.44455975708253226
1786167477.1182997,-3.654744043359292,2.0517516762360786,4.151172192529547,0.38863714003193006,0.4680340958521365
1786167477.1378026,-3.6595626278084072,2.045919948320157,4.159841965539651,0.37249678239357775,0.444538130528623
1786167477.1583655,-3.6649079847821624,2.0393414758561974,4.16834951620182,0.39606102595514325,0.41373327504189933
1786167477.1780877,-3.669655042278974,2.0334053841102073,4.1761502153966035,0.370463303494067,0.3955283886253571
1786167477.1978524,-3.674686129412363,2.0270156918791757,4.184159051853489,0.39572072066300223,0.4052098913914671
1786167477.217767,-3.6793614362318836,2.0209815810125233,4.192460016412272,0.36881024501294823,0.41682751715308985
1786167477.2377357,-3.6842832533810457,2.014525871348878,4.200466137157437,0.3913464057382077,0.4009325325762924
1786167477.2578237,-3.688958245100559,2.0082964621290484,4.208304720733848,0.37341680683416034,0.39021307280130574
1786167477.2777913,-3.693728291334913,2.001841099317739,4.215969732974192,0.3873292076811166,0.38387333133996904
1786167477.2978163,-3.698251534799235,1.995624584549998,4.2236555163955956,0.3700995168163585,0.38380912416244545
1786167477.3177826,-3.702831903750252,1.9892307801592797,4.231383328095659,0.3799198129053969,0.38704151322256375
1786167477.337755,-3.70727412352382,1.9829308752191832,4.239240543649369,0.372423483522392,0.3934051644477334
1786167477.357805,-3.711781436268402,1.9764352758712038,4.24708623586239,0.38067677978899556,0.39130539183605234
1786167477.3777285,-3.716127751345171,1.970070874408039,4.254775745728578,0.3736154254682792,0.38595275521798633
1786167477.3979876,-3.720634751497719,1.9633638536474904,4.262682034824635,0.38543158478210293,0.3902578463835288
1786167477.4182196,-3.7250474176439967,1.956687528164452,4.2706852517714555,0.38242078512162725,0.3955729486903996
1786167477.4381063,-3.729317949102896,1.95011547806113,4.2788907705351695,0.38122593608947464,0.412612727011051
1786167477.4579167,-3.733539469016332,1.9435060244503073,4.286980536615541,0.3831303244324116,0.4083587660512698
1786167477.4779892,-3.7376410510608187,1.9369724621248527,4.295112331805143,0.3721351996668422,0.4051219989420045
1786167477.4977872,-3.7418980742403907,1.9300739448981816,4.302966042187166,0.39666642585977985,0.39669130011394554
1786167477.5180533,-3.7459870075155743,1.92332733641114,4.3117595540024425,0.37731957671739896,0.4339034585169535
1786167477.5379646,-3.7502254757847844,1.9162010187958654,4.320210203553529,0.40386114680411167,0.4244149868850856
1786167477.557953,-3.754138232800914,1.9095002500028215,4.328435999595611,0.3766955998362198,0.4115305800838395
1786167477.5778236,-3.758225213899194,1.902373657957947,4.336424744616602,0.40139454920552037,0.40203524184731576
1786167477.5977905,-3.7620372904017554,1.895603441479382,4.344748156589912,0.37799376254427675,0.41686173992267134
1786167477.617987,-3.7660473203621123,1.888347110140991,4.35291068288573,0.39896881403373896,0.40415673111385036
1786167477.6379874,-3.7698349238915814,1.8813657272629283,4.3608226025052055,0.3861717195791824,0.3955869267075611
1786167477.658027,-3.7735981046859592,1.8743004728654793,4.368792869419061,0.38864542228003823,0.3977266739381953
1786167477.6778796,-3.777180045731647,1.8674482569482254,4.376814978813122,0.37912630136264686,0.4040827871444787
1786167477.697818,-3.7807366728660714,1.860513014861445,4.384935609291964,0.38072997399351133,0.40728455660699864
1786167477.7178009,-3.784240013864202,1.8535518041373062,4.392520787966474,0.380036290072413,0.3795850962274703
1786167477.7384827,-3.7877458517703877,1.8464512831604751,4.400679238098395,0.37331501290998925,0.39447375120603456
1786167477.7582042,-3.7910114004785456,1.8397059581782058,4.408542697632799,0.3706997911253783,0.3987250632146919
1786167477.7779963,-3.7941996320564906,1.8329945885343573,4.41588580071024,0.36640900069557253,0.3710121980644112
1786167477.7983727,-3.7974520118782236,1.8260209916975225,4.423163706285189,0.36875659344988,0.35717250880047796
1786167477.818218,-3.8004994915934227,1.819363642965548,4.430526094467012,0.36045087121887187,0.37098999484091627
1786167477.8380258,-3.8035172247824214,1.8126405969430577,4.438360146084929,0.363665881471747,0.3955030577424111
1786167477.8582096,-3.8065335760126833,1.8057828763845898,4.446020336248233,0.36301687826739826,0.3795216726638272
1786167477.8780394,-3.8095514282889607,1.7987843251075317,4.453293634982763,0.37608859661784405,0.36678721174713796
1786167477.897966,-3.8124379030705593,1.7919559353441417,4.460792600653318,0.36422848405248004,0.3763303944563419
1786167477.9180126,-3.815399877898897,1.7848048606750604,4.468188345722041,0.37820025873985674,0.368925609818121
1786167477.938247,-3.818222103857241,1.777845285320634,4.476061767745642,0.3637419064438234,0.38911175443652046
1786167477.9582126,-3.821066797311304,1.7706823260902818,4.483002255795655,0.3785074377343532,0.3476214658131054
1786167477.9780693,-3.8237601021709335,1.763765359764848,4.489861690448765,0.36671977275703094,0.34544700970498604
1786167477.9978986,-3.8264957454633137,1.7565914767522255,4.497367463195767,0.38003063003297327,0.37851981069906027
1786167478.0179338,-3.8290796721611375,1.7496622475236503,4.504992583824531,0.362478110392823,0.3805849293584061
1786167478.0381136,-3.8317296553954296,1.7423910981410815,4.512609279317017,0.37680812579187084,0.3774425374635961
1786167478.058077,-3.834208354779399,1.7354412784965765,4.519122564382989,0.3633333152926954,0.32625963007830716
1786167478.0787487,-3.8368532417078436,1.727872534428063,4.525736146059331,0.38144864543616847,0.31993555101216825
1786167478.0979464,-3.8391218378856298,1.7212496777793544,4.531753849274009,0.3587972386839517,0.3134595529630676
1786167478.1180384,-3.8414998558910094,1.7141607511314003,4.538737351753084,0.36633145365747216,0.3475760914893705
1786167478.1379542,-3.843754196407673,1.7072804616970658,4.546125742666144,0.3580425685012219,0.370981020198171
1786167478.1579235,-3.8460327573881337,1.7001465099580233,4.5540027980350395,0.369556450084702,0.39445974476143547
1786167478.1780126,-3.848271094921057,1.6929584312257355,4.56098554213961,0.3694845258438883,0.34758784154729133
1786167478.1986961,-3.8505677409560377,1.6854018631976957,4.567933070015591,0.3766597967848971,0.3358966717039921
1786167478.2180002,-3.8525995525526406,1.6785514800384442,4.574704309456978,0.3653023032879193,0.3507680496247399
1786167478.2379675,-3.854723439178946,1.6711987121793752,4.582474923666707,0.37847444471324276,0.3891666558684418
1786167478.2579465,-3.8567545252933493,1.6639710349627945,4.589483361203463,0.3712475787499765,0.3507902049472013
1786167478.2779179,-3.858780507869903,1.6565712065624245,4.596149355938118,0.3797148535048399,0.3337775276310352
1786167478.2983706,-3.860751032346048,1.649182752978005,4.602931683816133,0.36972728502545243,0.33160977965925503
1786167478.318042,-3.86263210130676,1.6419350000396487,4.609790715044973,0.3766125506110251,0.3486796688714913
1786167478.3380017,-3.864450524417086,1.634723829793283,4.6170048221561855,0.36883487720396974,0.36143385827235164
1786167478.3580544,-3.866256095305843,1.6273405398353393,4.6243811967664215,0.3754164138254276,0.367849971265338
1786167478.3779588,-3.8679669091345135,1.6201177274979313,4.63176619528447,0.3695444433079862,0.3710238824249729
1786167478.3980215,-3.869642995141266,1.6128020347634653,4.639316892891511,0.37090869513501656,0.376355288547724
1786167478.4179206,-3.871288112679384,1.6053648287618199,4.647039866455089,0.37973631164053023,0.3881060938333091
1786167478.4379463,-3.872837725272485,1.598096525287616,4.654811125606059,0.36836308049456884,0.38806371100259335
1786167478.457863,-3.8743863351387295,1.590545589004778,4.662795890507838,0.3843769935333665,0.40090656076459924
1786167478.4779198,-3.875853380692676,1.5830937234218272,4.670814794291776,0.3763098071187252,0.39981123361448245
1786167478.498034,-3.8773172533187337,1.5753323070131333,4.678922011709712,0.39045345628863437,0.40305973383416477
1786167478.518123,-3.8787034216071588,1.567652417985179,4.686697747119567,0.38650358489372405,0.3870660479295499
1786167478.5381315,-3.8800664484414193,1.5597505296667211,4.694613826752544,0.3989568436103527,0.39563457101730376
1786167478.5579445,-3.8813220852377777,1.552120513985581,4.702282955700094,0.38874944873186557,0.3870744172368858
1786167478.5779645,-3.8825397558906296,1.5443462599963576,4.710245678013179,0.3917428431470643,0.39773821660910186
1786167478.5979705,-3.883675049269214,1.5367231903760958,4.717477645770428,0.38416855972326647,0.36149099989394745
1786167478.6180341,-3.884776564234691,1.5289477908507836,4.724602707131599,0.3905220146838362,0.3551230896985209
1786167478.6379843,-3.8858166537923076,1.5212167012724442,4.731602443669339,0.39033188085502846,0.3508613234125755
1786167478.65796,-3.886788551693499,1.513584358238144,4.7388660641428375,0.3847009979808418,0.363623512919876
1786167478.6778321,-3.887731168568379,1.505714996945523,4.74660114532983,0.39856797027109914,0.3892415352480369
1786167478.697948,-3.888591935763152,1.4980090812390379,4.754922946327605,0.38543602213082695,0.41369368051219524
1786167478.7178922,-3.8894061190011766,1.4901310683859952,4.763217107615793,0.3973279531113186,0.4158685251720204
1786167478.7379463,-3.890136798328365,1.4824262840433113,4.771876603226888,0.3863820817728778,0.4318067014563215
1786167478.7583888,-3.890833841852669,1.4743596614173282,4.780007745529752,0.3967895094790029,0.39775702322633144
1786167478.7789164,-3.891455701947177,1.4664397323217209,4.787625382665986,0.3879350583452544,0.3710924158359165
1786167478.798521,-3.891996519853664,1.4588200407640508,4.795067814427201,0.3907991222281355,0.37962520438032704
1786167478.818411,-3.892469637993341,1.4513597421882354,4.80272351595381,0.37715567649077014,0.3849006836783138
1786167478.8382537,-3.8928941653921836,1.4437584689008762,4.810192452808293,0.38524546160058726,0.3764087151191462
1786167478.8584282,-3.893264049701726,1.4361163709099385,4.817614063590239,0.3810070844908988,0.3678708051379079
1786167478.8780146,-3.893573045434848,1.4286356299661238,4.824381379952506,0.38424380489695803,0.34551231375781954
1786167478.898404,-3.8938337287265634,1.4210743988226593,4.831273259516018,0.37317633445067905,0.3380142193051641
1786167478.9183621,-3.8940402985031994,1.4136256168741654,4.83787079462898,0.3756769085409337,0.3305666867488911
1786167478.9379492,-3.894192227869191,1.406386148193962,4.844762668825197,0.37216633305493546,0.3518588931603177
1786167478.9579737,-3.894293576206973,1.3990645041574934,4.852149496289274,0.3683179076476396,0.368888782815483
1786167478.9778337,-3.8943423657600658,1.391606060781401,4.8593494536976864,0.3784855496701879,0.3625350863507449
1786167478.9984736,-3.8943382724017668,1.3839344277460288,4.866282181935477,0.37478416755620475,0.33588968209171177
1786167479.0180705,-3.8942802206444616,1.3763237402831738,4.873512943195196,0.39181544809257296,0.3689763474016708
1786167479.0382495,-3.89416605403473,1.3687429115013263,4.881108057056714,0.3792595661210792,0.37638640842445814
1786167479.0581028,-3.893992757714413,1.3611390489721222,4.888919542214536,0.38693140185242364,0.39345922882387485
1786167479.0780635,-3.893764302159778,1.3536639456140076,4.8965812533580735,0.3786318840114135,0.3838409203925397
1786167479.098206,-3.8934706619510058,1.345980066972402,4.9041416871199575,0.38601247623983015,0.3753463089958662
1786167479.1180053,-3.893130068237096,1.3385266623904697,4.911446356629763,0.3812577799007986,0.3689370038010719
1786167479.1385288,-3.8927078088511995,1.3306097782521147,4.919303220397455,0.39104228972284916,0.3828219038624576
1786167479.1591797,-3.892229959545989,1.3228275305245891,4.927428146592593,0.3824263771579533,0.39344244065729794
1786167479.1782188,-3.8917274112367712,1.3155581260026126,4.93459483705896,0.3878804417774525,0.3764185344851067
1786167479.1980507,-3.891156099702771,1.308108443638402,4.942355264983795,0.382032002259294,0.3913104421303622
1786167479.2159052,-3.890592750518379,1.3014276858401375,4.949646144645253,0.3809904076662611,0.4083507915602143
1786167479.2381155,-3.8897948770953974,1.2928352057215724,4.959142755108002,0.3944526292375085,0.4275757189513758
1786167479.2581348,-3.8890310934228376,1.285336028503365,4.967296437734382,0.3825237678249611,0.40729124125618243
1786167479.278235,-3.8881681640986034,1.2774877461766423,4.975013232804279,0.39929520716273875,0.3839179231471578
1786167479.2941058,-3.8874584123913705,1.2714155510966896,4.980852276269875,0.3917602373062547,0.36791087722029014
1786167479.3186498,-3.886270028866879,1.2618791631158366,4.990092058138475,0.3984323519778377,0.37645785662830517
1786167479.3380077,-3.8852917785901275,1.2545211635957894,4.997069601835609,0.39042398882390134,0.3604490465811334
1786167479.3585322,-3.8841671656044316,1.2465138687161388,5.004643386520634,0.40134639292898316,0.3690118648739158
1786167479.3780622,-3.8830652973788093,1.2390692692076786,5.011703952983207,0.39277401790623667,0.36152306850072413
1786167479.3979878,-3.881873370252516,1.2314094810550429,5.019311105976719,0.39676677599245896,0.38177797196854923
1786167479.4179957,-3.8806251822316193,1.2237772657765835,5.026970800685359,0.39442160307192015,0.3828344970177159
1786167479.4379942,-3.87933628575517,1.2162732359181667,5.035073889648041,0.3887233931994072,0.40518381555237215
1786167479.458086,-3.8779368150417985,1.208501354241957,5.042851857803064,0.4015336043796935,0.38712205793790666
1786167479.4781296,-3.8765127730060103,1.200937466323611,5.0506959159970375,0.39252430731656396,0.3913495421524538
1786167479.497998,-3.874999877178989,1.1932438466066295,5.058747363942141,0.40363973823552995,0.4052394019480455
1786167479.5181284,-3.8734380257078436,1.1856343175563673,5.066968672162686,0.3949222874080065,0.4084027093039996
1786167479.5379488,-3.871790660790575,1.1779360951504219,5.075212068693149,0.40673063451833985,0.4159035646651278
1786167479.5583072,-3.870092131312314,1.1703053508868697,5.083092611635284,0.39344883251401613,0.3870919296908886
1786167479.5779,-3.868372553722564,1.1628607244318596,5.090885990248508,0.39980164637828264,0.3977682480828965
1786167479.5979478,-3.8665740373490314,1.1553449683660721,5.098561093135401,0.3954121389744433,0.382838188291984
1786167479.6181774,-3.8647419935306813,1.1479479354572277,5.106391285583762,0.38663137426202254,0.38706652414207865
1786167479.6383052,-3.8627643995567094,1.1402228120908764,5.113904851070045,0.4068488980555634,0.3732934279379731
1786167479.65808,-3.860861199517611,1.1330211153100511,5.121580153956417,0.38704158017983187,0.38813331722795047
1786167479.6780508,-3.8587946768414407,1.125450102425402,5.129758174069964,0.40400965803536637,0.4095018382140763
1786167479.698359,-3.856681634881867,1.1179597589027388,5.138203503679697,0.3942237619868362,0.4158569572714607
1786167479.718075,-3.854500549324573,1.1104687952984158,5.146130475231549,0.40731395833101225,0.40205730077777124
1786167479.738889,-3.852187125864771,1.1027549461106623,5.153921706018397,0.398477663535834,0.3743274966116943
1786167479.758309,-3.849962086451164,1.0955354315387678,5.1609637226166205,0.4008484688073544,0.36261842272225936
1786167479.7780137,-3.8477269488956916,1.08846255129514,5.167835234522763,0.38808235883564735,0.34872241160080786
1786167479.7980986,-3.8454051264208116,1.0812984972346142,5.175267088523832,0.3867490536133735,0.37002273170269107
1786167479.818688,-3.8429084436304555,1.0737937003288363,5.182952159237729,0.3964360960682448,0.37325462418746097
1786167479.8383093,-3.840526753051901,1.0668089776483574,5.189815492216195,0.38833930625817376,0.3497886335623635
1786167479.85809,-3.8379832165053007,1.0595205603476465,5.196883126923791,0.40315172085641016,0.3573006837090513
1786167479.8781166,-3.8354414109350423,1.0524045241864401,5.204037691654094,0.38997896641880814,0.35725159487807406
1786167479.8987582,-3.832750241732375,1.0450470281942836,5.211653992001931,0.39247807473978547,0.36897881670811994
1786167479.9186118,-3.830158121449621,1.038127619971381,5.219169342582697,0.3850684703699655,0.3785385844258434
1786167479.93846,-3.8274425835355235,1.0310493410378676,5.227000628346628,0.39540608611255607,0.39455607453208474
1786167479.958414,-3.8246941111699866,1.0240516212325315,5.23457561555349,0.39024414775172284,0.3796231362442817
1786167479.9784014,-3.821849044340774,1.016971144888332,5.242184967315516,0.3956340311314312,0.380708486310503
1786167479.9981112,-3.8190166232562084,1.010077750248708,5.249688401611786,0.39204597055255835,0.3806951152497939
1786167480.0184085,-3.8160625747381047,1.0030500677575283,5.257826115041694,0.3896275629145353,0.4009261272352343
1786167480.0382442,-3.8130014141133994,0.995928987393194,5.265336214385919,0.40559862634554283,0.37861509092730405
1786167480.057944,-3.8100513142975636,0.989200617510436,5.271828181621474,0.387271489051227,0.3295446300114177
1786167480.0781858,-3.8067969516576694,0.9819119693904499,5.2783710514556175,0.4096864799115755,0.3232365738142383
1786167480.0980089,-3.803656862602203,0.9749996143194115,5.284355399414355,0.39806696324224605,0.3018879844693865
1786167480.1191876,-3.8001296272264855,0.9673663372428102,5.29088553276365,0.41283947916861286,0.30833462149594093
1786167480.138276,-3.7969937716762137,0.9606815516132575,5.2955300420652565,0.4023601285566786,0.2433144391512087
1786167480.1594224,-3.793477373755202,0.9532738066031133,5.299751747108713,0.40347534633605237,0.1996427531805067
1786167480.1789,-3.790196055816871,0.9464229134598919,5.302291812299733,0.4058779436131882,0.13040951821962446
1786167480.1983938,-3.786996464158304,0.9397783510631843,5.303836341122073,0.3937751226099998,0.07923172361168138
1786167480.2182953,-3.7835813670796874,0.9327062822939177,5.304481616514747,0.41077313782593033,0.032423432254628494
1786167480.238221,-3.780227841156866,0.9257695232931163,5.3047449916625995,0.4025240548027996,0.013217931846507002
1786167480.2579389,-3.7767756481393344,0.9186346550465929,5.305174831075909,0.41845557827348245,0.021799416836148177
1786167480.278157,-3.7733967498021097,0.9116521721478863,5.3049033959712,0.39939778115260305,-0.013425329246318486
1786167480.298411,-3.7698660410137728,0.9043417760239174,5.303769797318165,0.41724180089238017,-0.055969410187320594
1786167480.3181877,-3.766295904418457,0.8969169324555938,5.301631795179861,0.4335858471099749,-0.1081064607678835
1786167480.3385458,-3.762734383101739,0.8894493635074258,5.297716890998868,0.42289886140489535,-0.1923021767222125
1786167480.358729,-3.759073482082301,0.8816914411559289,5.2937725879505155,0.4421690451026073,-0.19542615886925407
1786167480.3785064,-3.755656315907401,0.8743732930169956,5.289969459992785,0.42473518880696975,-0.1922953335698645
1786167480.3984373,-3.7522223759045774,0.8669436528909331,5.286306874026131,0.4270045752291669,-0.18376476111636278
1786167480.4181032,-3.748714757118314,0.8592673060121999,5.28166784151437,0.4461084201852076,-0.23589152718927436
1786167480.4381104,-3.745441872654002,0.8519909111106772,5.2749425510528125,0.41437799371931383,-0.3361446289631733
1786167480.4584286,-3.741996792735069,0.8441763380864327,5.267335156215289,0.4365432851672802,-0.3744115487568087
1786167480.4786825,-3.7388510800532524,0.8368823402307282,5.2594691569217815,0.4071087517328007,-0.388369675468883
1786167480.4981508,-3.7358059774006493,0.829667743337489,5.252365253294458,0.41732155010845523,-0.36489579944765876
1786167480.5185857,-3.7326790658015487,0.8221009527937685,5.244995593517892,0.4154750740877153,-0.36064162267514005
1786167480.5381587,-3.729843193689593,0.8150937364075033,5.238290114285713,0.40029719034055916,-0.34258868829343087
1786167480.5585012,-3.72676337473647,0.8073365061528803,5.232254670871213,0.4250588887776576,-0.29669004201923027
1786167480.5780165,-3.723984071922463,0.8002144839188877,5.226982997936094,0.40569639520324013,-0.2701305862761822
1786167480.5934393,-3.7216815451866516,0.7942290792260808,5.222966110849987,0.43047568464688796,-0.2604508652734234
1786167480.6182015,-3.718252380479024,0.7851634164927769,5.216171525414662,0.4050744373313885,-0.274393961772833
1786167480.6385765,-3.715408484186019,0.777489079592031,5.2099738026683475,0.4155006785939806,-0.3041825121491761
1786167480.657966,-3.712645007357251,0.7698963227677534,5.204944503532401,0.43088650942108553,-0.25938406988135687
1786167480.6782534,-3.7099374447231916,0.7623330697868811,5.199788670111405,0.40928166561643203,-0.2541382590726689
1786167480.6979415,-3.707142848678286,0.7543745567826202,5.1932146310123874,0.4426425626365239,-0.33390877097009786
1786167480.7191458,-3.7043461173119514,0.7462047645237279,5.184574024070627,0.42052702655902163,-0.4074944315442814
1786167480.7380855,-3.7018573445716916,0.7387216001486208,5.176291913030994,0.4297079289232177,-0.4372876227291192
1786167480.7582595,-3.6992073437356927,0.7305304627537754,5.168738795799405,0.44015160106423407,-0.3743981022137932
1786167480.7786996,-3.696701506876237,0.7225813358542847,5.161737776122882,0.4203563870464924,-0.34251393684176595
1786167480.7983036,-3.694222864428177,0.7145200872573644,5.155045701443725,0.44327136904472564,-0.34136327874843303
1786167480.818372,-3.6918430806028386,0.7065977752115644,5.149177077216224,0.42451954422102817,-0.29243099416558643
1786167480.8384814,-3.6894653501118864,0.6985303388803961,5.144989241719585,0.4305913092938439,-0.2082524770276943
1786167480.8591464,-3.686995578263291,0.6900368475580129,5.142161398969526,0.44056357869549284,-0.13684259772651933
1786167480.8785567,-3.684854386652876,0.6826011523766172,5.139978614928023,0.41023941254561863,-0.1124545199956923
1786167480.898008,-3.682560707119829,0.6745624149589852,5.1374827224748385,0.4421911926778455,-0.12831441686537398
1786167480.917992,-3.6803670895335925,0.6667902097851853,5.134469461214302,0.41571409513321367,-0.15078363805478037
1786167480.9380689,-3.6781357523933695,0.658794717686036,5.131827895407377,0.42524354361605243,-0.13157336631019023
1786167480.9580588,-3.6760003639336905,0.6510669522592621,5.129558801240046,0.41242237725784947,-0.11351164952066226
1786167480.9779763,-3.6739264636151425,0.6434951899528363,5.127488358555948,0.40525103332436174,-0.10395099391526551
1786167480.9982805,-3.671705127358296,0.6353139197100475,5.1252930116240325,0.4292059416923329,-0.10812278267214136
1786167481.0180244,-3.6696880207595064,0.6278190637948255,5.123219490515955,0.404047247979336,-0.10502074430870381
1786167481.0383844,-3.6674856681560684,0.6195679569883282,5.121321894587963,0.4310550747324127,-0.09320218969459368
1786167481.0579875,-3.6654403032521214,0.6118394980336193,5.119159855024774,0.419043869433491,-0.11029118093969492
1786167481.0783777,-3.6633149019988647,0.6037339049016592,5.1169329488265465,0.4222019057285804,-0.10921414794677986
1786167481.098054,-3.6612499068386417,0.595792750874112,5.115245607904205,0.42835799020757365,-0.08575538944283258
1786167481.1180427,-3.65921461348872,0.5879172625073438,5.114063021872269,0.4179657135880332,-0.05916250580389432
1786167481.1379464,-3.657055025414509,0.579509863473982,5.112442434924702,0.44788707199495886,-0.0814215557428841
1786167481.1585197,-3.6549657756195426,0.5712877053106327,5.109055986394533,0.42340092137070945,-0.1646034304375226
1786167481.1782348,-3.6529658621502126,0.5632630065518842,5.103543155452154,0.43058502702041607,-0.27962521765297765
1786167481.1983786,-3.6509719720426643,0.5550236284271909,5.095807619228513,0.43176313355436413,-0.38401674211986137
1786167481.2182193,-3.6491606984487346,0.5472430914026618,5.086580745682521,0.41283465857998497,-0.4650473770271989
1786167481.2381287,-3.647270161022874,0.5387373141805759,5.076285350613013,0.44841491355602875,-0.5171127430557677
1786167481.2581522,-3.645615153009709,0.5309001642530636,5.065906669961843,0.4095560209673767,-0.5183228168116181
1786167481.278024,-3.6440069859581197,0.5228455795617637,5.05469744092953,0.42283792484542404,-0.5640796919799608
1786167481.2979283,-3.642578887290503,0.5152425273139456,5.043616314875147,0.39727317594814054,-0.5567181090543513
1786167481.3183312,-3.6411895503208123,0.5073506092169349,5.032366611695436,0.4011254744934345,-0.5513774311194369
1786167481.3383682,-3.6398694145828303,0.4993069388444592,5.020914195649374,0.4151369207986111,-0.5715652411520634
1786167481.3580203,-3.6387480895329074,0.49191177100592687,5.008465525061495,0.3880484235509938,-0.6334515248817001
1786167481.3779678,-3.6376684401560526,0.48411807197532314,4.995724506173398,0.40177861267451703,-0.6387266809267603
1786167481.3980427,-3.6367364946159606,0.47671446579712856,4.984033815537871,0.3782807681940311,-0.5823552315362697
1786167481.4181244,-3.635835038892143,0.4688032919768653,4.9725976687009625,0.40315779963144716,-0.5694793529857093
1786167481.4385052,-3.6350489539251343,0.461094157477587,4.9607294474177195,0.3862676084236341,-0.5823254682356684
1786167481.4583056,-3.6343442130396713,0.45324985958049796,4.948926239870396,0.4037355687315945,-0.5961088108053192
1786167481.4783945,-3.6337433472896916,0.4455314997702902,4.937249695716394,0.3908143743288685,-0.5812432600826586
1786167481.4983253,-3.633224038434701,0.4376965265099368,4.926217673920324,0.39919392576820795,-0.5535151579901685
1786167481.5180101,-3.6327961292243476,0.42996528762562597,4.915741164083024,0.39824660419655133,-0.5322133995037565
1786167481.5384555,-3.6324412272354225,0.42198245366651765,4.904750759369329,0.3953765893332957,-0.537550416916654
1786167481.5581403,-3.632169014378551,0.4138650958562367,4.89417078186035,0.41705714732303556,-0.5374696233930449
1786167481.5781186,-3.6319882231601843,0.4058823323184012,4.883219242132485,0.40366643180296324,-0.5481721688256048
1786167481.5980983,-3.6318924481387143,0.3976248378791656,4.872289202620672,0.41710675037490264,-0.5470568184694428
1786167481.6180053,-3.6318851886749686,0.389567240124695,4.862013259146138,0.4081433800230285,-0.5161975522062558
1786167481.6380231,-3.6319602737453565,0.38149839530458163,4.8520424528697665,0.40615762407903017,-0.49809545679789674
1786167481.6586378,-3.6321139804738145,0.37351780115322536,4.842256270257238,0.389852099221007,-0.474720402438701
1786167481.6782713,-3.632333730337538,0.36586234976283893,4.833291577015985,0.3924683330387372,-0.4566011575193082
1786167481.698259,-3.6326080845753843,0.3585224692219922,4.825036387695048,0.3694868514294304,-0.41301095711294544
1786167481.718044,-3.632941360747979,0.3511384128391494,4.817898166533632,0.37542521823498015,-0.360790870170334
1786167481.7383752,-3.6333185163194974,0.3439209535057037,4.810908010307304,0.3570302705263876,-0.34381518875065487
1786167481.7582808,-3.633744715712244,0.33667846016092146,4.804828199539382,0.3658821800151373,-0.3054326820354398
1786167481.778127,-3.634199502654602,0.32964900279994214,4.799315479522504,0.3561551612240637,-0.2777720548488115
1786167481.798163,-3.634693975350683,0.3225819591345639,4.79439024009648,0.354654128774721,-0.24581971542927342
1786167481.8183925,-3.635222650385007,0.3155189954695554,4.78965418788113,0.35105329461272533,-0.234115225294936
1786167481.8381958,-3.6357896245903447,0.30840391538491707,4.784828828869445,0.3612606551859268,-0.24366456705489692
1786167481.857951,-3.6363786594518377,0.301434698903483,4.780098901811116,0.3547297329278128,-0.23942784707098366
1786167481.8780472,-3.6370181396252113,0.2942297194590011,4.776465154429953,0.360521939413889,-0.1808167181848435
1786167481.8980772,-3.637673046990212,0.2871024326898463,4.773931391602819,0.35783178391312975,-0.12649825692638417
1786167481.917983,-3.638380698148943,0.2795903641861886,4.771923869407585,0.37951951154762736,-0.10085109022002763
1786167481.9384916,-3.6391059294628394,0.2720607166245543,4.769789235674798,0.3692437539673442,-0.10408517657680974
1786167481.958249,-3.6398223134252268,0.2647931685157422,4.767501307629296,0.3699565720600534,-0.11580042902614789
1786167481.9785588,-3.640559519555495,0.25746754269370775,4.765754680238585,0.36279272167585164,-0.08599972121111805
1786167481.9986777,-3.641335897826779,0.24987314676587316,4.764390066530376,0.37968484335896807,-0.06782727658700188
1786167482.01825,-3.6420831404752603,0.2426666176255747,4.762915906920676,0.37037212234424466,-0.07531883189109417
1786167482.0381079,-3.6428788269577055,0.2351255308410148,4.76082878661363,0.3820123986568399,-0.10510285811406808
1786167482.058057,-3.6436639286158528,0.22783841544109662,4.75856097940024,0.3674829237375425,-0.11367911831001201
1786167482.0779927,-3.64448333576282,0.2203070933791882,4.7587803454118385,0.38007033564572473,0.011003728232784024
1786167482.0981333,-3.6453374544471213,0.21237392494583485,4.760869777752206,0.3962590018057471,0.10374206192212315
1786167482.1186893,-3.646150421609104,0.20460781373230558,4.76475285825136,0.38004164490215475,0.1889027821327981
1786167482.1385705,-3.64694929564346,0.19665596989129508,4.769293744869087,0.40229011518641766,0.22840047613895595
1786167482.1583152,-3.6476703516873483,0.18909634247962448,4.77489588958623,0.385048822808418,0.28372997640154685
1786167482.178385,-3.6483879267863557,0.18105524075886129,4.781553724504059,0.40289303878007676,0.3317333732545053
1786167482.1982875,-3.6490069576668587,0.17352358533923684,4.788960030173019,0.3805119547335222,0.37213001775988597
1786167482.2185934,-3.64959099018635,0.16569895830179682,4.796625135239354,0.38744932570103824,0.37748219234870084
1786167482.238033,-3.6500846815313457,0.15834110905283816,4.804024902469087,0.3805809177141228,0.38065239024162667
1786167482.2580063,-3.650548290060124,0.15058594991577973,4.811245530083059,0.3904476689640739,0.36151439926221696
1786167482.2780967,-3.650949444263736,0.14295951500956028,4.818379419777971,0.38178022836261094,0.35509051305912526
1786167482.2979972,-3.651296842662311,0.13533311846956086,4.825340198198531,0.3854887031187336,0.3497780106682408
1786167482.3183901,-3.651596383108445,0.12758683531708143,4.8321470756240394,0.3821812834791386,0.3337867188874804
1786167482.337963,-3.6518317206596964,0.1201817064302079,4.839118028550383,0.3807577390349089,0.3561519671450877
1786167482.358397,-3.6520196572455106,0.11247702921218587,4.846917935236442,0.3795993537245396,0.3817139968376063
1786167482.3785863,-3.652146395830166,0.10490704763983887,4.854409251184758,0.3776381629033661,0.3710540440160871
1786167482.3983824,-3.6522185772954447,0.09723855785126401,4.861565829347035,0.39032591549074636,0.36151394554270816
1786167482.4187326,-3.6522364847943374,0.08945581409953038,4.868618857151862,0.385543944474602,0.34658242321941335
1786167482.4339118,-3.6522122754221344,0.0835398995873076,4.874332868064433,0.39309177555856345,0.3764379547426055
1786167482.458294,-3.6521062439869603,0.07431152011606314,4.883380344530967,0.3819779009741016,0.37107021623501435
1786167482.4782627,-3.651954053263892,0.0666530128001471,4.89104581606429,0.3873517881046547,0.38387341548688
1786167482.4981203,-3.651749088825746,0.05915742878325686,4.898266286706628,0.38151177665977076,0.36361162815066383
1786167482.518053,-3.6514824107818393,0.05148159530007798,4.905769463676259,0.38951745993683334,0.3764246349030651
1786167482.5379052,-3.651163762904021,0.043976434879064094,4.913601317161531,0.3827352078017762,0.39450885596388957
1786167482.5582616,-3.650775427058246,0.03627033709146103,4.9215237456522,0.383613939053268,0.38918580841320083
1786167482.5782967,-3.6503450011666323,0.028898484763523885,4.9294483757859755,0.3732440160932299,0.39553875106940195
1786167482.5980737,-3.6498469948426546,0.021387279903171977,4.937187614171728,0.3856747027119729,0.39132401680889045
1786167482.6181254,-3.6492789454377146,0.013731581204851726,4.945055878204257,0.3881493388130222,0.3923985030818485
1786167482.638351,-3.6486518678942534,0.006128294992043079,4.953509022797107,0.38265812313529696,0.417944386297291
1786167482.6579971,-3.6479904736646604,-0.0011607311693854622,4.9613220598957,0.3781573147150302,0.3976875895582375
1786167482.6781123,-3.647260708811662,-0.008566820885980667,4.968828578041227,0.37576113563432634,0.37317757806601315
1786167482.6981573,-3.646464618561319,-0.016081487746400336,4.975839714272038,0.3830964663017591,0.34976909589575933
1786167482.7181046,-3.6456296618959634,-0.02347212279421408,4.9826038716731285,0.37910176191006234,0.3391015650992291
1786167482.7397866,-3.6446138951576748,-0.03191434224588402,4.990188854144287,0.3989449170423462,0.34982815582307675
1786167482.7580876,-3.6437338998760254,-0.03880076451959333,4.997155554113125,0.38610468768013423,0.38067297480588796
1786167482.778052,-3.642711263858127,-0.0463551519091247,5.004925827436496,0.38885811413097254,0.38920535105519144
1786167482.7984767,-3.6416251314146715,-0.053938789374146215,5.012374260620051,0.3821938250056905,0.36467943426893284
1786167482.8180647,-3.6404880928731735,-0.061465827862085265,5.020082014918103,0.3962118843832889,0.39349381293766084
1786167482.8379111,-3.6393258795833185,-0.0687793491851608,5.027509762435856,0.3806238226331833,0.3742609635124465
1786167482.858027,-3.638061338840487,-0.07636630290464615,5.034996205681126,0.3902601621554948,0.37216634487041816
1786167482.8788152,-3.636706888433335,-0.08411211980232894,5.043197607420694,0.38629280948190714,0.3945221135182141
1786167482.898188,-3.635379747137896,-0.09135010593814195,5.051212265454235,0.38813923990386273,0.4137037541684669
1786167482.918045,-3.6339573300107797,-0.09876744988750992,5.05919452516753,0.3888826355899442,0.401988615667834
1786167482.93809,-3.632477581643217,-0.10615670814594023,5.0672947917304185,0.3846164603729391,0.4041032464560806
1786167482.9585094,-3.6308624566260876,-0.11388880791409867,5.075481930460193,0.3959897555920635,0.40094983621747265
1786167482.9790885,-3.6292054011814514,-0.12150989343830502,5.083359840880026,0.3881775993912265,0.3828112284718127
1786167482.9984074,-3.627566897188155,-0.12877106494923532,5.090879262081621,0.3948789274497881,0.3892277878726963
1786167483.0183494,-3.6258324738210463,-0.13619161920850592,5.0984285988302345,0.39183943702646146,0.3785638167217408
1786167483.0381782,-3.6239871247971673,-0.1438224947441678,5.105915002444071,0.4062073252492201,0.3775520948336863
1786167483.0589087,-3.622073412655012,-0.15148663607386775,5.112989843686229,0.39115137558597785,0.3412769973703409
1786167483.078013,-3.620239850673262,-0.15861259813413645,5.119937368466013,0.39555988040988066,0.363663979008171
1786167483.0980508,-3.6183128228492283,-0.16587615965398977,5.127650579028207,0.3853676065090457,0.3849312857856083
1786167483.1180391,-3.616325607241455,-0.1731318888924559,5.135600332834685,0.38695868713297243,0.3977203882477628
1786167483.1383748,-3.6142449507118823,-0.18050305186211185,5.142886756075392,0.3874493147747034,0.3583074324594128
1786167483.1586752,-3.612152721761044,-0.18772039450898514,5.14938153641108,0.38097815916192734,0.31993379772501007
1786167483.1783733,-3.610114185044969,-0.19458402122789004,5.155704129718657,0.37427402511163826,0.32097407891970053
1786167483.1980948,-3.608037493928376,-0.20140829391475804,5.162475281389457,0.3726106510213029,0.3433384334419075
1786167483.2186117,-3.6057917431016526,-0.20859703372804494,5.170131916039915,0.37834947280723025,0.373187223614831
1786167483.2381003,-3.6036024877362784,-0.21542737553848446,5.17688587646465,0.3795342168623373,0.34656002771326655
1786167483.257999,-3.6013165953523796,-0.22240075908717236,5.18299772339604,0.3804822470807479,0.307148776455118
1786167483.2782593,-3.598989663895097,-0.2293470503012664,5.18952226731717,0.37320461946925987,0.3220353581700163
1786167483.297983,-3.596657537990202,-0.23615125565232242,5.196567589616772,0.3765849391406111,0.3572016814644233
1786167483.3181276,-3.5942701429747577,-0.24295949704466197,5.2032907100816015,0.37001683408744573,0.3337413875482416
1786167483.3380978,-3.591850693623999,-0.24970414899350946,5.210508761419217,0.3708858703438323,0.3614415013857229
1786167483.3584423,-3.5893372388106246,-0.2565494157930973,5.217840419076146,0.37068574409703664,0.36037549117070095
1786167483.378334,-3.5867833696587192,-0.26334567053217894,5.2252001408705295,0.37765972247060087,0.3699888599227018
1786167483.3986266,-3.5842051546039273,-0.27004831451198025,5.2329234628851315,0.36637286248822204,0.3805994433181261
1786167483.4180002,-3.5816447550801644,-0.27654803801735056,5.24083416973329,0.3735020257255732,0.4083228857856764
1786167483.4381726,-3.5789573337788383,-0.2832091601676731,5.248877268848632,0.3690312746287404,0.398718845416837
1786167483.45808,-3.5761573195545546,-0.28998895907654865,5.256709688975943,0.3820862282570315,0.39344117307791787
1786167483.4785426,-3.5733149917106317,-0.29671965096987485,5.264236444904594,0.37044779253875354,0.3678314554862968
1786167483.498057,-3.570487639662016,-0.3032733522282483,5.2716645524372,0.3796748850797782,0.38064901387238986
1786167483.5180094,-3.567591841805557,-0.30984749995998695,5.279003981032952,0.3739227190010706,0.3678444049478976
1786167483.5385725,-3.5644892375883845,-0.31674464818248776,5.286787695203501,0.3821676324658418,0.37852777432972856
1786167483.5579557,-3.5616279946348484,-0.32297470398211525,5.294123727399622,0.36770935300981705,0.3784738949349672
1786167483.5780292,-3.558482111939714,-0.3296879890344997,5.301658071051267,0.3841657209870234,0.3753394269836879
1786167483.5981183,-3.5553079002995673,-0.33632787054352825,5.309048300703493,0.3812483287430129,0.36787170414489784
1786167483.618288,-3.5520932053648537,-0.34292005166159545,5.316704324112819,0.37860774347907394,0.37957977268769005
1786167483.6380274,-3.548938377619426,-0.34926271357247984,5.324196646960418,0.3738483251746979,0.3795620365124808
1786167483.658318,-3.5456809398400244,-0.3556817297124458,5.332222106609548,0.3697506828893739,0.3955257330142941
1786167483.6784334,-3.5422613908445597,-0.36228587786929034,5.339965156965133,0.3855409380676083,0.38493193171305057
1786167483.6981556,-3.538826266905362,-0.3687982065635478,5.3469058700863785,0.38949342196515807,0.3519234632958099
1786167483.718743,-3.535155293028496,-0.3756349220029352,5.354195239329797,0.3934350094756457,0.3540686806617643
1786167483.737962,-3.531787663066709,-0.3817954805348573,5.361347247280893,0.38149340954866745,0.37213367519309487
1786167483.7582142,-3.5281339622803864,-0.38835972665319884,5.368905815512093,0.3875659229106557,0.3732215691090463
1786167483.778579,-3.5244925470233435,-0.3947848934587863,5.3761803315778405,0.37907627689616746,0.35721096554077725
1786167483.7984614,-3.5207644506800104,-0.40124876207551885,5.3834318111844635,0.3924840170998311,0.36471778110845116
1786167483.8181794,-3.5170541064860723,-0.40757198230152486,5.390581027102759,0.38901675001042,0.36257433131776656
1786167483.838685,-3.51321276705852,-0.4140061165157695,5.39801535943496,0.3825249604599388,0.36255013938725633
1786167483.8584042,-3.5095793465202725,-0.41998702445454156,5.4053527863634905,0.3716532235490435,0.3720970053204719
1786167483.878746,-3.505639360659731,-0.42636148762699394,5.412793005456024,0.38597747781400465,0.36575879864845506
1786167483.8980718,-3.5018843634852894,-0.43233622013599077,5.419717220749787,0.3827484998347716,0.35828991467213955
1786167483.9183664,-3.497937268041471,-0.43851513078178583,5.426923443415675,0.37886071772558516,0.3550796333782752
1786167483.9381742,-3.493939218836097,-0.4446682307816036,5.4345694352459315,0.388664510155197,0.38600883627362714
1786167483.9586828,-3.489773394709807,-0.4509668296512458,5.442507589910582,0.3865019805134923,0.3870660419507586
1786167483.9786067,-3.485623796079965,-0.4571332066915146,5.449880267113403,0.39175798816178575,0.3700413977108208
1786167483.9981623,-3.481632443114275,-0.46297179532370913,5.456511653754385,0.3799620071329148,0.339104770839725
1786167484.018886,-3.4772533302255955,-0.46927755526425685,5.463959376705693,0.38936524716249377,0.35937983669916546
1786167484.0379782,-3.473209580968718,-0.47500831643192437,5.470840805704765,0.38629021739681274,0.3604336419056842
1786167484.0580196,-3.4688074128228505,-0.48114759289953013,5.478470828731739,0.39653024828654515,0.38071182610193804
1786167484.0783842,-3.464403882355177,-0.4871865636971563,5.486071208687884,0.3862581302048483,0.37321669556377585
1786167484.099448,-3.459756067533575,-0.49344873144641666,5.494606008902933,0.3898379388800065,0.4051879689543649
1786167484.1181211,-3.4557112267402452,-0.49880351421122715,5.5021713746990635,0.37859000261640674,0.4051460530403697
1786167484.1382856,-3.4512117174536963,-0.5046597052567681,5.510255572866133,0.38599966021817583,0.4009126077011758
1786167484.158046,-3.447012752118651,-0.5100332638059852,5.517755126105331,0.3638923483714063,0.3795249351404918
1786167484.1781733,-3.4425256088047336,-0.5156854370340669,5.524923312477084,0.3782265631226962,0.35614253461014467
1786167484.1981907,-3.438054443727545,-0.521230517944572,5.532222743947571,0.375526640221223,0.3646545887206059
1786167484.2186658,-3.4334527965297257,-0.5268435360405774,5.540386970395412,0.3742555109957413,0.39873831375637214
1786167484.238105,-3.42934670116019,-0.5317684030814199,5.54797059615314,0.3484009120557959,0.39011985000296573
1786167484.2584376,-3.424747085057681,-0.5371954723111202,5.555752735573889,0.3697200357617289,0.3827424455740861
1786167484.2780137,-3.420311445454523,-0.5423485408228333,5.562536117282153,0.3671617225121059,0.3465139210856207
1786167484.2983873,-3.415635647630862,-0.5477025444239266,5.5693789520564705,0.36896921394782684,0.3358680124191938
1786167484.318041,-3.4112645258860317,-0.5526353888948157,5.576251168465584,0.354772727252208,0.34966354627472657
1786167484.3383844,-3.4066013731076827,-0.5578187191479648,5.5836684767170555,0.3627211671007028,0.3646068685791143
1786167484.3580554,-3.4020184395381365,-0.5628329349695722,5.5911970893069975,0.36562745335322233,0.38272719439127056
1786167484.3784273,-3.3972569089283056,-0.5679579879976218,5.599145740634509,0.3637246430034,0.39017695453960544
1786167484.3988411,-3.392612129673894,-0.5728732200573017,5.607262022776779,0.351040915986103,0.3975865391423795
1786167484.4184797,-3.3879773111753,-0.5776965274507375,5.6149870957452475,0.3610897700012696,0.3933629288811312
1786167484.4381618,-3.3834215293406276,-0.5823627490217893,5.622330252273338,0.3513889144434716,0.3730867539447374
1786167484.458179,-3.378609405174098,-0.5872147174410585,5.629863160979742,0.36218887460830745,0.376322793764798
1786167484.4780166,-3.373911846596494,-0.5918740251450086,5.637877342682648,0.35399001906424,0.40398911571691304
1786167484.4980812,-3.36903122999192,-0.5966352718055192,5.645556247977148,0.3608148399995175,0.3827092599824423
1786167484.518249,-3.364011042215356,-0.6014553281346535,5.652931347588651,0.366540841271224,0.36568636719377834
1786167484.5383701,-3.358997875460605,-0.6061917882740714,5.660760738926732,0.36421886668479353,0.3891135318491916
1786167484.5584915,-3.3538328767782266,-0.6109873048437504,5.669383910899956,0.3723506947343913,0.4285586195862578
1786167484.578553,-3.3487694695064723,-0.6156049567986819,5.677638824930308,0.36326879117824157,0.41148054450897953
1786167484.598136,-3.343517334099406,-0.6203145783838713,5.685239357472231,0.3832445083892869,0.3881191672780507
1786167484.6182938,-3.3382520710437773,-0.6249591638625686,5.693019101534752,0.3706894004245716,0.38594185126092206
1786167484.6380932,-3.332877689732981,-0.6296202670198454,5.701104345643413,0.38254215640295686,0.40835657421803395
1786167484.6584048,-3.3274104478715083,-0.6342797893153262,5.709311725866638,0.37667828322359054,0.40407366450052246
1786167484.6781468,-3.321925683500819,-0.6388746149478564,5.717079345847296,0.386158720962183,0.39345634939559737
1786167484.6984227,-3.3163954046418573,-0.6434309057996361,5.724775494963137,0.37667162538675775,0.3795725576610807
1786167484.7182746,-3.3109410964766024,-0.6478537446585875,5.731760939162692,0.37714814401878843,0.35187745809125326
1786167484.738017,-3.3055922123039494,-0.6521268294699356,5.7385180600438686,0.3698467257768579,0.3422628691206239
1786167484.7584193,-3.299829498588483,-0.6566623906261583,5.745436808582401,0.3834808068715717,0.3391178837969605
1786167484.7781062,-3.294424910010372,-0.6608543480563239,5.751881378497657,0.37076513647856757,0.32735258951281276
1786167484.7986002,-3.2887344769495352,-0.6652038665350564,5.758764965606015,0.3730723176166926,0.33588330280993456
1786167484.8186438,-3.283236366265651,-0.6693446138406197,5.7653046369156336,0.3666807013256007,0.32627210425506065
1786167484.8385837,-3.277769543877069,-0.6734022407694946,5.7719165277526026,0.3646830112059675,0.3315909819578251
1786167484.8581996,-3.272522724929031,-0.6772386097693317,5.778775433677639,0.35401698110524327,0.3496607299544918
1786167484.8791263,-3.2665778342560117,-0.6815161258688405,5.786272584161076,0.37402790076046744,0.35825741698792274
1786167484.8984692,-3.261224665260322,-0.6853072852512669,5.792871808168012,0.36253687665188244,0.3411703642202031
1786167484.9185379,-3.255599845242876,-0.6892301346040411,5.799847119892323,0.36540037624417465,0.3475726217896973
1786167484.9381874,-3.250288909415678,-0.6928756659638301,5.806843126014503,0.3506592134944936,0.3560398037065361
1786167484.9589891,-3.2442959214854628,-0.6969198261224855,5.814738539762376,0.37187174582353566,0.3795546707052655
1786167484.9782815,-3.2388195695518514,-0.7005497874953708,5.822368784266403,0.36449036315535366,0.39550613020855346
1786167484.9981575,-3.233112490676653,-0.704264393903688,5.830420594178508,0.366785283298491,0.4051020622505865
1786167485.0210266,-3.226785222774655,-0.7083033529488447,5.838977129216535,0.3515218926377761,0.3741525139296791
1786167485.0382512,-3.221809121001929,-0.7114248720185793,5.845202439653637,0.3653261890496972,0.36142078299636643
1786167485.0582917,-3.215993628960423,-0.7150149895355264,5.852445503699709,0.3654129126732711,0.36142110617564677
1786167485.0783646,-3.2100853108781457,-0.7186000601522591,5.859593640582483,0.3690052106906195,0.3561081708471926
1786167485.0987132,-3.2040345945786455,-0.7222089114389904,5.8666883535325764,0.3711748605706641,0.3486594050877427
1786167485.1185462,-3.1980510107314983,-0.7257157009052448,5.873983922525213,0.3749857582118064,0.36784836640883467
1786167485.138755,-3.1921291825356075,-0.729121379243832,5.882041080494769,0.36258279901231594,0.3986948148975485
1786167485.1583219,-3.186122551369669,-0.7325078974888747,5.889968446471275,0.37810411016963213,0.4051442423414528
1786167485.1783986,-3.180049897137042,-0.7358654604940675,5.897588600384376,0.37092315450647356,0.37955113573928323
1786167485.1983833,-3.1739177534364416,-0.7391926785697691,5.904812195564066,0.3747423285110841,0.36145587264148715
1786167485.2184947,-3.167920272398243,-0.7423868588124601,5.912102078180594,0.3627756763830821,0.3624765428382155
1786167485.2381945,-3.161976781822651,-0.745493402744404,5.9193059622712925,0.36560679518675154,0.36568288643122543
1786167485.2580848,-3.156069603518817,-0.74852279836188,5.92662136002726,0.35853062102260835,0.3677870456386029
1786167485.2793746,-3.149541948158401,-0.7518058598458045,5.933998707311372,0.3687548146867359,0.3465198578115243
1786167485.2997534,-3.1434980234317234,-0.754784998538016,5.9416454963947505,0.355347115306619,0.3752320332210587
1786167485.3181446,-3.137998187657071,-0.7574421292854361,5.948762057619456,0.35700503964526936,0.386956120343134
1786167485.3380997,-3.1318080057495665,-0.7603742567393976,5.9560170577555,0.36904011780046014,0.3635651519822474
1786167485.3580678,-3.125624110846452,-0.7632420322230482,5.96395727415707,0.3671046808011433,0.39764640144677443
1786167485.378046,-3.119213333244895,-0.7661506778037611,5.971498093051128,0.37901593789958016,0.37745076496953633
1786167485.398982,-3.1126194962145366,-0.7690781725267172,5.979087527077663,0.37073116476136714,0.36250618930480627
1786167485.4184813,-3.106379824017809,-0.771789804273971,5.986198030690534,0.37543986381296124,0.3646542653446212
1786167485.4380236,-3.10020851770892,-0.7744149593943817,5.993573551334174,0.3693460548165229,0.37741472973799217
1786167485.4581335,-3.093703222174227,-0.777118917371445,6.001613771699629,0.3771061798764712,0.39981420133151424
1786167485.4783518,-3.0872624854947137,-0.7797328756673727,6.009223006258478,0.3701548390004345,0.3763524792707009
1786167485.4986293,-3.080651922098241,-0.7823526794913839,6.0169414622189,0.3776305984253635,0.38064139575102257
1786167485.5186381,-3.074225287271851,-0.7848388822762229,6.02449319702923,0.3709293314352182,0.37742062988580816
1786167485.5381756,-3.067722220270604,-0.7872943887196353,6.032013620100687,0.38327649187836443,0.3849234931577911
1786167485.5590158,-3.0609770576734903,-0.7897795282295966,6.039479579474812,0.3716408462700147,0.35824852152760195
1786167485.5785046,-3.0546242516717923,-0.792065458760653,6.046170888818582,0.3733175084272859,0.34334106757616484
1786167485.598115,-3.0481961351847,-0.7943264893094925,6.052862251808741,0.37449632479504363,0.3412149316135498
1786167485.6182313,-3.0414387390405664,-0.7966473740992989,6.059941161942717,0.3828488714815559,0.35189870209517005
1786167485.6385553,-3.034833955098074,-0.7988604487658164,6.06687563202101,0.36948715644134356,0.3411962647341347
1786167485.6585186,-3.0282218588877017,-0.8010214197248261,6.073793816659545,0.3757053061049581,0.3465457591140995
1786167485.6789713,-3.021648430302418,-0.8031156029950701,6.0807717764150455,0.3637406365107091,0.34117485008263426
1786167485.6988754,-3.0150238029103815,-0.80517368325441,6.087203013164851,0.37587137995937925,0.3231105604027006
1786167485.7182205,-3.008852962197663,-0.807045037901502,6.093390601082589,0.3595352117548115,0.3198538896673667
1786167485.7384474,-3.0022915610977146,-0.8089863161065574,6.099839130278561,0.36491999856377955,0.31880869186893657
1786167485.7582073,-2.9961368124443055,-0.8107603375137512,6.1064744285638435,0.3497144909856108,0.3357962588732302
1786167485.7793663,-2.9891963040572667,-0.812705554804435,6.113558386281171,0.36755627737631236,0.3347974826147937
1786167485.7982516,-2.9832222910095254,-0.8143330884296341,6.120021018212867,0.35378495539119265,0.3422030142485551
1786167485.8189456,-2.9764961395205436,-0.8161127834106477,6.127169405256227,0.3628374994840064,0.3454325422481296
1786167485.8386102,-2.9704568813505983,-0.8176629162086153,6.133814025536066,0.3422115728846607,0.3378988278011348
1786167485.8585632,-2.963973268786799,-0.8192758815471259,6.140982659100614,0.36143469371525394,0.3592757523010416
1786167485.8791575,-2.957367869266147,-0.8208620780371441,6.14897363976651,0.35608230108449324,0.3880179461545818
1786167485.8986666,-2.9509893607227253,-0.8223363787367486,6.156834915445462,0.3622871088980352,0.40295477073985886
1786167485.918627,-2.9446483769445457,-0.8237467958656604,6.16436692965508,0.3513842118871619,0.3773477941645876
1786167485.9382997,-2.9382211022414255,-0.825120711239756,6.1722101721943075,0.3607560415276502,0.39868800740790566
1786167485.9587562,-2.9315534755764396,-0.8264882980372307,6.17977746991343,0.3593102578267751,0.3699204798604536
1786167485.9783244,-2.924990109941324,-0.8277782663318798,6.187517155836619,0.36916573186644464,0.3955235531693702
1786167485.9982522,-2.918281575604129,-0.8290385289731846,6.195335420032498,0.3699543565149556,0.3923306987046475
1786167486.0180998,-2.9115255176307118,-0.8302483569759467,6.2033128057744875,0.373521576820539,0.4019313720274751
1786167486.0381277,-2.9049843655668566,-0.8313617124437827,6.211318799315848,0.3578702824818784,0.39974251793983095
1786167486.0581975,-2.89805947167905,-0.8324794014467138,6.2192361407654735,0.3775579936257744,0.3944895628545537
1786167486.0780118,-2.891161529394169,-0.8335349790919363,6.2265040788256565,0.3804698142991807,0.3668035385416024
1786167486.0984998,-2.8841046073810084,-0.8345558069710208,6.234455320173894,0.3759966297619934,0.38809215774936295
1786167486.1185443,-2.877320920109688,-0.8354779849093019,6.242383406017952,0.36900768118365,0.3955229641867629
1786167486.1381555,-2.8705874666430438,-0.8363375015860023,6.249597251184776,0.37398179900012507,0.36784462511203275
1786167486.1580744,-2.8635931516596074,-0.8371726297510707,6.2574766123949175,0.3820953181669195,0.39557173582391797
1786167486.1780512,-2.8565046836382093,-0.8379569932627275,6.265634530463014,0.38574282587001274,0.40836850164925015
1786167486.1987524,-2.8489961604160876,-0.8387170395887033,6.274794538435946,0.39392450854349936,0.44248745299153913
1786167486.2181177,-2.8419403860262786,-0.8393635881587337,6.2832810316592465,0.3953508934538151,0.43823171073158856
1786167486.2384055,-2.83437255774756,-0.8399892691940696,6.291307983253708,0.4044523153486341,0.395655050127013
1786167486.2580583,-2.8272731633200445,-0.8405175664044957,6.298538453494338,0.39142376526393513,0.36790962334288035
1786167486.278524,-2.8199025126809927,-0.8410086088309605,6.305719022064373,0.3900265663140898,0.3508601856449229
1786167486.2989218,-2.8127852345652244,-0.8414260581250743,6.31328774902795,0.37767907080875396,0.37105419646114046
1786167486.319097,-2.8055422552904994,-0.8417908352696684,6.321075542700724,0.3884121461347316,0.3860078958283464
1786167486.3385067,-2.7985757677976517,-0.8420848932679197,6.32840239434704,0.388167533891123,0.377484868782139
1786167486.358272,-2.7916018619069827,-0.8423259830337715,6.335252426417456,0.381468248619705,0.34656723496505976
1786167486.3781025,-2.7844776170686485,-0.8425210033527314,6.341766402374199,0.3883173806948319,0.3284832631351831
1786167486.3980496,-2.7775099152188534,-0.8426637036328305,6.34806288388682,0.37749322655879974,0.3156597532309722
1786167486.419021,-2.7701201168268508,-0.8427606676981324,6.355442492386728,0.3807487657884773,0.35189087596177554
1786167486.438124,-2.763296872285826,-0.8427987250248072,6.36208364887728,0.38589864101500393,0.3476490094472239
1786167486.4590564,-2.7557945199193217,-0.8427850306188075,6.369204801266978,0.38720380353338235,0.3401970221387669
1786167486.4783623,-2.7491189056463536,-0.8427229511416712,6.375977303888214,0.3735606622836057,0.35079882475159807
1786167486.4987483,-2.7419674806847176,-0.8426015253791288,6.383476558849537,0.3790044609322578,0.3678633422758431
1786167486.5186687,-2.735102595606526,-0.8424306494106218,6.390676709460596,0.37236385292543367,0.36144700915082084
1786167486.5380976,-2.7282717756583184,-0.8422086933501987,6.397596316144237,0.37994779681089375,0.35614894886086135
1786167486.558489,-2.7212246929337507,-0.8419254685685058,6.404966840507679,0.37355617400374164,0.3614514523861488
1786167486.5783312,-2.714373715357202,-0.8415955667889352,6.412371304668585,0.37331993348722403,0.3731684808221415
1786167486.5985665,-2.7076628833010523,-0.8412161612990101,6.420503389475189,0.35870728837780974,0.40187616595004777
1786167486.618284,-2.7009363270902136,-0.8407769223689885,6.428596166751596,0.3691548721070432,0.41043721480445755
1786167486.6389837,-2.69408699886477,-0.8402743842040192,6.4354374647540755,0.3582240570420613,0.330501647953751
1786167486.658061,-2.6877104914350225,-0.8397623291523222,6.441417656219539,0.36202141427391543,0.3134715679908529
1786167486.6784065,-2.680930639784658,-0.8391709421373381,6.4482287725481875,0.3611075726675622,0.33477345124178287
1786167486.6981592,-2.6744431226325602,-0.8385577067608145,6.454883181581203,0.3561084731471293,0.3368853507563676
1786167486.7181122,-2.6678086040271456,-0.8378810292397108,6.461987998568862,0.36075050759268457,0.3560774093441933
1786167486.7387905,-2.6608939707958887,-0.837120652199363,6.469549496072749,0.36305982958134764,0.3656733950553176
1786167486.7581024,-2.6543877253118335,-0.8363546214618715,6.476261833559825,0.3660682790428652,0.34757511075794983
1786167486.779262,-2.64722166297606,-0.8354560253536103,6.483594034782879,0.36828173452676777,0.34651809485814034
1786167486.7981412,-2.6409058119699322,-0.8346172226550586,6.48983404655983,0.36409814547922326,0.33052353799472933
1786167486.8186874,-2.633870779106753,-0.8336323258726452,6.496735163608588,0.3729709788005628,0.3358829251665161
1786167486.8385522,-2.627147640266308,-0.8326395048804093,6.503830342438686,0.36901646197811183,0.3571734772116268
1786167486.8582897,-2.6202546545341967,-0.8315681083594851,6.5108599157999825,0.381169624658422,0.3561535020544227
1786167486.8787217,-2.613336355180837,-0.8304386115359574,6.518048927623189,0.3699669781646751,0.35185069717055883
1786167486.8984928,-2.606515474625106,-0.8292713659924456,6.525111256179101,0.3773818728603119,0.35720465127190376
1786167486.9193964,-2.5995683057741763,-0.8280272602151133,6.532421196326392,0.36398562947738267,0.3496978785476224
1786167486.9384992,-2.592890014644791,-0.8267769710237829,6.539774324608803,0.3833780558504546,0.38492387164026287
1786167486.958482,-2.5859746445602596,-0.8254248939611826,6.547338215725105,0.38002855131602,0.37851980295263293
1786167486.9784138,-2.579043369172891,-0.8240120865454668,6.55467064599711,0.3824268428962246,0.3678760959281308
1786167486.9987476,-2.572044390946785,-0.8225249733341214,6.562778866343522,0.37911736833842374,0.39875643167502467
1786167487.0184553,-2.565273143319664,-0.8210242152952063,6.570973330137594,0.37908326373232115,0.4158005355592632
1786167487.0384333,-2.558204599291623,-0.8193907492351569,6.57953648930398,0.3910906510007359,0.42862845483218426
1786167487.0582309,-2.551311998646768,-0.8177348680608807,6.587136114335416,0.3855448715248309,0.3838666819352149
1786167487.0782437,-2.544074761743432,-0.8159329027142932,6.594926145281418,0.40120055484765116,0.3892513456866907
1786167487.0983496,-2.53696136302546,-0.8140987537159955,6.602666103261588,0.393263587447823,0.38496071049518893
1786167487.1183786,-2.5298304467504424,-0.8121943516743291,6.6110168409592855,0.39655727190205203,0.41693091763167095
1786167487.1380587,-2.522884316544806,-0.8102758103428269,6.618550998828383,0.39395920672912893,0.38283277387803216
1786167487.158199,-2.5155924271968493,-0.808199081978967,6.62589749902751,0.40493832440686145,0.3647641926155683
1786167487.178158,-2.5086643187658186,-0.806167602066963,6.633070326446308,0.38902894062977617,0.35937858343853424
1786167487.1982157,-2.5016279684534153,-0.804042424656525,6.641005468804391,0.3940259822723754,0.39561619595232106
1786167487.2181134,-2.4944231448032044,-0.801799388859759,6.64894192168547,0.40767162346302965,0.3988628403240382
1786167487.2383668,-2.487263427326826,-0.7995049152986438,6.656544945249859,0.3989593638310285,0.37539455612441136
1786167487.2581837,-2.4801749687640866,-0.7971734209275759,6.663224541701004,0.4046052604374919,0.33706607610166356
1786167487.278485,-2.473068813581577,-0.7947795943270379,6.669937087042235,0.39679912470382606,0.3306453995878798
1786167487.2982624,-2.466153957920648,-0.7923927461538112,6.677150571965501,0.3972694375097169,0.36473561418161504
1786167487.3181834,-2.45943797549579,-0.7900165567908539,6.6843306239568685,0.3840030384095092,0.3604251186356837
1786167487.3388035,-2.452329771954933,-0.787438864474075,6.691785336588511,0.39365948655523747,0.3615263682373929
1786167487.35839,-2.4457740635237375,-0.7850049235975232,6.698573523929228,0.38319890778913385,0.34657368434023406
1786167487.3785102,-2.4389613242265193,-0.7824201228417476,6.705139810199056,0.3886147647996691,0.32635384247766414
1786167487.3982527,-2.4324965598579547,-0.7799151805659255,6.711750222208379,0.37675060665937565,0.33483174567482893
1786167487.418391,-2.4258753432753193,-0.7772925389198021,6.719136921007879,0.37930271001514165,0.36679918927773336
1786167487.438676,-2.4193470046590857,-0.7746464485927584,6.726641792505689,0.3723622135382814,0.3699691185298283
1786167487.4585102,-2.412909857260335,-0.7719782623863615,6.733853319381777,0.37662381148611823,0.3635934129400662
1786167487.4782317,-2.4065715471879128,-0.769293529580658,6.741107776429017,0.3740678034201566,0.3678449456111704
1786167487.4984818,-2.4001216142698913,-0.7665006770245824,6.748793790672449,0.37188542275279574,0.3795547216729254
1786167487.518804,-2.3935109604852602,-0.7635712327040218,6.757049138422105,0.3811016544207681,0.40622067725392413
1786167487.5387206,-2.3870894847036546,-0.7606593599301827,6.764906116381969,0.3790805173717255,0.39449523660419944
1786167487.5588613,-2.380471674687111,-0.7575917289569473,6.772680510992709,0.38768599585756414,0.3860051897983821
1786167487.5783427,-2.3741728084749054,-0.7546114003385314,6.779702016150295,0.38278891382987695,0.36042059414867855
1786167487.598156,-2.3674928967860587,-0.7513888986723929,6.786844443055897,0.4004748567208459,0.3604865015688282
1786167487.618941,-2.3607475256446104,-0.7480715832851701,6.793937580813741,0.3868073109449855,0.34126080902826517
1786167487.638593,-2.3542486582570956,-0.744811476328483,6.801691366978423,0.3955927170005338,0.394556770020045
1786167487.65926,-2.347642232830906,-0.7414291733374634,6.809382464303813,0.3838609048150722,0.3721424977651334
1786167487.6782756,-2.3415634320866316,-0.7382585807097349,6.815952644159085,0.38527348497266883,0.3455161509045178
1786167487.6987565,-2.3351526462022996,-0.7348548731689517,6.823159511247226,0.37859188737430816,0.3518828382624156
1786167487.7186096,-2.3288790965069275,-0.7314638518893711,6.829976662968786,0.38361703299161515,0.3433794491935311
1786167487.738625,-2.3226534166137203,-0.72803664642702,6.837616811622811,0.37906973908128117,0.3817120232060603
1786167487.7590344,-2.3162750477301697,-0.7244597561448639,6.844777059607026,0.38241626534557455,0.3508318255339302
1786167487.778312,-2.310398870770034,-0.7211081712899373,6.851293242135418,0.37441334385700503,0.33801882907345154
1786167487.798211,-2.3043473219683346,-0.7175983197536795,6.8584011262925975,0.3749870528163605,0.3571957268729168
1786167487.818502,-2.2979297445810962,-0.7138105467775244,6.865650188495581,0.3916070877538031,0.3572576621416371
1786167487.8382182,-2.291838247655483,-0.7101517585672932,6.872903458497312,0.38417182835501534,0.3678825986908332
1786167487.8585641,-2.2854088546280904,-0.7062224336554594,6.88015075246699,0.39463666929874747,0.35620368757038623
1786167487.87821,-2.2793484225849063,-0.7024585471976253,6.886457505867311,0.38683118269555644,0.32102087370275906
1786167487.8982403,-2.2729824599863795,-0.698450800268365,6.891693715686808,0.3999542626495699,0.2614149690018806
1786167487.9187024,-2.2666546918993755,-0.6944219972908473,6.896082975496937,0.3903331087881599,0.21450748017646368
1786167487.9386773,-2.260406170440299,-0.6904065975286762,6.89966596665661,0.39583353425850953,0.17937425135742072
1786167487.959278,-2.2541461754719996,-0.6863586038080833,6.901495050238994,0.38516980677619367,0.08878703545966017
1786167487.9783504,-2.2483107717068576,-0.6825732191977729,6.902436904679116,0.3881573495074409,0.049383384531836876
1786167487.9983969,-2.241999485410951,-0.678478439382358,6.901697971073483,0.39942940749650596,-0.03686102898209697
1786167488.018248,-2.235863217135608,-0.6745095863248902,6.899823747063558,0.3918372078923198,-0.09441360118329531
1786167488.038329,-2.229649586531029,-0.6705084117600427,6.897970623438913,0.39176690468203385,-0.09228333429914212
1786167488.058687,-2.223535564726859,-0.6665881937332109,6.896221123561552,0.37979406291777296,-0.08593636498819869
1786167488.0784693,-2.217418105381448,-0.6626839713603144,6.89405828463625,0.39057712703375447,-0.10933199903277678
1786167488.0986242,-2.2110835786615106,-0.6586652047233559,6.891211024457572,0.3963256649406,-0.14126850994215281
1786167488.118152,-2.2048133825271377,-0.6547148598929038,6.888203323155865,0.4041544130019641,-0.15402250901113645
1786167488.1383445,-2.1984585219182615,-0.6507310767367102,6.887050015228338,0.3956037172656956,-0.05711530986443666
1786167488.1583984,-2.1920748494807607,-0.6467389659188272,6.886204030417434,0.39989202053191397,-0.04218562721505742
1786167488.1782331,-2.1858606970629975,-0.6428629127490022,6.8849230875671426,0.39330730924221563,-0.0645807185790558
1786167488.1985586,-2.1795943456361266,-0.6389717781415369,6.882484046790377,0.3865869280353082,-0.11999951303976696
1786167488.2183583,-2.17320451551313,-0.6350262953878156,6.880235933861923,0.4040837176508959,-0.11354272389117158
1786167488.2381914,-2.1669200691708284,-0.6311641912493394,6.878575023159665,0.3962713018084532,-0.08374443298297077
1786167488.2585263,-2.1602810772330887,-0.6270971634992378,6.877631143539623,0.4079656946285344,-0.046416598068475694
1786167488.2782092,-2.1539044861745738,-0.6232009058930518,6.8764866389244474,0.40455941480414276,-0.058147200511802485
1786167488.2982945,-2.1473210618428733,-0.6191907050138161,6.875105102896707,0.4089935397222516,-0.06878332091658167
1786167488.3182695,-2.140786162510609,-0.6152248009853681,6.873454452265014,0.4078431053551473,-0.08263604572770669
1786167488.33827,-2.134400339336409,-0.6113646055367417,6.871886156186598,0.3976402954949132,-0.07841300918947836
1786167488.3583424,-2.1275924677011537,-0.6072628952062873,6.870763072350254,0.42205351757567877,-0.05595147911997279
1786167488.3785467,-2.1211293188134315,-0.6033804438713042,6.86948012313866,0.39777573102709074,-0.06349880237875023
1786167488.3985474,-2.114263121859811,-0.5992699256221241,6.867999185429553,0.4265258919637357,-0.07404430803869348
1786167488.4192877,-2.1075617156489668,-0.5952711666785954,6.866837118974874,0.4011239425743295,-0.05602947407346053
1786167488.438313,-2.1011924794617096,-0.5914715348787628,6.86785966633471,0.41558196872537045,0.05374664128861363
1786167488.4590328,-2.0943705762655123,-0.5873800862262968,6.871312430543874,0.40925029973541127,0.16664107627355793
1786167488.479244,-2.0878198626678026,-0.5834098254814526,6.876639305043267,0.40391769690361345,0.26356026778065617
1786167488.4982274,-2.081475870856316,-0.579513697267936,6.882411999496707,0.4178616213211447,0.30409227897864366
1786167488.5183618,-2.075110102961743,-0.5755407983211517,6.890227594597076,0.39696559416965105,0.3881702994891525
1786167488.538455,-2.0683121703864757,-0.5712150480118849,6.898928417810456,0.42696943213027083,0.4330232163837326
1786167488.558296,-2.0620822850741787,-0.5671686178467072,6.907834944012983,0.3984830153015529,0.4488960270774961
1786167488.5780885,-2.055647203284045,-0.5629029715473743,6.916552285981437,0.41497383262424986,0.44043536532301286
1786167488.5982602,-2.0491891537452327,-0.5585356940457078,6.925285874181937,0.41098936376573725,0.4329636659777285
1786167488.6183236,-2.0429701155738527,-0.5542458779039812,6.933993168011709,0.40025831928525757,0.4339889407190303
1786167488.6403522,-2.0358300087191674,-0.5492163552975925,6.943883623977125,0.42122562196880964,0.4489807783707779
1786167488.658627,-2.0302044011797262,-0.5451733793614079,6.9519121733528655,0.40257543461484485,0.43932389772824504
1786167488.6788504,-2.023679884746175,-0.5403989225760639,6.960130589266418,0.42437398443351826,0.4063819334364521
1786167488.6985257,-2.017658745812797,-0.5359122415282566,6.96831346770903,0.40495523543781375,0.41589694856476744
1786167488.7186565,-2.0113449277573423,-0.5311193962206083,6.977008458109331,0.41763636075718474,0.4319231718593524
1786167488.7389379,-2.0051700561627936,-0.5263410758247247,6.985897338581235,0.4081212001794429,0.4382792998240104
1786167488.7592494,-1.999156823807596,-0.5215995281757155,6.994301181198316,0.3995000443367505,0.4137460906905066
1786167488.7781963,-1.9933318806764024,-0.5169261391980723,7.001919633023133,0.41748239280776117,0.40209519388233766
1786167488.7986848,-1.9872861581760277,-0.5120100433701055,7.006773852822093,0.4026979592893274,0.23692411147564577
1786167488.8181424,-1.9813092264292047,-0.5071072268690021,7.010079288962611,0.42058524848493306,0.1698791097513864
1786167488.8382044,-1.9753879887114691,-0.5022184323439814,7.0128664736876125,0.40510871709700436,0.1389287671524727
1786167488.8586614,-1.9693755996204834,-0.4972277136715339,7.015120088324434,0.40422601290386595,0.11016333794481079
1786167488.8786702,-1.963519580294212,-0.4923504746629557,7.016045357169239,0.4030501016121421,0.046243089699350384
1786167488.898941,-1.9575875847756332,-0.48740887400755734,7.0153848013037665,0.4030358102318617,-0.032586531824432934
1786167488.9182024,-1.9518104635330609,-0.48260600911266327,7.014224359164885,0.4127640822840175,-0.060247154340730316
1786167488.938555,-1.9459446560541533,-0.4777384867813859,7.013712397467345,0.39634707205386677,-0.025154606640177844
1786167488.958527,-1.9397506750853264,-0.472606101774225,7.012935651541593,0.42625869943394784,-0.038891577354000416
1786167488.9788332,-1.9337266338662529,-0.46762722073394425,7.011409017129051,0.407349035822641,-0.0751810358466603
1786167488.9982765,-1.927803843376828,-0.4627468675993994,7.010175842947446,0.4177933834465589,-0.06342420574363988
1786167489.0184934,-1.9216679496706344,-0.45769990234248864,7.009819527727532,0.415981917035451,-0.01762458550108231
1786167489.0390725,-1.9155893982287133,-0.45270443322438614,7.009434042984324,0.40470963513447805,-0.018731856576164743
1786167489.0583265,-1.9098290088733738,-0.4479774740058693,7.008499441958805,0.4096919623107303,-0.04854069393042915
1786167489.078551,-1.9039881273276837,-0.4431953334572421,7.007387363564719,0.39514232020006,-0.0549865004082081
1786167489.0944927,-1.8990958289066597,-0.43919857206258694,7.006529221415267,0.4195450744907127,-0.05383029806800255
1786167489.1182084,-1.8922831224237548,-0.4336445997168984,7.005502833492041,0.3924098077079409,-0.043278774436150615
1786167489.1381602,-1.886227696023396,-0.42871748889009076,7.004811001833811,0.41429184181307926,-0.03467511461495491
1786167489.1585097,-1.880297013245552,-0.42390173705260026,7.003670556954622,0.39752456154309357,-0.05604288732031804
1786167489.1783078,-1.8743795819651727,-0.4191087242850491,7.002561739285791,0.4073062789583102,-0.05600643533336748
1786167489.1987987,-1.868367009265349,-0.41425336263960555,7.000933294550045,0.3994136247622459,-0.07947166523839683
1786167489.2188106,-1.8625393976871918,-0.4095625206831298,6.999641106458576,0.39592091908831595,-0.06457097885054394
1786167489.238589,-1.8565973362665409,-0.4047928224584881,6.998428091474404,0.408043688591171,-0.06133000952509272
1786167489.2590165,-1.8508114109263065,-0.40015973658852083,6.997456360126799,0.38435623436759436,-0.047569844164660736
1786167489.2782226,-1.8449179500007555,-0.39545046967803094,6.996545001789712,0.4160770697277743,-0.047451635119405394
1786167489.2984939,-1.8390621193437329,-0.39078414539812906,6.994976583565578,0.39130225108067374,-0.07737136374615243
1786167489.3184328,-1.8329998527983362,-0.3859716949180264,6.99309552056945,0.4112801832254269,-0.09434114610684625
1786167489.339378,-1.8269143652995479,-0.3811585485128708,6.991653544955469,0.39249726142743085,-0.0688447950008974
1786167489.3585985,-1.8211507729303749,-0.37661235860730335,6.990658794072749,0.40470242645232624,-0.05175508095660865
1786167489.3791091,-1.8150721089757873,-0.37182788303072556,6.989749822737324,0.3996679559478096,-0.04431699107334554
1786167489.3982956,-1.809471830422738,-0.36743013139295166,6.988592499351442,0.39330157157026935,-0.06031968221660814
1786167489.4184444,-1.8033136203057993,-0.3626071556834233,6.987357030933695,0.411438024285749,-0.06131736038842352
1786167489.4387333,-1.7974325090063246,-0.3580147056234107,6.985960039012669,0.3898029067034532,-0.0688548356286389
1786167489.4583728,-1.7912509415800106,-0.3532022939645608,6.984631102037625,0.4228108876019981,-0.06766656554463105
1786167489.4783914,-1.7853136351711196,-0.34859335029476723,6.98338128880323,0.39800881703742436,-0.06243266933776438
1786167489.4982712,-1.779163734969263,-0.34383509351139674,6.9816754722852234,0.41465732047209913,-0.0858064455726728
1786167489.5190208,-1.772913284352468,-0.3390163881190193,6.980159389951167,0.4032648844836129,-0.07306572673867258
1786167489.5389862,-1.7669626821186808,-0.33444525150178167,6.978466295455163,0.3985011446967963,-0.084801387814419
1786167489.5585454,-1.7608906080298827,-0.329798215005073,6.976808822219249,0.4145449725387591,-0.08474159980600417
1786167489.5784044,-1.7551348301441798,-0.32540741736046563,6.97558927699232,0.3865867643678609,-0.061409969667937436
1786167489.5983233,-1.748809869445514,-0.3205971120306863,6.974092920962703,0.42309637357980345,-0.07512235272118611
1786167489.618333,-1.7428926250767134,-0.31611348984575305,6.972289116674451,0.39352852373817043,-0.09014624067856676
1786167489.6383128,-1.7366141777224662,-0.31137788280505824,6.970000282733179,0.41752859739546905,-0.1145578854096687
1786167489.6581972,-1.7306865514282284,-0.3069276750244338,6.9681231987063095,0.39546564919267757,-0.09440007964210606
1786167489.6783376,-1.7245504477073808,-0.3023365131601247,6.966994936262992,0.40371016908925,-0.05601983639009969
1786167489.6982324,-1.718620006531588,-0.2979086435863926,6.9662612424885895,0.39471445066477234,-0.036878599469732966
1786167489.7181358,-1.712719538789146,-0.29351243686199346,6.9651454078201365,0.39227364400992665,-0.05606245508835638
1786167489.7382238,-1.7065712443359127,-0.2889464757652104,6.963378177453298,0.40455598843600526,-0.08797461748919688
1786167489.7582502,-1.7007882616099974,-0.2846689551301125,6.961593280727568,0.38118191773971516,-0.08912698639613441
1786167489.7781487,-1.6945453288944627,-0.2800715415949094,6.959461844600807,0.41354571621095615,-0.10711587673397446
1786167489.798153,-1.6886334264188865,-0.27573923635675324,6.9572319942388186,0.38891931424097365,-0.11146870581488641
1786167489.818434,-1.682254408346811,-0.2710859889212157,6.955405226112643,0.4133049820489899,-0.0900725428635846
1786167489.8384326,-1.6762621708776517,-0.2667293031111968,6.954326742929189,0.3933090213419446,-0.05392806783852623
1786167489.8581893,-1.6701881108389234,-0.2623216843932727,6.9537250498272245,0.40330574324237434,-0.0304549970354984
1786167489.8781893,-1.664228054990486,-0.25800374062015385,6.952944570446576,0.39072203510484715,-0.03902400624858041
1786167489.8982732,-1.6582304294705743,-0.2536678933683456,6.951861331871247,0.3912724578642745,-0.05393565717914617
1786167489.9182665,-1.6522900397630806,-0.24938640853314414,6.950292946771385,0.3889178325017463,-0.07844551381966824
1786167489.9387314,-1.6463423440031755,-0.24511325532921796,6.9490792997011495,0.38003825648701456,-0.05930384408966036
1786167489.9581506,-1.640504057599876,-0.24092997061537394,6.947949277021641,0.3928004468200597,-0.058191020807289766
1786167489.9780288,-1.6348482215375162,-0.23688680270188486,6.947066248235546,0.37146703860692865,-0.044422082994044924
1786167489.999308,-1.6284954531813771,-0.2323551293993271,6.946099737999526,0.3895035957367555,-0.04542013343101886
1786167490.0181627,-1.6231943207323258,-0.2285814343720756,6.945281918761779,0.36658558959775017,-0.04337500948584617
1786167490.0389352,-1.6169210214844834,-0.2241278953236556,6.9437191459432634,0.39342341067218783,-0.07523293028244447
1786167490.0581565,-1.6114695037301359,-0.22026903903172365,6.942742274163314,0.369139837088005,-0.0508223420259059
1786167490.0784976,-1.6054477204527449,-0.2160158978101095,6.941818037878043,0.38504226418010745,-0.045436758773254995
1786167490.0982277,-1.5999169686532557,-0.21211847040824425,6.94077292000479,0.36434001969162916,-0.0529707576221171
1786167490.1182387,-1.5940630181066635,-0.20800292365739514,6.939799356327141,0.37994383838408985,-0.04865155158242908
1786167490.1381276,-1.5884693402777441,-0.20407949407510634,6.938767064547729,0.36501780545274787,-0.051902967388552025
1786167490.1582003,-1.5825631431381264,-0.19994630869115085,6.937833387032119,0.3816142735100443,-0.04651479776265678
1786167490.1780868,-1.5769322277356352,-0.1960153245069273,6.936674256789923,0.36696142859612724,-0.05828731101024012
1786167490.1981785,-1.5709747065965531,-0.19186754068743672,6.935504434392304,0.38396319099614495,-0.058223953217857165
1786167490.2182136,-1.5652960666823676,-0.1879234802176626,6.934592742351235,0.36675589064712527,-0.045504903723788986
1786167490.2381957,-1.5594172379752296,-0.18384973898432141,6.933535473249741,0.38042628028627684,-0.05291081148624046
1786167490.258138,-1.5536730127704539,-0.17987886209892173,6.932522186132631,0.3721868663978933,-0.05081098714128521
1786167490.2780666,-1.5477693931514291,-0.17580694008700967,6.931616503351492,0.38251712767055485,-0.045446168802106515
1786167490.2981985,-1.5419113034230623,-0.17177464039356438,6.930786845981764,0.37550767916030775,-0.0412112320666718
1786167490.3190053,-1.5357895588860828,-0.16756655831775924,6.930483802350056,0.37952477859417005,-0.014564651273586833
1786167490.3382533,-1.5299812253498606,-0.16358007696382784,6.929486499295713,0.3890767828216992,-0.05181331058373238
1786167490.35833,-1.5241418613025015,-0.15958340244197985,6.928102987842639,0.37469917170148065,-0.06891112034100855
1786167490.37832,-1.5180169366019585,-0.15540745961494287,6.9261519609740825,0.3942768850799873,-0.09760030293034508
1786167490.3981004,-1.5121802870353047,-0.1514451620005928,6.924388849054406,0.37921877233064444,-0.08913430214119183
1786167490.4183216,-1.5058911608447696,-0.14719282053389615,6.922695656911498,0.3992383092965914,-0.08373337630308023
1786167490.4382524,-1.4998626985586057,-0.1431296068030746,6.921684118993035,0.3879087452784809,-0.050752398889399905
1786167490.4583366,-1.4935818014354827,-0.13890803567662702,6.920323442338498,0.4007424785836336,-0.06774880441163264
1786167490.4784007,-1.487455847941845,-0.13480443252792304,6.9188137689415425,0.3908663276813524,-0.0752424593612204
1786167490.4986136,-1.481165156517912,-0.13060614476847007,6.917142714045559,0.39799634021835467,-0.08267274011776475
1786167490.5184834,-1.4749852269215056,-0.1264974664299034,6.915563471554393,0.39730615601685376,-0.07947951881051968
1786167490.538399,-1.4688882316161345,-0.12245925339588501,6.913916450843068,0.3906518617875651,-0.08270010962973832
1786167490.5583708,-1.4626145584107153,-0.11831938998695463,6.912414430905299,0.4004192964176514,-0.07520685981597357
1786167490.5786366,-1.4564836271497956,-0.11428551733716596,6.911450461544882,0.3853152560476597,-0.047566270329486085
1786167490.5983243,-1.450185735471019,-0.11015569471635381,6.909571822778953,0.40704802128585427,-0.09542218187476635
1786167490.6184037,-1.4440066919426475,-0.10612008349291077,6.908039631595095,0.39113582081889586,-0.07630671951958631
1786167490.6383173,-1.4376155536904303,-0.1019619300985729,6.9063303784670325,0.407493847813479,-0.08583314055891994
1786167490.658239,-1.43137284229336,-0.09791856131269219,6.904237708414203,0.3973799938898483,-0.10504559011529889
1786167490.6786177,-1.4247977257218034,-0.0936818119800969,6.901967599118487,0.40856959560143546,-0.1113954782036888
1786167490.6983042,-1.4185119105573394,-0.08965096427457742,6.900172720949607,0.4037997648096263,-0.09117322889687411
1786167490.7183614,-1.412249677724922,-0.08565012299179081,6.898856131866139,0.3944527924429261,-0.06564171432310716
1786167490.7383373,-1.4057147719512126,-0.08148862749971975,6.8974611374126775,0.4129422764062992,-0.06983387021702232
1786167490.7582233,-1.399486783725846,-0.07753571459949121,6.896092272351389,0.3949760299077048,-0.06883555776448369
1786167490.7782621,-1.392925808489373,-0.0733885203734897,6.8940311003877905,0.41246935216382014,-0.10285883010635563
1786167490.7984369,-1.38654017169645,-0.06937117043727059,6.892148303511609,0.3982444568935803,-0.09332445986071405
1786167490.8182926,-1.3800835618855745,-0.06532714025122333,6.89033835169201,0.4086636863465166,-0.09115510328591386
1786167490.8382185,-1.3737012576122392,-0.061345458036084266,6.888861145188639,0.40212324608980454,-0.0741352455388478
1786167490.8582137,-1.3672654449010964,-0.05734373191700043,6.887591917440618,0.4037384818741091,-0.06347658193352178
1786167490.878329,-1.3606969623312009,-0.05327431118932224,6.885865480657531,0.4092156971587306,-0.08582672401393099
1786167490.8988614,-1.3542069258117508,-0.04927085813942822,6.884014729090025,0.395676676695027,-0.09013823549499549
1786167490.9185524,-1.3476885583312814,-0.04526865812035796,6.882010417293628,0.41389118179142925,-0.10178826716160287
1786167490.9387577,-1.3412113194242965,-0.04130778931142787,6.880684557244894,0.4004001602185401,-0.06561955120355009
1786167490.958559,-1.3346947435050232,-0.03733655375979983,6.8791961157772405,0.4106917395632654,-0.07516857911866863
1786167490.9782968,-1.328298344067174,-0.033452799670441374,6.877690944722659,0.4040467947849108,-0.07625860622469639
1786167490.998266,-1.3217683599576702,-0.02951230493033591,6.87412618451502,0.407077663684667,-0.17851269742157574
1786167491.0182693,-1.3152533066258392,-0.025618209469502384,6.869830646123147,0.4045022680262148,-0.21474128556836583
1786167491.0382228,-1.3088814804950348,-0.021854764903866036,6.864376069726311,0.39545660607796884,-0.27336453859498333
1786167491.0581748,-1.3022061478494642,-0.017968737775176852,6.858030504239194,0.4129011771513567,-0.3180406369705329
1786167491.0786257,-1.2955150222006182,-0.0141415155899344,6.8501312142673605,0.40214006660699636,-0.38625766261376016
1786167491.0982802,-1.2888119384673293,-0.010384201137516619,6.841828750387457,0.41727790055638064,-0.4224202416552869
1786167491.1182535,-1.2821700523484,-0.006738324812883556,6.833539658615818,0.4050170277964859,-0.415009081268096
1786167491.138598,-1.2752252966526412,-0.0030103910398666944,6.824338645128629,0.41380670495667,-0.45226058142255665
1786167491.158375,-1.2685168775425795,0.0005093488187076778,6.815878486993085,0.4092878373637766,-0.4277763391465557
1786167491.1783638,-1.2618567891720294,0.003924478908988754,6.8068373406621205,0.40023137612652837,-0.45231117046416974
1786167491.1982677,-1.2547860212926758,0.007459861961553238,6.796903471603644,0.42469734917361557,-0.4990916321579995
1786167491.218222,-1.2479641220018003,0.0107797794835304,6.786815619493829,0.40672320175597193,-0.5055502002007944
1786167491.238283,-1.2406969209874885,0.014217179145373515,6.776205276864416,0.42885295338813434,-0.5289035503306247
1786167491.258544,-1.2336047978810298,0.0174738966144255,6.765682142235974,0.4123754377262687,-0.5193775745709037
1786167491.278303,-1.2266117958585148,0.020590366832957646,6.75525159697285,0.4149952461408411,-0.5278899272314157
1786167491.29873,-1.2192943188193892,0.02375154515438818,6.74435983193243,0.4181114071250511,-0.533204636904822
1786167491.3190503,-1.2123284047592862,0.026670184575802086,6.734735609201026,0.39838925229728167,-0.4736233239377846
1786167491.3382392,-1.2053326886563593,0.02952199224685592,6.726344007257471,0.42213085149991286,-0.4373158590311543
1786167491.3583846,-1.1984474331851005,0.03225522189874416,6.7176393161271095,0.3943965462355661,-0.43209288992189987
1786167491.378238,-1.1913668922956457,0.03498479633617521,6.7078564866972386,0.41008269327665264,-0.4927545076800444
1786167491.398382,-1.1845404308281404,0.03753094259596848,6.697285042765461,0.38818233889084386,-0.5247940533652443
1786167491.4181392,-1.177622758027976,0.04002412404708608,6.687254131029962,0.3995778666625593,-0.5077073564686951
1786167491.4382224,-1.1708306987601436,0.04239484261703952,6.678532813771302,0.3846924062173292,-0.4342595816854368
1786167491.4586444,-1.163787532304911,0.044786395371091414,6.671514030520029,0.3912505603450965,-0.343687665381806
1786167491.4784122,-1.157156859160963,0.04699434670497904,6.667604185389627,0.3798372401896239,-0.19778896986958247
1786167491.4981933,-1.150468424684818,0.04919022524254177,6.66371296049957,0.3823997003561377,-0.19671415631650044
1786167491.5181553,-1.1438221921671006,0.05133704402866138,6.658743683265927,0.37600624619168427,-0.2489359391615556
1786167491.538208,-1.137141784480928,0.05346025204169247,6.655012153356336,0.37571479131370455,-0.18608642355471336
1786167491.5582063,-1.1304973926808575,0.05554370869213507,6.65158888146299,0.37428701371549433,-0.1711780421243567
1786167491.5796778,-1.1233826972442922,0.05774893783830973,6.648942600836176,0.37293242522077763,-0.12324619043470322
1786167491.5983095,-1.1170680815136316,0.05968650025454697,6.646349169720174,0.38113877758921366,-0.13919457565323404
1786167491.6183004,-1.110471423799381,0.06168997024345935,6.643672249458627,0.3707950186104592,-0.13390679993187296
1786167491.6384234,-1.1032932322783393,0.06384621937054294,6.640744070182482,0.4004986564087806,-0.1455140168556753
1786167491.6581945,-1.0965247062986132,0.06585917323344745,6.638624100325313,0.3840762857659301,-0.10722569582283421
1786167491.6782596,-1.0891139862801205,0.06804463903122956,6.636538978116097,0.41410013644452326,-0.1039180173552436
1786167491.698397,-1.082045996010482,0.07011206505632422,6.634573497210366,0.39329948233599316,-0.09760394526333807
1786167491.7182622,-1.0747692190639477,0.0722159373043845,6.630794739485152,0.4101233997457048,-0.19021925615265067
1786167491.7382267,-1.0675381571662879,0.07426623616190103,6.625040129407273,0.40497744606150715,-0.28824276088334705
1786167491.7582507,-1.0603832763405405,0.07623784630583169,6.617092121431297,0.3987670395683048,-0.3969228767031317
1786167491.7781787,-1.0525971543572124,0.07830775635320614,6.608272118501362,0.435070731672231,-0.44259396019621267
1786167491.79844,-1.045066771238106,0.08022824567664116,6.598331655290604,0.41286889739885246,-0.4906135958995414
1786167491.8182025,-1.0374029810231427,0.0820939852041703,6.588068725569993,0.42972764462524554,-0.5193129108321556
1786167491.8382072,-1.0297614643229211,0.08386465532365969,6.577764687204591,0.42228056686380694,-0.515079604940782
1786167491.8593328,-1.0219400166873642,0.08558048642813346,6.5663196375472825,0.40831361647037057,-0.5417632642776382
1786167491.87841,-1.0145088559247726,0.08711634066737742,6.555274415114549,0.4285887233566055,-0.5789719634885913
1786167491.8981843,-1.0073224084718788,0.08850858801831177,6.543275842588526,0.39897165453078076,-0.6067792080949951
1786167491.9184759,-0.9995107917554745,0.08991690808427241,6.531224451042169,0.4217005926458109,-0.5939113345057756
1786167491.9383793,-0.9922866716123755,0.09112525337217153,6.519889392614472,0.39680914821591967,-0.5695030115058576
1786167491.9581604,-0.9848298287788718,0.09227872330851933,6.508540776400524,0.41139890702421156,-0.5737096998918116
1786167491.9787169,-0.9772823939308981,0.0933508739102584,6.497031146124839,0.40003804034769647,-0.5599035989773928
1786167491.9981556,-0.970132716639548,0.09427655169464338,6.485691768864827,0.40014965651380763,-0.5833390006276888
1786167492.0187004,-0.9625583540502958,0.09516012831386111,6.4736853496218005,0.4005472279514995,-0.5844027834968092
1786167492.0384357,-0.9554547822568613,0.09589902334734612,6.462613745288632,0.39058584320130096,-0.5610040874290456
1786167492.0583575,-0.947848736705205,0.09659792462826389,6.451481718447975,0.4138758521603168,-0.558786767345724
1786167492.0786226,-0.9404866114251168,0.09718660656565356,6.4407391741421165,0.3934708484357459,-0.5301006676891302
1786167492.0985222,-0.9327769072224311,0.09771302644491389,6.430022708553816,0.419307465776831,-0.5385265019214257
1786167492.118756,-0.9253626453238069,0.09813251607005413,6.419210719132756,0.3963358146679707,-0.5343510490144566
1786167492.1384459,-0.9178869390737044,0.09847136867188222,6.409298762273008,0.41047048874899633,-0.5034057069040015
1786167492.1589835,-0.9102008834213867,0.0987387694639685,6.39979091371457,0.4044640815016388,-0.4629480414674626
1786167492.1784277,-0.9029860956387501,0.09891606283420731,6.390457578366037,0.4009236335034597,-0.48000546607436717
1786167492.1986847,-0.8951183924330391,0.09903116528050232,6.381447629070718,0.41961103383075854,-0.44478210029134213
1786167492.2186482,-0.8877619455616388,0.0990701521651382,6.37324714498145,0.3980980391262913,-0.41077380743021097
1786167492.2383726,-0.8803999911767932,0.09905153973482433,6.367015307238999,0.40323929667289266,-0.3159461135079666
1786167492.2585204,-0.8732527536732566,0.09899031832348301,6.362129117819478,0.3832755969912764,-0.2425172629997123
1786167492.2784228,-0.8661649343453766,0.09889560302700809,6.358192997550226,0.38480331008065294,-0.19777046359842584
1786167492.2982726,-0.8592952819226545,0.09877841199005127,6.355344905336758,0.37397584831425557,-0.14348232635866556
1786167492.3182282,-0.8522833031539103,0.0986400822803977,6.353311114796995,0.37972177596367374,-0.10191560090909023
1786167492.3383842,-0.8454057307196081,0.09848732171920083,6.35080519171662,0.36876534496997043,-0.12432698367293565
1786167492.35828,-0.8385874822288442,0.0983164648334128,6.348098591502022,0.3703928813827553,-0.13603882738545883
1786167492.3782256,-0.8318134455668649,0.0981241753845623,6.344705052871187,0.3671086304518191,-0.17013952823957754
1786167492.3989687,-0.8246365991546403,0.09789491348476617,6.341574105766849,0.37402917243723094,-0.15093897869626993
1786167492.4183555,-0.8180204731648157,0.09766264930391633,6.33891599791564,0.368972941247856,-0.13710938328893646
1786167492.4383366,-0.8110963695940434,0.0974017034884462,6.336857948264916,0.3746995273888347,-0.1029995809685387
1786167492.4581985,-0.8043703364081654,0.09713208377663318,6.3345364913621784,0.3662018332581224,-0.11687968565639262
1786167492.4787536,-0.7971296118919402,0.09682061629343552,6.331500159806938,0.3809807304630776,-0.14771728011084084
1786167492.498245,-0.790337218391471,0.09650624452814882,6.328558354832739,0.3769503515359626,-0.1509280927978262
1786167492.5181513,-0.7831882969650312,0.09615172772597336,6.325448769468068,0.3885320632417466,-0.15621125523557505
1786167492.5386405,-0.7758017946281,0.09576195540983168,6.32275025010981,0.3900881104313289,-0.1317043745306585
1786167492.558289,-0.7687583181945201,0.0953698055324115,6.320141362408598,0.38795001558177833,-0.13277760666829583
1786167492.578675,-0.7610174321630436,0.09491801160500382,6.317848924833864,0.4110040506504668,-0.11245167053919743
1786167492.5986736,-0.7537595209962209,0.09447536943576099,6.315364363153874,0.3928882576900052,-0.12423708861030458
1786167492.6181242,-0.7462241742774165,0.09399537094307511,6.312908355617254,0.4194679775938513,-0.1262685670230307
1786167492.639423,-0.7382819382354351,0.09346945134220108,6.310784981607017,0.4038240821537432,-0.09969525376550815
1786167492.6582012,-0.7310448953743156,0.0929783055845804,6.309934019853874,0.4174013355568481,-0.04531617131427541
1786167492.678247,-0.7232543240749576,0.09244307298646884,6.309303489718506,0.42094097456054047,-0.03145454303021834
1786167492.6982145,-0.7157469540172703,0.09191818398650073,6.3077597602375945,0.40726191088644614,-0.07731188939351263
1786167492.7182744,-0.7076932857495166,0.0913380300497531,6.305463051784544,0.4349533317354264,-0.1144929513943199
1786167492.738331,-0.7000251425742745,0.09076597872633888,6.303101055416044,0.41427381259164786,-0.11776580781208941
1786167492.7585714,-0.6919631927588143,0.0901498161742732,6.302163356248288,0.43165794398969193,-0.04632830789121102
1786167492.778248,-0.6841885624209818,0.08954876779416698,6.301544969330494,0.4282266258132528,-0.031427392740231735
1786167492.7992818,-0.6761437782665585,0.0889186038866982,6.300345104501075,0.4145505346867264,-0.05704470374159858
1786167492.818263,-0.6683942574212378,0.08829913525966085,6.298657708199426,0.4425734315932852,-0.08889820830258771
1786167492.8390355,-0.6603786599491077,0.08763884756978449,6.295924074523017,0.4183766010531749,-0.13159895626439427
1786167492.8584065,-0.6525881225110426,0.0869781161075032,6.294242830203072,0.4361351083649552,-0.08679167211650578
1786167492.8782103,-0.6447899558915466,0.08630364883594183,6.292903092911465,0.42708323383397756,-0.0676506444642639
1786167492.898524,-0.6370026207540715,0.08562063585508956,6.292068990782158,0.4158262270141727,-0.041060983279281094
1786167492.9197266,-0.628319949044666,0.08485372128190569,6.291833053796057,0.4442230326794975,-0.011127757163502314
1786167492.9382513,-0.6211706865354667,0.08421689096460233,6.290756871795061,0.41867368077170625,-0.058094603097971445
1786167492.958579,-0.613062544553792,0.0834819256694675,6.289013986899628,0.43276794942736213,-0.0857389555417998
1786167492.978323,-0.6053056422751324,0.08276258365805225,6.2869841713273145,0.4263443702253694,-0.10280712426004569
1786167492.998316,-0.5976333104865437,0.08203275721239073,6.2846937336351765,0.4165321801541201,-0.11456159860099668
1786167493.0183084,-0.5894744804559471,0.08124026158907163,6.2833637243790195,0.4430433780955613,-0.06652590387024718
1786167493.0387397,-0.5816151057273935,0.08046755810088155,6.282590229737321,0.4176605534080203,-0.03785835427568047
1786167493.0582716,-0.5737093236456676,0.07968322934086952,6.281789951784417,0.43950838111955143,-0.040972730722417444
1786167493.0781813,-0.5659565204947898,0.0789049940990367,6.280506368042118,0.4228762892367224,-0.06447052851455602
1786167493.0982351,-0.5582709360464482,0.07811732577479877,6.277995319911436,0.4162807349050182,-0.12521517998275375
1786167493.1182203,-0.550257868105781,0.07727211394813971,6.275089810570537,0.4356408531049315,-0.145383057961546
1786167493.1382554,-0.5426945243479144,0.07645117016383171,6.272452618591126,0.4102981862678733,-0.13162906082148124
1786167493.1582592,-0.5346712625923915,0.07556065657199817,6.270673830001131,0.43604046750123027,-0.08892255367178245
1786167493.1782331,-0.5270393776664999,0.07469926962812004,6.26908765886093,0.4154730858254412,-0.07941181897211663
1786167493.1982086,-0.5193339173654965,0.07381647870975444,6.267629350497153,0.4195263826113123,-0.07300512757265851
1786167493.2182398,-0.5115862400101414,0.07291221489874924,6.265228164803445,0.4207503539517561,-0.119872201576674
1786167493.2383318,-0.5041533235799989,0.07202310586313215,6.262390263782479,0.402567691526955,-0.14124524876397598
1786167493.258698,-0.4961282736058199,0.0710391934187341,6.259841067791887,0.4289348375758979,-0.12516802392969575
1786167493.278494,-0.4887298518306762,0.07011521375042526,6.2582894984577875,0.40694394996354905,-0.07837833872447844
1786167493.2982833,-0.48104769121021707,0.06914406532943004,6.257119058549667,0.42276562500764114,-0.05914461872936493
1786167493.3182726,-0.4734780149147342,0.06817550703865952,6.255552747195464,0.4124884869025539,-0.07835767677120702
1786167493.3383784,-0.46585057600190116,0.06718479318687032,6.253656092469849,0.41332419223589795,-0.09433352902013092
1786167493.3582516,-0.45799260276227516,0.06614685445959972,6.25161333077517,0.4309206315993487,-0.10279007062694573
1786167493.3782094,-0.45054722616080833,0.06514761193700933,6.249857710017368,0.40667202855635715,-0.08796673197547984
1786167493.3981838,-0.44259505036309243,0.06406444231180522,6.248038828668461,0.43410227677025026,-0.09106030529423152
1786167493.4181983,-0.43497975619304485,0.06301252018321263,6.24642808163301,0.414983964257163,-0.08047890614052418
1786167493.4382246,-0.42724323253054886,0.06193022451855923,6.244902209175902,0.4214419476221015,-0.07619378244607874
1786167493.4583542,-0.4193361277925922,0.06080934208313457,6.243111670410879,0.4286264160881557,-0.08895018245044047
1786167493.478188,-0.41195806421022607,0.05974848096343277,6.241282394818005,0.40602579450615534,-0.0922301979383442
1786167493.498309,-0.4040132833410106,0.05858878333412312,6.239214184054594,0.43110426811303487,-0.1027893862976489
1786167493.5182033,-0.3965593144046218,0.05748494058125156,6.23750671476403,0.40919658372981565,-0.08582679524093866
1786167493.5381882,-0.3887407703329493,0.05631298919874855,6.2360057160074165,0.42737297940027497,-0.07510641576728086
1786167493.5580823,-0.3812269748369086,0.05517340564574516,6.234362103972648,0.4126940296544049,-0.08261796855150656
1786167493.5783465,-0.37363421668024976,0.05400711933361835,6.232558162173342,0.4095299442739646,-0.08902134626675455
1786167493.598709,-0.36564635518859867,0.05276341246372729,6.230638465770804,0.42888761033970413,-0.09427553127908563
1786167493.618286,-0.3583981549898385,0.05162135184946129,6.229249902173814,0.404906057994539,-0.07092908196355613
1786167493.6381588,-0.35053485125506056,0.05036919363510034,6.227673044132878,0.43282993390417823,-0.07934713793781432
1786167493.658244,-0.3430493952090685,0.04916316811182275,6.225927703704131,0.40779324193860234,-0.08689728928998096
1786167493.678318,-0.335381613801889,0.04791267518503378,6.224184085741961,0.4180789220456029,-0.08685895926457511
1786167493.6986165,-0.327762907860359,0.046656015450760285,6.2226366724592195,0.41092892244048473,-0.07623295968259707
1786167493.7184844,-0.3204631564672764,0.04544188464236196,6.221756385202156,0.40234437767663417,-0.04430701727367498
1786167493.7382653,-0.31277135900079656,0.04415299194094757,6.220460252849753,0.42590049304312394,-0.06552452312617885
1786167493.7584183,-0.30538815886974935,0.042903499459068545,6.218815866928182,0.4013686116231932,-0.0815949087685802
1786167493.778335,-0.29761986213293734,0.04157244633161741,6.216725930046502,0.42745616740183756,-0.10493350997253413
1786167493.7984414,-0.2901535159244901,0.04027702817111112,6.215000112989956,0.40710890760927715,-0.08583457505500122
1786167493.8182127,-0.2826414577263705,0.038962110989998855,6.2140198491361165,0.4166450066076529,-0.04958004755047429
1786167493.8381782,-0.2751642659624207,0.037644838897051086,6.213029524977501,0.4107557804944984,-0.04960199400264758
1786167493.8582842,-0.26784639009266087,0.036347719696907366,6.212138453727793,0.3992621407481361,-0.04431850336098736
1786167493.878195,-0.26011909128957034,0.034970137574099114,6.211258005874905,0.4258065134462452,-0.04421958462451914
1786167493.8982143,-0.25272867908611074,0.03364446538908175,6.210221936155003,0.40510993534487594,-0.05175356235734812
1786167493.9181566,-0.24496734834919098,0.032240197900960416,6.208532935288013,0.4271957414330643,-0.08469445617640672
1786167493.9394624,-0.23704465409140996,0.030791203413551183,6.206772344891251,0.40830437841882466,-0.08263432677397045
1786167493.9585855,-0.22983972402984332,0.029461763681147085,6.205681421833125,0.41380998678045444,-0.05704746342494148
1786167493.9786673,-0.22230604115582397,0.02806217780426848,6.204578467060395,0.4121242162963643,-0.054923216648452844
1786167493.9983716,-0.21518889152174814,0.02673104096181897,6.203495121942651,0.3968812166262914,-0.05498002033654514
1786167494.0182865,-0.20755380136042545,0.02529384734786358,6.202486876588313,0.42135063719499716,-0.050627776253517304
1786167494.0382843,-0.20024375149134155,0.023916201047097907,6.2031559059556525,0.40175483853672955,0.033455089613901375
1786167494.0583103,-0.1926463037052346,0.022496800962921754,6.205469640018981,0.4168454902106573,0.11553668714513185
1786167494.078248,-0.1853453221953687,0.021154396717252694,6.208515454310149,0.4021478912922653,0.15276617117730093
1786167494.0985754,-0.17783579630009982,0.019805333830818728,6.213093501186421,0.4054194989152532,0.22521634461273463
1786167494.1182168,-0.17068367347656,0.01856184318395579,6.218960318916362,0.39922976347641803,0.2986965243859352
1786167494.1381683,-0.16345407584250915,0.017358734870995485,6.226556143049751,0.39681180277566164,0.38071287532674464
1786167494.1585412,-0.15594614605999602,0.016176741054754168,6.235224331904338,0.40301861546692963,0.4254771115921715
1786167494.1788373,-0.14874100417880465,0.01510859272597087,6.243231698581252,0.38771637731950664,0.3945274185044488
1786167494.198833,-0.14115866773235108,0.014049849426163885,6.250909472423463,0.4136587841112184,0.38397144962898755
1786167494.2184484,-0.13405038527394098,0.013115883180720989,6.258272694186775,0.394895938183465,0.37537941359550847
1786167494.2382538,-0.12651136480716074,0.012190601038511606,6.266742485914147,0.414372096805066,0.4276499496964498
1786167494.2583456,-0.11916899892347477,0.01135636826585884,6.274969608730597,0.3974013467342157,0.40947721206029475
1786167494.2782173,-0.11171185076982182,0.010570220171456923,6.281794931829769,0.40773051583990494,0.3434693091153431
1786167494.2982807,-0.10422007875714656,0.009829890215863918,6.287125706824456,0.40544502307813274,0.2656964882988201
1786167494.318149,-0.09700248826027447,0.009151343549350766,6.290668300158201,0.39426299934428616,0.17830313425607797
1786167494.3381839,-0.08938349587144234,0.008458063552081369,6.292726629769558,0.41262015468114155,0.10273776801977119
1786167494.358356,-0.08215058279287346,0.007810864947570106,6.2935079736651405,0.3889926368263365,0.03873385290532278
1786167494.378118,-0.07459246655270113,0.007135410078199789,6.292991182829521,0.41491318048789366,-0.026150683681641473
1786167494.398217,-0.0672820113816126,0.0064747087662159475,6.291714689263922,0.39462588275263194,-0.06351054042262566
1786167494.41847,-0.05954518427781297,0.0057643305911188325,6.290408340566486,0.41451897029812407,-0.06450167241986018
1786167494.438301,-0.05223936226049686,0.00508391229707067,6.289360488392273,0.39979906652416636,-0.05283861797244695
1786167494.4585745,-0.04467060669093259,0.004372067302024135,6.2887863958441255,0.40518605114095946,-0.02831746111589184
1786167494.4783847,-0.037253636363108855,0.003668469597531393,6.28793006569388,0.4063757532208762,-0.043226729744816776
1786167494.4989522,-0.02986220309021692,0.0029590433048674314,6.286798749490565,0.3901072847670308,-0.05500526368239703
1786167494.5189,-0.022228139832568328,0.002214860504854421,6.285235911731081,0.415487558495497,-0.07834650060306299
1786167494.53847,-0.015089636283639907,0.0015090458286839414,6.2843058185594085,0.3960665140463743,-0.047526205308218786
1786167494.5587313,-0.007337456161041533,0.0007362160251862815,6.283797598112881,0.4154753930956681,-0.025083324136359313
1786167494.5788198,0.0,0.0,0.0,0.396656985651207,-0.036007607125812476
1786167494.5983734,0.008998924579520905,0.00026279397674713753,-0.0009149572364271162,0.4095730680039128,-0.04679211837706335
1786167494.6183388,0.01785708208648351,0.000519618171411137,-0.0006338791629508509,0.394851759312769,0.014078251846686343
1786167494.638164,0.026669468707322227,0.0007873819240377953,0.0020526536176345743,0.3955892856454149,0.13551086777074667
1786167494.6581485,0.03604709270435463,0.0011041221360100022,0.006821284701310474,0.41761205442006916,0.238616676355404
1786167494.6781816,0.04488914427141955,0.0014490038035561298,0.013633946192184483,0.39282123512491324,0.3400698999323722
1786167494.698199,0.05444091809737512,0.0018860700824027017,0.021820783635611594,0.4247265189607766,0.4089863509131404
1786167494.7182808,0.06343877627980292,0.0023642216324501484,0.030039248067672497,0.3988794026056203,0.40925023734404786
1786167494.7382233,0.07274632254384325,0.0029251690781728792,0.03764498432722952,0.41557890269346914,0.38138286826952517
1786167494.7584286,0.0819506810957319,0.0035411596869139145,0.04479333312056774,0.40573049376845766,0.35378654037658724
1786167494.7787347,0.09097837350732944,0.004203494440668394,0.05191446770869677,0.3960824957184385,0.3506892484152512
1786167494.7982514,0.09972995639958983,0.00490242402814027,0.05917386792308854,0.3996355829997491,0.3719582618505309
1786167494.8182373,0.1083545770385186,0.005648742838755167,0.06667470294935066,0.3847455560807975,0.37530607505925107
1786167494.8384302,0.11746672422617906,0.006500533634641873,0.07452918246300955,0.4025167019556527,0.3889730780100098
1786167494.858264,0.12597141841210582,0.007353971415808161,0.08184657773254551,0.3826817032701969,0.3689355593720042
1786167494.878381,0.13507854099887942,0.008328372835586698,0.08917832300014328,0.404240662231965,0.3644543951890651
1786167494.8983004,0.14353175150409134,0.009288605232517556,0.09637947596775272,0.37916279432776995,0.36151463466099365
1786167494.9182615,0.15259466996526724,0.01037247243786808,0.10235695994722978,0.4058962710724613,0.29945636163368394
1786167494.9382434,0.1612794476788161,0.011451385288531707,0.10651356198315838,0.388741376996056,0.20801876322280652
1786167494.9586947,0.17044789283186507,0.012618062676626065,0.10889163692902716,0.40109962457059606,0.11627985005371314
1786167494.9783578,0.17897870442563707,0.013718633409902651,0.11025899898688739,0.388239377958273,0.06953951170362056
1786167494.998461,0.1878642990100033,0.014868364843958658,0.10957818815837542,0.3955490416632887,-0.033865766686895754
1786167495.0182948,0.19695538782916797,0.0160352956957928,0.10780487638231626,0.41014742594727077,-0.08940855973234205
1786167495.0382156,0.20547093195077276,0.017116155153799443,0.10624162791394848,0.3824438057626266,-0.07847307494397548
1786167495.0582623,0.2149063365665584,0.01830281974060509,0.10506634689141124,0.4210425165253665,-0.05862712463965214
1786167495.078504,0.22371717426455817,0.019403098919513997,0.10410181016887071,0.38934715698033967,-0.04765088614249848
1786167495.099052,0.23338874270399412,0.0205993807394656,0.10226238611624758,0.4209627312077117,-0.08951897871545553
1786167495.1182928,0.24166509596151217,0.021610981348432253,0.10069057437228122,0.3846470071333036,-0.08169136186173633
1786167495.138703,0.2508857712477677,0.022725923858654448,0.0991931505726826,0.4039271549080887,-0.07336608726334246
1786167495.15889,0.2597019157153097,0.023780539028576915,0.09765038538753788,0.3904291101289186,-0.07642407212843522
1786167495.1787171,0.268417690060336,0.024812689387986316,0.09636693952044761,0.39294124428781285,-0.06473181099459724
1786167495.1983736,0.27712725543927974,0.025832904509094572,0.09463326143737216,0.3960215677927745,-0.08819907718545131
1786167495.2182174,0.2855598435216624,0.026808788451183185,0.09307660087135014,0.3797549352260095,-0.0784456228893892
1786167495.2381923,0.29467776789523925,0.027851810929944928,0.09150391983521927,0.4078712168631831,-0.07873267638927185
1786167495.2587054,0.30322351338694387,0.02881803382311273,0.08996189759789441,0.37220170835065286,-0.07517271482487083
1786167495.2786646,0.3122279947749204,0.029823487710431897,0.08822135092743162,0.40301209419978895,-0.08720518260895689
1786167495.2984247,0.32058980582827734,0.030747786179690914,0.08730310608412971,0.3779802065307231,-0.046469570695466776
1786167495.3184137,0.32953572260493313,0.03173198327272969,0.08690212524616976,0.3997345700662297,-0.020060061218723665
1786167495.3383317,0.338140058004608,0.032681630856142806,0.08792699134793598,0.3858551426947269,0.05145435816835331
1786167495.3583956,0.34705083216914445,0.03368175407503081,0.09090210525978125,0.3967584887500482,0.1482821040106189
1786167495.378477,0.3556415448243651,0.03467684343802116,0.09576530691114096,0.38230038988968673,0.2421729845075646
1786167495.3984265,0.3643330997961452,0.03573028710722322,0.10267768341281318,0.38955530884659195,0.3464948300603627
1786167495.4185002,0.3729032533357251,0.0368268194476801,0.11057553175587237,0.38200827282791894,0.3934435167965582
1786167495.4383614,0.38139518254267496,0.03797716589018025,0.11917244647623997,0.382894936477708,0.4328492485270279
1786167495.4587536,0.39040847251747646,0.03926847377616928,0.12767057099055154,0.3961954980343735,0.41673448975077554
1786167495.47836,0.3987468961482053,0.04052329801219577,0.13494604443229832,0.3815768737459993,0.37107736801376784
1786167495.4985726,0.4082002575597422,0.042012492364677675,0.14301992616774856,0.4200260004365051,0.399446960986646
1786167495.5182457,0.4169562993736652,0.043450815560051086,0.14958295392536963,0.4001006415095918,0.33360399413319913
1786167495.5383286,0.42631813086627457,0.04503068931885245,0.15270602285716078,0.4193339527321953,0.15550847060436307
1786167495.5586343,0.4357158320305435,0.04663278638246784,0.15318209426440255,0.41643405727090366,0.023445287052408184
1786167495.5782964,0.4445440938783642,0.04813754109312052,0.15247263314132609,0.40400200687106613,-0.03608259620420772
1786167495.5983577,0.45430494591252796,0.049795599248337125,0.15174185806190232,0.4377539946793462,-0.03642718751088868
1786167495.6183572,0.4635565213626613,0.05136219341834883,0.1511242651558015,0.4161609605646331,-0.030880411001253046
1786167495.6386328,0.4731772794656649,0.052987448231729295,0.15069032390648,0.42684878659973075,-0.021402148559467874
1786167495.6588695,0.4825407815261972,0.05456491439966137,0.14993605174580207,0.4162034899808926,-0.037272431822006354
1786167495.6784184,0.4914942784213206,0.05606428720161211,0.14831280820474924,0.4119191980448489,-0.08303506204370523
1786167495.6990297,0.5011278726170458,0.05766220338777521,0.14627024597204905,0.4202628071704753,-0.09909921275725414
1786167495.7188225,0.5099361507271558,0.05910827662848382,0.14441830322718302,0.40004815150462486,-0.09356650881820287
1786167495.738341,0.5189984471739417,0.06058265244600322,0.1428588838780591,0.41727607992127713,-0.07989395988257367
1786167495.7585473,0.5280874026159971,0.06205107303852956,0.14176382695493442,0.4041957926201615,-0.05419407007457475
1786167495.7792516,0.5377169858507559,0.06359815302561973,0.14070505186268023,0.41788215917560395,-0.05113800788281698
1786167495.7982945,0.546499666887235,0.0650009169103921,0.1395290661511153,0.4143241391674576,-0.06175432659704848
1786167495.8185382,0.5557412918298112,0.06646621651420062,0.1379779094449352,0.4100487494896667,-0.07662437906153594
1786167495.8388555,0.5650922614360345,0.06793691564499318,0.13655028872300246,0.4133215682505434,-0.07026620632602582
1786167495.858419,0.573769835231925,0.06928918196957666,0.1346368030651151,0.39825711510831857,-0.09780928095569746
1786167495.8782322,0.5831519516604199,0.07073982700682707,0.1337065578806518,0.42509056915498017,-0.046950544483058736
1786167495.8985987,0.592393188475318,0.07217051849648713,0.13490190009990877,0.4073469340722708,0.05869178852998446
1786167495.91865,0.6016596301261772,0.07362479852538796,0.1382131638163119,0.4150008582471327,0.16514008930649637
1786167495.93829,0.610545094461573,0.0750514366124874,0.1426926577895107,0.40647518883818756,0.2280777339519907
1786167495.9583595,0.6196486398744172,0.07655307968723823,0.14769734259792242,0.40780772409041194,0.24936941813868221
1786167495.97861,0.6285923656597759,0.07807637909214118,0.154302565846297,0.39738558851206346,0.3261748624456986
1786167495.9985116,0.6371743855205065,0.07959728950683999,0.16264019298712099,0.3884238205073347,0.4189443636536963
1786167496.0184894,0.646133602982442,0.08125319614793777,0.17075113360579963,0.40445442157377093,0.40599752581584914
1786167496.0384588,0.6546755338258485,0.08289548305074525,0.1786709382614541,0.38627311762163774,0.3965957681228119
1786167496.0583205,0.6635880763147237,0.08467457408330428,0.18656521082965893,0.4057566028510487,0.3974621156929085
1786167496.0783122,0.6719869872017137,0.08641261780835423,0.19436722769068707,0.3804095091043675,0.39026404608503734
1786167496.0989301,0.6807138449622688,0.08828319857290126,0.20241296110183726,0.3838100690438548,0.390229328029329
1786167496.1186278,0.6891650988221174,0.09015541799225321,0.209678735240742,0.38962015461619737,0.36886472117339963
1786167496.138844,0.6981132793794131,0.09220045981132405,0.2173054068803956,0.4025377235009276,0.3772549545939536
1786167496.15834,0.7063482876294366,0.0941413338337671,0.22480927797501388,0.38473483954020243,0.3848935643941805
1786167496.17852,0.715008632233079,0.09624489157177357,0.2325320329764544,0.3915206311248482,0.3826937559050972
1786167496.1985447,0.7233802378943556,0.09833917747180108,0.24011200169275707,0.38203862783894965,0.37852950478228115
1786167496.2184408,0.7317903735348842,0.10049980492714655,0.24666730083138722,0.38689691911308277,0.3294777399443328
1786167496.2382658,0.7402528684820617,0.10272192509010517,0.2519523001812769,0.39123866089293075,0.26658281115595955
1786167496.259111,0.7489139867744727,0.10503529788632122,0.2560236146679272,0.38124915214806715,0.19531208194595132
1786167496.278444,0.757506746938689,0.10735771430054981,0.2584762252662335,0.4081472681117104,0.12686054141645706
1786167496.298358,0.7660016642398901,0.10966735519835737,0.2592450926420842,0.39189116160332743,0.038609560131689424
1786167496.318337,0.7750917761640047,0.11213880860700189,0.2583085175582693,0.4179826255030942,-0.04687797585081311
1786167496.338465,0.7841501175361869,0.11459592025781269,0.2577518543241451,0.41337223690168035,-0.02765614618693298
1786167496.3583002,0.7930823626131634,0.1170133209222997,0.2568440420545453,0.4135701232436608,-0.04576766192235011
1786167496.3785036,0.8025549453394489,0.11956878438907942,0.2557652357567544,0.43050322179073247,-0.05339739163841948
1786167496.3982036,0.8114659994968061,0.12196003474408146,0.2536670980156396,0.4151810581619475,-0.10650418163468321
1786167496.4185169,0.8211491739290406,0.12453797150817902,0.25113119935928563,0.4373050854883502,-0.12483955255798469
1786167496.4389474,0.8306283895290693,0.12704190133021456,0.2491054713090495,0.42541729481339247,-0.09915183755796907
1786167496.458427,0.8395248107342661,0.12938196717493167,0.24860719696872177,0.4186405451117342,-0.025579404167970284
1786167496.4785278,0.8489027623136988,0.1318517965138788,0.24963288619169147,0.4276941403657828,0.05102720244171627
1786167496.498414,0.8576757946061127,0.13417681321786273,0.25192336461124815,0.40458799507517573,0.11517897105900157
1786167496.5184567,0.866842148910055,0.13663395232342268,0.2558727619595418,0.4197455093023132,0.1970495818180758
1786167496.5384502,0.8756466419712648,0.13903551929105684,0.2616472270085196,0.4046454223011963,0.28881648782824515
1786167496.5588336,0.8848252148686369,0.14159765922405365,0.269073906860128,0.414449786164118,0.364350165021176
1786167496.5784526,0.8934669819886163,0.14407267555196612,0.27664173113936713,0.40618945919690946,0.3857397876447317
1786167496.598894,0.9023727900620504,0.1466906285905511,0.284636381297858,0.4025815971413204,0.3911029443339308
1786167496.6183631,0.9110511020778922,0.14930880757268566,0.29249772122076456,0.41276606131951604,0.40378213916246286
1786167496.6386485,0.9196730579223016,0.15197505029160535,0.30004410955240285,0.39442987139317565,0.3720114096228903
1786167496.6584413,0.9286258308227054,0.1548137740585191,0.3084350877980361,0.42071157475257437,0.4239410436365312
1786167496.679011,0.9374398957423424,0.15768283681689133,0.3171160911451075,0.3995463467150171,0.4220266014028931
1786167496.6990855,0.9464683198175459,0.16069558337336215,0.324920812857365,0.42040800006905243,0.38879041659669883
1786167496.7189395,0.9549317895904851,0.1635823978838174,0.33192505078424617,0.3993888043578274,0.3527860214913357
1786167496.7383926,0.96341341884553,0.16653738940994525,0.3394903877416605,0.4094413346463237,0.38890238089312534
1786167496.758303,0.9717357752715043,0.16950177740124053,0.34740648078296216,0.3935123250465802,0.3975871237876013
1786167496.7783704,0.9801521164116819,0.17256335944132023,0.3544439742182285,0.39582238945694803,0.35069190397311145
1786167496.798271,0.9885559866612207,0.1756736323179137,0.3598322622183775,0.39939304106233936,0.2707606166622119
1786167496.818267,0.9965774658043138,0.1786806736164448,0.36373800819772867,0.3800092754416198,0.1953247404814078
1786167496.8383934,1.0050784360973906,0.18189799459623104,0.3667644730148896,0.4006099059237963,0.1503733117948692
1786167496.8584855,1.0128463647448258,0.18486254652212394,0.3698354575850088,0.36709059883013795,0.15284605641718865
1786167496.8787134,1.0210086279689141,0.18800434332018595,0.37305309915124824,0.3835686577674057,0.15906941010164716
1786167496.8985443,1.028540252147798,0.19092773482303288,0.3760219520849185,0.36142430101020023,0.1497081132416815
1786167496.918368,1.0364208314418837,0.19400919172714823,0.3785216537188532,0.37868684384333007,0.12609605351991932
1786167496.9389343,1.0439928820701319,0.19698686812779828,0.3802225395864714,0.351000910590309,0.08270287149573814
1786167496.9583368,1.0515048211003188,0.19994916764806855,0.38052143454372817,0.36924309517091414,0.015404968233018596
1786167496.9783206,1.058711720343736,0.2027881472581639,0.3792591438541573,0.3438940217808668,-0.06316579837778452
1786167496.9983907,1.0663866881800872,0.20579800272008777,0.376939577037873,0.3644277246543928,-0.11557339481835678
1786167497.0183141,1.0736858997207714,0.20864435653257832,0.3747886881714123,0.34886530084342937,-0.10795765902172803
1786167497.038879,1.081681485867,0.21174822544368346,0.3733527730611945,0.37000313914092253,-0.0698239463271469
1786167497.0583858,1.0888938028494313,0.21454112136320647,0.37276322110410764,0.3517386805850229,-0.030222690994845185
1786167497.0783324,1.0968689109147183,0.21762659608084725,0.37251578387717305,0.3803201180239546,-0.012404998095682636
1786167497.0983944,1.104650914166286,0.22063473608232081,0.37194867791320435,0.36893332470177564,-0.028267711039123018
1786167497.1189802,1.1131921224011707,0.2239304844892599,0.37101051708852995,0.39452853977136615,-0.04557325665747315
1786167497.1382916,1.1209924837149314,0.22693377998962372,0.3701325137930826,0.3839717847955152,-0.045465477346455896
1786167497.158418,1.1295202680409338,0.23020938286920634,0.36906354181496215,0.4026551312016775,-0.05311307623811888
1786167497.1784325,1.137881379506574,0.23341132834893336,0.3677032079361985,0.3968327325903663,-0.06796733449715459
1786167497.1987646,1.1462975232946429,0.23662164929379345,0.3659322217256923,0.39300100860325493,-0.08710297431572689
1786167497.2183564,1.154721132681423,0.2398202728308332,0.3641392409035393,0.4079703965964117,-0.09151686219827622
1786167497.2390168,1.163191089455029,0.24302432148468042,0.3629347806474631,0.38880656580445644,-0.0582980113310044
1786167497.25863,1.171685953208924,0.24622684451684096,0.3614318182959341,0.410588215022271,-0.076629886741079
1786167497.278246,1.1799377588037143,0.249325776963026,0.35991016168266227,0.39859024749359584,-0.07757265779000394
1786167497.2982295,1.188642529128766,0.25257975565634105,0.35784624397963316,0.4124922366787253,-0.10328093677281304
1786167497.3182108,1.1971690372650363,0.2557487627665306,0.3554863257434998,0.40379487736840103,-0.11810584308761492
1786167497.3395503,1.206265368547678,0.25910721737185616,0.35280705713054,0.4030328704878425,-0.12555491442184913
1786167497.3590457,1.2144785484902112,0.2621221008773009,0.35108717180143356,0.39803799080680496,-0.08821966387934245
1786167497.3783658,1.2223718497460057,0.2650095363392159,0.35012608475935714,0.38584673643365996,-0.04974567743083896
1786167497.3983634,1.2308030466584927,0.2680854745688723,0.3489796809393898,0.39804625327029874,-0.05732707959013909
1786167497.418317,1.238844699430342,0.2710113876374349,0.3480094417320282,0.38036612122308994,-0.04862445859094953
1786167497.438693,1.247384137735161,0.2741132872514433,0.34762329309129947,0.39546250420166046,-0.0189511810772449
1786167497.4588647,1.255385010218573,0.2770263630416316,0.34954458868642463,0.3743799676091023,0.09524735597731554
1786167497.4783905,1.2634702147390333,0.27999280596537945,0.35304422059076085,0.3912046301200767,0.17923147483892632
1786167497.4987977,1.2716132632877994,0.28301450366264225,0.3576829434823764,0.3775136971539275,0.2273081521975124
1786167497.5186892,1.279864945238666,0.2861240309011261,0.3642778425291682,0.3932341919612777,0.3315435683565609
1786167497.538714,1.2878630191133889,0.28919610324942235,0.3718369866604645,0.3795582458454865,0.377489563834663
1786167497.559053,1.296250524097599,0.29248104105235034,0.3789053163270191,0.392923053757578,0.3475257114660959
1786167497.5791326,1.3042452621126899,0.29567164430030224,0.3861855340797658,0.3803637790008629,0.36256763763022953
1786167497.5989332,1.3122141406903034,0.29890980130806993,0.39283625576960923,0.38548045980337287,0.33588378791809304
1786167497.618531,1.319829196232239,0.3020594872553863,0.4000475966984477,0.37316595130486535,0.367967446114813
1786167497.6383004,1.3275947459633695,0.3053307188037026,0.4073421261366276,0.37830358211503395,0.3689802578501571
1786167497.658493,1.335315602411364,0.3086427846515094,0.414644085621909,0.3693124844032825,0.36161520151315574
1786167497.6787286,1.34306800460264,0.31202819548045424,0.4218318528966064,0.3711220856530337,0.3552051397522492
1786167497.6992478,1.3506688149580848,0.31540598964706507,0.4290353153000929,0.3599009409813176,0.3510586444133605
1786167497.7189307,1.3580048535482556,0.3187232014076411,0.4362799735576525,0.3632251991521238,0.3680689363379419
1786167497.738687,1.3652056021175756,0.3220358588249261,0.4435530557165126,0.3563064711441147,0.36813957317090096
1786167497.758567,1.3724921496532798,0.32544316783610855,0.45017220645501294,0.35939403611293125,0.3329543242518899
1786167497.7793927,1.3799583516881402,0.32899126711131627,0.4574182162131354,0.352617245445806,0.34793721407838285
1786167497.7991986,1.3870549231808276,0.3324180737909782,0.4640560635996591,0.3535211651423712,0.33514481226749204
1786167497.8192728,1.3941316283205825,0.33588888644757164,0.4710627439871469,0.34891103960156994,0.3490403170654934
1786167497.839344,1.4013610602052824,0.3394947732319948,0.4789646287627866,0.35773281207878677,0.3936913573915283
1786167497.8585944,1.4081021198633887,0.34291787074253505,0.48711922450664197,0.34911776376767517,0.423606717034967
1786167497.8789318,1.4152638669567854,0.34661835104627553,0.4946936711608268,0.3524188221326285,0.3724403219122038
1786167497.9003048,1.4226502683732354,0.35050133519714716,0.5028826675210725,0.3472056848517905,0.38314618985738674
1786167497.919257,1.4293455269942272,0.3540806702992917,0.5102029115167408,0.35630159015023116,0.3862491184160028
1786167497.9388096,1.4361583532007582,0.3577823510571452,0.5179641194141965,0.35277617849641096,0.3969377555070377
1786167497.954454,1.441699688067838,0.3608374150108825,0.5238894896223163,0.3598964240801479,0.3787555658655389
1786167497.9789686,1.450260697528538,0.365637619264449,0.5339327769959099,0.3563245344583696,0.409684701758523
1786167497.9987142,1.457448995681241,0.3697442161786769,0.5417453874769801,0.3732369674588678,0.39566359641139826
1786167498.018376,1.4645099795647412,0.37384385259936975,0.5495046400580152,0.3697582947365498,0.39463384752442715
1786167498.0390217,1.4720827653877508,0.37831170826083366,0.5572981995285146,0.37930219432311985,0.37749217799561763
1786167498.0584118,1.4790372163905185,0.38248002764160915,0.5649289918503119,0.37250780006953327,0.39354051198216017
1786167498.0784237,1.4863287209884462,0.3869177474906313,0.5723552638893116,0.3800685437794232,0.3710927673258629
1786167498.098978,1.4938257612605172,0.39155114622725384,0.5801356479993061,0.3821646744233821,0.3785282179082316
1786167498.1184661,1.500760754940034,0.39590407862226973,0.5878045931815326,0.37456942243046915,0.39351946382501835
1786167498.13881,1.5081613095139794,0.4006230988206802,0.5959815269082507,0.3847375551019989,0.4019377676461283
1786167498.1542048,1.5134852683607867,0.40406568276262655,0.6019096691880813,0.36733820279885193,0.38507117555653947
1786167498.1793017,1.5225784127862558,0.41003531673974036,0.6113816521958739,0.3867093324464406,0.377416554733984
1786167498.1991177,1.5292327659668326,0.41447678692506384,0.6188236265934312,0.36033476160354616,0.3755552973454707
1786167498.2183664,1.536031019165079,0.41908050795703194,0.6262741211846403,0.380793029080537,0.3870643372253464
1786167498.2383177,1.542665570881257,0.4236414970648036,0.6343832988272484,0.3603610586071324,0.40644769751083015
1786167498.2557223,1.5488686471701132,0.427967912264004,0.6412855382413895,0.3881524949436914,0.396576580598485
1786167498.2785022,1.5563466963821428,0.4332589584950166,0.6493555686268049,0.3593204879665502,0.35426036386316795
1786167498.299327,1.5636374943101559,0.4384956508379041,0.6570379768668387,0.3852842523209347,0.3689089886176181
1786167498.3183982,1.5699686256004932,0.44310736691385116,0.6641380336019567,0.3672074638898376,0.37228933710455037
1786167498.3388197,1.5770927940914377,0.4483703878429155,0.6719322139187599,0.3879129427016563,0.3816653242054041
1786167498.3584077,1.5835584868292485,0.45321780095741515,0.6797667640778913,0.3690937111910627,0.3999669547779164
1786167498.379008,1.5906107852875466,0.45858335094676794,0.6876078638679749,0.38497844033245177,0.380630019604971
1786167498.3982916,1.5968900322130732,0.4634290773202022,0.6949510513537633,0.36823737258272177,0.38080093772819035
1786167498.4183831,1.6035731215481568,0.46866006153002904,0.7028138899572605,0.3783006037459906,0.39135084141451565
1786167498.438606,1.6099982317892159,0.473766106266685,0.7113128326271445,0.3635819676806533,0.4202632512711106
1786167498.4583158,1.616425839191368,0.47895236755182147,0.7192368031807491,0.3755574809604123,0.40203149171837693
1786167498.47886,1.622829609024879,0.4841953904796279,0.7271271286999234,0.36119709429375435,0.38406860883823224
1786167498.4983385,1.6289546014992495,0.48928041453082505,0.7343374177464195,0.36656040641608867,0.37016541437318734
1786167498.518893,1.6351371602806486,0.4944858181814436,0.7424087027125386,0.3527996384111184,0.3926764582486426
1786167498.5383916,1.6410628120576884,0.499546316208083,0.7498356786138204,0.35871404476773233,0.38089816625275486
1786167498.5586991,1.6471027429585219,0.5047768004521198,0.7576368072976511,0.3532884300856956,0.38414935243618076
1786167498.57881,1.653071952205852,0.510018975811052,0.7651692455428448,0.3548456862763398,0.3745460736869546
1786167498.5990658,1.658953051322661,0.5152556263991064,0.7727786909850392,0.34935359965162965,0.3756674096443782
1786167498.6188323,1.6647954801659384,0.5205286067053059,0.7799920492231326,0.35793286600950297,0.3649271751657721
1786167498.6383324,1.6702374435255303,0.5255018811305155,0.7864885267247093,0.3399930238080548,0.33315239910955596
1786167498.6583369,1.6760444358404665,0.5308744720381182,0.7935121251222718,0.35577862719080733,0.3511007312232897
1786167498.6783094,1.6814826420766293,0.535972870578322,0.8010391839682136,0.33590719490008547,0.3768699553039579
1786167498.6983132,1.6871723373243068,0.5413779416454908,0.8080417437769866,0.35322330872415153,0.3500615553404542
1786167498.7182522,1.6924714381348474,0.5464754728495081,0.8148347287982192,0.332154551828853,0.3406892771313607
1786167498.7385714,1.698221842584979,0.5520789055527057,0.8222285103005207,0.3560526479539413,0.36388110683754576
1786167498.7589455,1.7036630231585854,0.5574551467721948,0.8301233912901199,0.3384435356241361,0.38749670486455956
1786167498.7784407,1.7091246390754042,0.5629265757192361,0.837424705682346,0.35763159753472534,0.3745176308940063
1786167498.7983253,1.7144623158401857,0.5683454956118329,0.8447684604472501,0.3451283266264467,0.3693189610016047
1786167498.8188868,1.7203826215696325,0.5744371490787605,0.8521811371091408,0.37291024388503763,0.360513205710427
1786167498.8389351,1.7257351837535175,0.5800203993579701,0.8597769279850206,0.3483889246915321,0.37887305181254377
1786167498.8585725,1.7313600879827074,0.5859696449618462,0.8673995878081275,0.3766808641499854,0.3881715848564052
1786167498.8786557,1.7367986227234782,0.5918015718571823,0.874878048553382,0.35889871781167465,0.3723741653429409
1786167498.898516,1.7424264209144928,0.5979157348030723,0.8816771703958743,0.3783721931683562,0.34234794646402883
1786167498.919229,1.7479251543575076,0.603967761290638,0.8890595867203266,0.3571482302753964,0.3564130704250461
1786167498.9401233,1.7536734419236208,0.6103805332936821,0.8964141581386185,0.3730609660359001,0.3519895514226453
1786167498.9590867,1.7585431140772745,0.6158845309159358,0.9032751488682912,0.3509255974774744,0.3618029226461316
1786167498.9786694,1.7637727646165178,0.6218697885596043,0.9100022586946385,0.3676918929873538,0.34352225154726684
1786167498.9987638,1.7688112948876313,0.6277081589819755,0.9166951460846715,0.34783302648819164,0.33307235651226436
1786167499.0189478,1.774013799650143,0.6338085316571315,0.9228348145626838,0.36016446844532035,0.30418431874129936
1786167499.0384383,1.7786877937726069,0.6393507932894011,0.9287472779751023,0.33741228136823487,0.3033513430202103
1786167499.058945,1.7837603743756885,0.6454356012837467,0.9352710663543838,0.350557371520741,0.31813084017596116
1786167499.0789654,1.7885625430780525,0.6512595659214275,0.9405115547349565,0.34228165271290123,0.26175631611237665
1786167499.0991333,1.7934491613153676,0.6572379119792765,0.9445863925315773,0.34767528912493656,0.2020464413017853
1786167499.11908,1.798210237934662,0.6630994247300513,0.9471724425805259,0.34387329545601175,0.12964727614960367
1786167499.1383595,1.8029428220436765,0.6689485403928955,0.9486429902742681,0.3545277155290493,0.07627527792407167
1786167499.1589499,1.8079224040332995,0.6751130934635186,0.9488107626091933,0.34965297543136853,0.008148122732986169
1786167499.1788075,1.812882096194141,0.681248380811672,0.9476799066012496,0.3609302121481312,-0.05694814294256262
1786167499.1985235,1.8176658128585448,0.6871536350585544,0.9464122650453802,0.35015537680174763,-0.06429498818972279
1786167499.218645,1.8229131617161434,0.6936154482159362,0.944898939882986,0.375763909148345,-0.0752090831547751
1786167499.2384088,1.8278402783950298,0.6996653051437608,0.9431212519152709,0.3585546098880352,-0.08994708672102136
1786167499.2585237,1.833228174789131,0.7062582303064783,0.9410281082314829,0.3843977248718219,-0.10405936996829393
1786167499.2809622,1.8389930799367378,0.7132871007517744,0.9390555023687474,0.367859975974576,-0.08791156109075576
1786167499.2988853,1.843852120221147,0.7191954470420036,0.9379344874067707,0.3875030106097922,-0.06254576041341883
1786167499.3184297,1.8489491845669053,0.725381629980371,0.9368816582266515,0.37232523988715466,-0.05386868730087581
1786167499.3392806,1.8546795411435189,0.7323194860444654,0.9351323840007142,0.3917526426050314,-0.08389443580065355
1786167499.358915,1.8599005881149717,0.7386161917546437,0.9325048445130941,0.3781200942671868,-0.13382268263551578
1786167499.3790038,1.865419435110919,0.7452420590572154,0.9300709783114905,0.3895446285063285,-0.12115614831649514
1786167499.398436,1.870625703382616,0.751467146436642,0.927905047040432,0.3789233146504773,-0.11146032996656674
1786167499.4194384,1.8763453765244473,0.7582823203644735,0.9261222891181036,0.3843347678207777,-0.08488396735898864
1786167499.439143,1.8816310890215828,0.7645553346957237,0.9234015060502143,0.3776275681716783,-0.13807871192882099
1786167499.4589787,1.8869332565926198,0.7708007125518385,0.9177683918945999,0.37455047523576157,-0.2839885240495381
1786167499.479255,1.8923371741066433,0.7770903276283658,0.9101965786625965,0.3707126339744386,-0.3734315541918211
1786167499.4988863,1.8975659528913618,0.7830916658900935,0.9023225455252127,0.36735071262735236,-0.40109410595408923
1786167499.5191982,1.9028226725957138,0.789035050003242,0.8935509258378679,0.3537362240077563,-0.43184777732128155
1786167499.538675,1.9079825117266824,0.7947767440943041,0.884661681252183,0.3587037645228493,-0.4563995755118796
1786167499.5589201,1.9134536708377543,0.800760749488278,0.8743859193753959,0.36224972417525214,-0.5075684709571461
1786167499.5788515,1.9188228723714789,0.8065267397066107,0.8642916468799082,0.35731992948451907,-0.5064528757256721
1786167499.5991096,1.9242847563947127,0.8122858241884657,0.853967786512925,0.35394361417590003,-0.5096141985038958
1786167499.6191053,1.9297822114818457,0.8179802808574198,0.844437319283498,0.35738039898070195,-0.47662608888079955
1786167499.6388285,1.9351763079680366,0.8234750418131099,0.8352688810508817,0.35227486096622745,-0.464856055035529
1786167499.659075,1.9409210897028382,0.8292305914353193,0.8258335445028746,0.36223040608361173,-0.46602296072363175
1786167499.6787987,1.946564197814727,0.8347911494261606,0.816662914405025,0.362058918434958,-0.4649559454824841
1786167499.6988537,1.952420332896813,0.8404649676131009,0.806910052431286,0.3662878169288453,-0.486304409190799
1786167499.7183895,1.958001111557812,0.8457800553816641,0.7974535459920155,0.35521768853020275,-0.4840608597158697
1786167499.7384074,1.9639455000202444,0.8513435157484553,0.7873776345701524,0.36603163806973726,-0.5033460247063055
1786167499.7593975,1.9703512410362838,0.8572312841603007,0.7772133573847854,0.37283429668458357,-0.48424071667889323
1786167499.7789598,1.9763059190192709,0.862610983722315,0.7681164296944648,0.3687975324574323,-0.46502474343964184
1786167499.799005,1.9825152463059208,0.8681273892460297,0.7584738528188837,0.3723284363991561,-0.4810397587844116
1786167499.8187647,1.9885464904019923,0.8733973501315173,0.7496018200360479,0.36405447550463366,-0.44899735260480156
1786167499.8389716,1.9948260112997085,0.8787953565380109,0.7402913871455862,0.36789668188242286,-0.46075448845123634
1786167499.8583286,2.0007163628489955,0.8837763159184151,0.7313539913213097,0.357607308564055,-0.4617147034123498
1786167499.8783395,2.0068088389546896,0.8888415115445303,0.7214969563543954,0.35513239904404886,-0.49258210444013606
1786167499.8988721,2.013078754325665,0.8939613082296367,0.7114926784680218,0.3534432049478395,-0.48723853641347636
1786167499.9190135,2.0190128775145406,0.8987210111644415,0.7018108479823927,0.3384527135447984,-0.4806939042033584
1786167499.9382493,2.0249616414081566,0.9034123199447303,0.6929098288676093,0.3527870545492726,-0.46273075540972686
1786167499.9594169,2.03124377634465,0.9082810286873627,0.6827803199299681,0.3361885624662027,-0.4785402594548871
1786167499.979116,2.037273769349131,0.9128703911763131,0.6731840041550976,0.34427814462812156,-0.48714496562501436
1786167499.999165,2.043357315470909,0.9174148030011982,0.6625426439444628,0.33882277017039497,-0.5307651107942118
1786167500.019148,2.0495533362076483,0.9219531105336283,0.6519992079164149,0.34367670444423043,-0.5276188737837625
1786167500.0388856,2.055639291204496,0.9263248048741888,0.6416703162318084,0.3393403144968976,-0.5233135436167279
1786167500.059036,2.0621313635983087,0.9308970759589096,0.6309724480787261,0.3520764705565861,-0.5309004246003313
1786167500.0792127,2.0685547721992688,0.9353325932872063,0.6207778499637416,0.3455216370345522,-0.5052671564875401
1786167500.0990844,2.074922678114943,0.9396454840620788,0.6106103149492818,0.3455214737793671,-0.5116587414369747
1786167500.1188545,2.0812928703475935,0.9438798932470704,0.6012108498806621,0.3452839747186572,-0.4754373258625124
1786167500.139029,2.087987664181163,0.9482481269922608,0.5913165712632809,0.3534898182402077,-0.4904348056205146
1786167500.1593528,2.0945793673921704,0.9524688756412625,0.58180582928695,0.34346335979096254,-0.4679618872213029
1786167500.1790142,2.101132126128392,0.956587108808476,0.5722265275360043,0.35093768346513027,-0.4872129562631591
1786167500.1988332,2.107721404380788,0.9606529321205157,0.5631621498165447,0.3481886582528944,-0.4573574858498346
1786167500.2188973,2.1145085306752103,0.9647662138607603,0.5541130489192418,0.3524308820632987,-0.4510092102662972
1786167500.239145,2.120974001134656,0.9686183804588755,0.5461287259599221,0.331096757695036,-0.3943323841691664
1786167500.259151,2.1271843174787715,0.9722592757679157,0.5380927279800661,0.3204534183472177,-0.40168057192623224
1786167500.2789764,2.1336280725542847,0.975979286146967,0.5309501097226904,0.3341466236334952,-0.36027505985743435
1786167500.2988396,2.139495720905653,0.979317516769232,0.523779170718101,0.3025362982279938,-0.3610175983136522
1786167500.3189812,2.1447094680989234,0.9822421551330578,0.5172451002269652,0.26414976899652926,-0.32440669977807307
1786167500.339057,2.1447094680989234,0.9822421551330578,0.5116633454387597,0.0,-0.27803401780427245
1786167500.358991,2.1447094680989234,0.9822421551330578,0.5069916638603437,0.0,-0.23435817592697297
1786167500.3790674,2.1447094680989234,0.9822421551330578,0.505323493802936,0.0,-0.08309062601047223
1786167500.399482,2.14632885088638,0.9831201648557565,0.5032842979864715,0.08027242840919165,-0.09988913482955653
1786167500.4194005,2.147963638347081,0.9840009609202638,0.49936324655748726,0.08292990431696581,-0.1968553300392038
1786167500.4388282,2.1501655102480166,0.9851784294904318,0.49621551864533314,0.11431575066478682,-0.16202203780845742
1786167500.4588459,2.1519415885491013,0.9861249445580162,0.49611194747779774,0.08942066746482655,-0.00517399907430907
1786167500.4791505,2.1534336507244234,0.9869205621810889,0.49672385860751167,0.07406924080612785,0.030136457881297464
1786167500.4985158,2.154787340699703,0.9876431670514526,0.49708124966347267,0.07047746718838709,0.018455219338898595
1786167500.5193322,2.156295526030351,0.9884500912260082,0.49883970826009516,0.0730868961298066,0.08447497337815481
1786167500.53909,2.157860253773327,0.9892916466809516,0.5019385627857262,0.07998786726098112,0.15684249948438875
1786167500.559395,2.1596114661485113,0.9902387817087662,0.5040618866654998,0.08722329948616636,0.10457067189053859
1786167500.5790114,2.1614079876998447,0.9912130226102107,0.5044194641742523,0.0926811924189204,0.01822853015146954
1786167500.598968,2.164386619114821,0.9928308169224064,0.5054728888910125,0.151101792657428,0.052785810752266696
1786167500.619179,2.166183568701154,0.9938094831000938,0.5069614064731316,0.09006887815012585,0.07364895127760952
1786167500.6391034,2.166193054565186,0.9938146538805633,0.5062821161159431,0.00048240273232907915,-0.03409338704924337
1786167500.658862,2.166193054565186,0.9938146538805633,0.5039036647899299,0.0,-0.12037488127158157
1786167500.6789649,2.166193054565186,0.9938146538805633,0.5035396143241798,0.0,-0.01810949541253882
1786167500.6990707,2.166193054565186,0.9938146538805633,0.5025543847139832,0.0,-0.049002164057457984
1786167500.719025,2.166193054565186,0.9938146538805633,0.5008113513477425,0.0,-0.08735168375459901
1786167500.7388742,2.166193054565186,0.9938146538805633,0.5002827325032485,0.0,-0.02663161090079238
1786167500.7593606,2.166193054565186,0.9938146538805633,0.5000426752658055,0.0,-0.011717908796348648
1786167500.7788744,2.166193054565186,0.9938146538805633,0.49958535234345447,0.0,-0.023435817592697295
1786167500.7991617,2.1675548156232165,0.9945453171617192,0.498771699620577,0.06775748802633358,-0.04010655498439013
1786167500.8190823,2.1691922134900277,0.9954215755097466,0.4970996211069849,0.08292097857237082,-0.08393720869235229
1786167500.8389287,2.1712143259326457,0.9964989698545905,0.49462637780083346,0.10268065658632516,-0.12461899392089365
1786167500.8593042,2.173696328992201,0.9978140581726342,0.4918660076408957,0.12260251806369801,-0.13547503075447764
1786167500.8791902,2.176438178622353,0.9992563907892462,0.4878764968732948,0.1385421409665891,-0.20061889711527361
1786167500.8991497,2.1794110657373857,1.0008072516469257,0.48408266644674447,0.14938024041173467,-0.19007690445556033
1786167500.9194093,2.1830080280507427,1.0026699408196396,0.4810460194395796,0.17776796204012074,-0.1498866806559424
1786167500.938902,2.18580582259546,1.004105335631037,0.47547327607137696,0.14341668745669414,-0.2858898187361135
1786167500.9591415,2.18580582259546,1.004105335631037,0.4692422866208941,0.0,-0.3078614220131599
1786167500.9794161,2.18580582259546,1.004105335631037,0.46354045368809477,0.0,-0.28122981111236756
1786167500.9991493,2.18580582259546,1.004105335631037,0.4588947980826537,0.0,-0.23542344036300467
1786167501.0192487,2.18580582259546,1.004105335631037,0.45617557853053065,0.0,-0.1352885833760253
1786167501.0388618,2.18580582259546,1.004105335631037,0.4549219948851682,0.0,-0.06391586616190172
1786167501.0595026,2.186916903967476,1.0046468155179538,0.4552845775353725,0.05320822859232318,0.017566265392400287
1786167501.0790038,2.1884060187133443,1.0053748928607475,0.45778318722224415,0.07552880203107105,0.12812588458914548
1786167501.0990689,2.190469966943723,1.0063897031005506,0.4602417750469886,0.1018591541835014,0.12253074237666435
1786167501.1190472,2.19311234671324,1.007694273891721,0.46140683904861546,0.13108273617800126,0.05831651771918056
1786167501.138959,2.1961522959362245,1.0091958837655353,0.4606336809604711,0.1513247585048031,-0.038829207118835404
1786167501.1588752,2.199998451172526,1.0110888777173759,0.4581125024618546,0.19127115095721325,-0.12658872402538257
1786167501.17892,2.2064839185478577,1.0142662828998974,0.4564455066367524,0.32015805012671167,-0.08316348998752006
1786167501.1989589,2.2080215212656955,1.0150152436280648,0.452886444450777,0.0758380892251487,-0.1776081662231067
1786167501.218882,2.2114251316496736,1.0166538434221395,0.44606066379467674,0.1684547431215102,-0.3426044601623024
1786167501.238742,2.214643447309114,1.0181761373364138,0.4373754966884332,0.15924314178528287,-0.4373189490196193
1786167501.259281,2.218867873347972,1.0201328812905375,0.42785956150944726,0.20132154921570034,-0.46331489546770144
1786167501.2788641,2.224099519862143,1.022504802303016,0.4190040096362953,0.2604725293074374,-0.4522008892810909
1786167501.2989964,2.2309024161758173,1.0255095406899035,0.40579006219285807,0.3279662469137029,-0.6563554744472329
1786167501.319905,2.238733766408434,1.0288465412644825,0.38931985796769847,0.3613796838194431,-0.7877241349464895
1786167501.3389697,2.247092504145682,1.0322719068598707,0.37433127680998435,0.4204749513628072,-0.7861969398862626
1786167501.358302,2.2565868773081315,1.036019769298045,0.3599464928504201,0.46844643172324196,-0.7440761278239918
1786167501.3788092,2.2678344200982563,1.040289476828652,0.3444583179053921,0.5204058986072758,-0.7552592529574624
1786167501.3988261,2.2794555462269814,1.0445111404768228,0.3273516899335668,0.5478351389313543,-0.854608884652126
1786167501.4188602,2.2920791486959313,1.0488669091890777,0.307703237491444,0.5910878409812799,-0.9807516770615752
1786167501.4388876,2.305838019173536,1.0533499838845701,0.28813653607240575,0.6406506450307956,-0.9769966313339021
1786167501.4593995,2.3213381163271443,1.0581168455165746,0.269919339398001,0.7009143215734046,-0.8881296814041564
1786167501.4789844,2.3375131314688216,1.0627889247941638,0.24911249606835045,0.7620970767725285,-1.0623924305183252
1786167501.4991205,2.3550504834904387,1.0674708478165504,0.22378702148621057,0.7991249133190428,-1.257713858434075
1786167501.5192165,2.373216230094311,1.0718689385418176,0.19610905815150095,0.8245280067043493,-1.3772828284429284
1786167501.538741,2.391567968758789,1.0758610732514944,0.17079326140685855,0.8528584456138264,-1.2966119712455304
1786167501.5589712,2.4109141428933425,1.0796250313511202,0.14604741749830302,0.8639328905513337,-1.2232217898319622
1786167501.5789003,2.430262703504209,1.0829470167987159,0.12054244502278495,0.8737398294961938,-1.2797809289972903
1786167501.5988379,2.4501370786491563,1.0858826542450384,0.0929625039377556,0.8940435473547421,-1.3833188703327355
1786167501.6189706,2.470910820529164,1.0884345345940196,0.06512799466106586,0.9227545197242623,-1.3825467308984398
1786167501.6389074,2.4924308086638525,1.0905590442541022,0.03889419622960263,0.9632001011275527,-1.315848001055711
1786167501.658762,2.5148631196285662,1.0922573564485039,0.013288572606790519,1.006701819007333,-1.289660521442599
1786167501.678804,2.5380760045202577,1.0934842405528926,-0.012755866443043721,1.0310749499479919,-1.2994967391267949
1786167501.6996586,2.562467395521314,1.0941905725722152,-0.040813862708560286,1.0408815453366622,-1.3454032304242651
1786167501.7187383,2.584882230378821,1.0943204825399655,-0.06524488197851525,1.045854319193699,-1.2804728694180652
1786167501.7390034,2.609238642514575,1.0939381141764346,-0.08953671751409659,1.0708623639463364,-1.1987028277633818
1786167501.7594693,2.634278988948712,1.0930280365654679,-0.11202416615140504,1.0915395422201357,-1.0987790746651664
1786167501.7795918,2.6585682891873987,1.0916496546328969,-0.13567512832986284,1.0787418421024513,-1.1753474557933008
1786167501.798871,2.681948163958529,1.089860513636603,-0.15661123070256774,1.0860782949738566,-1.085940144766382
1786167501.8188233,2.7062396115866583,1.0875790255956275,-0.1748151190082155,1.092788173923369,-0.9123705462793161
1786167501.8389149,2.7309916189965913,1.0849008238732323,-0.18871880132873062,1.1080842687036805,-0.6920169736758687
1786167501.858851,2.7556380299164207,1.0820057771459064,-0.19574136274100343,1.1135861511665484,-0.352253790113872
1786167501.8788462,2.7803053180655786,1.0789968132442893,-0.19914210892356718,1.1120630160839926,-0.1700780210873556
1786167501.8989108,2.8047906634560973,1.0759562681860892,-0.20103471554390615,1.100451189023771,-0.0943256950475404
1786167501.9188652,2.82925617905945,1.0729020336001307,-0.2010474177826142,1.1057538180570765,-0.0006365619286905783
1786167501.93886,2.8537879841720604,1.0699004508630268,-0.19601218189310068,1.1060506227673315,0.2518280791797274
1786167501.9592586,2.878909702275519,1.0670053128029409,-0.18581276486201873,1.10892707135011,0.5000053256403122
1786167501.9792933,2.9036059565763592,1.0644428923856681,-0.17105706763080994,1.1079787913295427,0.7365037119150958
1786167501.9990685,2.9282503947695786,1.0622531464981109,-0.15318725949212872,1.1178363285655954,0.9036495877325894
1786167502.018854,2.9527274045983467,1.0604912239856286,-0.13393608870753945,1.107372199227857,0.9729986097231521
1786167502.0389042,2.9774140277238237,1.0591449433908962,-0.11466064704695084,1.1001056830554417,0.9613548885070164
1786167502.0590196,3.002172854761203,1.0582270920003984,-0.09527937063908667,1.0981315191758927,0.9635055726278527
1786167502.079301,3.0268169022559865,1.0577606995188151,-0.07439528580691224,1.082813811016236,1.0297083539789758
1786167502.0989215,3.050790885301697,1.0577579688593972,-0.05346147658484475,1.0879674941878423,1.066939992652629
1786167502.1190996,3.0759246365577773,1.0582432622881217,-0.031184600783543525,1.1085927518168,1.1040136741093936
1786167502.13891,3.100602746819896,1.0592118555135117,-0.00910259195392531,1.108688359610869,1.1146653423608401
1786167502.1588926,3.1253141802631585,1.0606674842253092,0.012491667158566117,1.1010953100579837,1.0806544017343322
1786167502.1788406,3.1496149435920704,1.062568076507253,0.03371172719709265,1.0855874816743905,1.06376849810959
1786167502.1996427,3.174709276501094,1.0650058547772467,0.05435752991648073,1.0763359861756423,0.9924902341448802
1786167502.2192614,3.1981944716933666,1.0676901939471595,0.07148958591830953,1.0696254843484414,0.873249128254708
1786167502.2388923,3.2214680648502503,1.07067128444883,0.08455616428336385,1.0608165135825454,0.6656124985166052
1786167502.2588081,3.244897975860567,1.0739093972396196,0.09346459126022047,1.0538836499913504,0.4473040702804654
1786167502.2788885,3.2682700237973,1.0773038709795333,0.0996679052619745,1.0435755587092037,0.30892493417252914
1786167502.2988772,3.291071957134361,1.0807164105116323,0.10280211337618107,1.0233701834630868,0.1567984068303378
1786167502.318932,3.3134624216926625,1.0841091359714041,0.10336607881462154,1.0018426508046394,0.028121195662110736
1786167502.3388793,3.335195005462598,1.087392787775176,0.10144580997959612,0.9775915836843051,-0.09626715180566059
1786167502.3587425,3.3569787536499014,1.0906332991353094,0.09781847790403336,0.9837407386292525,-0.18261635099217224
1786167502.378757,3.3786389314495753,1.0937769970705888,0.09305756392407237,0.9703070426341514,-0.23787295019246715
1786167502.3988435,3.3998111873569044,1.096758572267054,0.08789965223960924,0.9445404415069525,-0.2567846456312736
1786167502.4187517,3.4205220360702744,1.099593525241348,0.08395653817311328,0.9317896791004325,-0.19806492259448336
1786167502.4388175,3.441352189270353,1.1023859468012422,0.08126520332752557,0.9294895655018566,-0.1341255733964135
1786167502.4588468,3.462249628442534,1.1051462753386312,0.07921793809846316,0.9339800460261728,-0.10221348592788373
1786167502.4789872,3.4829449337777016,1.107835715768334,0.07615389023090381,0.9196232248160036,-0.1521343382905482
1786167502.4987547,3.502934391204231,1.1103621400916095,0.07093853865234737,0.9046615169545322,-0.26383435234584623
1786167502.5188375,3.5230896329263377,1.1128131101402254,0.06517086354327867,0.8973991853976461,-0.28719602508121084
1786167502.5389767,3.543068739066938,1.1151546393404173,0.06078364954638188,0.8866716797811078,-0.2178443141475087
1786167502.558801,3.5622986058526247,1.1173427754277878,0.05722933973978583,0.8666968752206774,-0.1792908614540869
1786167502.5792868,3.5817411617892607,1.1194920316584,0.05321120992941032,0.8477299942190821,-0.19614144984144855
1786167502.5987403,3.5998136493967983,1.1214282190376856,0.049295560207407954,0.8295601682961822,-0.2012822669754301
1786167502.618831,3.6181947100979572,1.123337920774814,0.045660944744300186,0.8167468950931227,-0.18091142543108654
1786167502.639023,3.636545681637326,1.125190639676832,0.04241780527203797,0.811115291212637,-0.1606139052220692
1786167502.6594198,3.6550748349816846,1.1270130545053798,0.03951128900647797,0.8106121442292464,-0.1424992729246321
1786167502.6790943,3.6730042136284298,1.1287290570686537,0.03618323657516887,0.8130026045890348,-0.1691552892578875
1786167502.6989377,3.6909592063087575,1.1303885734442858,0.031855470481579065,0.807047701411867,-0.21809665666305247
1786167502.7189713,3.7088548917175412,1.1319824089232413,0.028341998040933715,0.7965598435506861,-0.1753790033166499
1786167502.7390177,3.7263584262972858,1.133503704883443,0.026730541543309443,0.7784952344200766,-0.0803860376756999
1786167502.7590528,3.743627053300821,1.1349856181274673,0.025570257957484167,0.768432564641394,-0.05791274957650494
1786167502.7790124,3.760640148835867,1.1364201739887902,0.023076558894262356,0.7598489523104891,-0.12493677455795102
1786167502.8002856,3.77856871939376,1.137885563530311,0.019468860752519364,0.7511812775022435,-0.16958938814590482
1786167502.8189187,3.7941558916530633,1.1391152559158915,0.016409208720487366,0.7454905701690803,-0.16420496662395315
1786167502.8390133,3.8109666795294435,1.1403993090050835,0.013559109543913303,0.7454353764316864,-0.14183384996619253
1786167502.858942,3.827560672642027,1.1416293482879092,0.011051712858247228,0.741863481227727,-0.12581841612066083
1786167502.879156,3.8443932510352923,1.1428472232194833,0.009283614119009596,0.7418411846456128,-0.08746866878630895
1786167502.8991954,3.861043657586082,1.1440297573798577,0.0077659632058714664,0.7401656230408222,-0.07573365332453666
1786167502.9191809,3.8776983058657772,1.1451856604162343,0.005357787828672939,0.7422956352466075,-0.12049650602191514
1786167502.9409611,3.8957316762212324,1.146386418390264,0.0011335078554266034,0.7374225634698249,-0.19395000042590047
1786167502.9592352,3.9106783490273536,1.1473299148397145,-0.0027010596821332236,0.7283704066613428,-0.2098365488676069
1786167502.9790578,3.9266983978050485,1.1483059934973885,-0.004071444370936525,0.7196339034613021,-0.0691324478817902
1786167502.9994798,3.942970069466366,1.149297671874804,-0.002957591750840878,0.7094844537030125,0.05454184762161302
1786167503.0188797,3.958136014550012,1.1502522992924604,0.00012842060788715443,0.69616232462754,0.15907377478232673
1786167503.0388916,3.9734464024350427,1.1512798242011055,0.006107456748304742,0.6814120728318617,0.2987740087673796
1786167503.0590782,3.9885823139402814,1.1523956705525302,0.014657451283918523,0.668016628948479,0.4235467087210678
1786167503.079042,4.003369671775922,1.1536162859677253,0.02558154681363598,0.6602370830298256,0.5471968086640363
1786167503.0990806,4.018119917645828,1.1549923395826476,0.03840449368548121,0.6565790255398082,0.6399121615786979
1786167503.1194801,4.033121184419778,1.1565698441965278,0.05178439882395879,0.6565413196861947,0.6558915130775183
1786167503.1393309,4.047756494413926,1.15827769469236,0.06380996736197414,0.6589212686925372,0.6057997864673491
1786167503.1594715,4.062661443204001,1.1601766860609628,0.07530248929445194,0.662128216136581,0.5706133187115879
1786167503.1789634,4.077036503829727,1.1621577533760066,0.08659124470688012,0.660625172513691,0.5791507795409501
1786167503.198932,4.091770002893168,1.1643425608804625,0.09817705411426295,0.6618037731990483,0.5802040110397655
1786167503.2189062,4.1063820048851225,1.1666589496806477,0.10887347893354207,0.6570732464655125,0.5355112010933818
1786167503.2389853,4.120683719166657,1.1690640948114264,0.11909470497834446,0.6406652986425566,0.5090471073240953
1786167503.2589407,4.134453535748233,1.1715030393641768,0.12821520912469225,0.6215318579216405,0.45704449304105266
1786167503.2789953,4.148058974433725,1.1740161367857511,0.1354175927540594,0.6118401316208191,0.3591391127169739
1786167503.2990801,4.1618346340172465,1.176639747840788,0.14046838341552925,0.6191709218522147,0.25147256089081743
1786167503.3189704,4.175675171724624,1.17933766179724,0.14489623354998235,0.6286692125965048,0.22261344820965762
1786167503.3391378,4.1898906788972345,1.1821732411867496,0.15007144236911218,0.6373562288029849,0.2566132199710674
1786167503.3592138,4.204196782896271,1.185098910342871,0.1555424585899626,0.644940161984579,0.2725147582587338
1786167503.379248,4.218469991950656,1.1880994826996938,0.16217570993400562,0.6455122222211416,0.33109846178492996
1786167503.3989508,4.2324443377771725,1.1911245483834048,0.16876270235948593,0.6434126514933575,0.33431569068445355
1786167503.4191358,4.24671980923904,1.1942961438992459,0.17417794077688534,0.6423239277693177,0.2682804109878372
1786167503.438998,4.260682200854206,1.197468782326328,0.1793591132283135,0.6391221666904899,0.2608562483520755
1786167503.458956,4.27457156744309,1.200693012487914,0.18443889175929742,0.6333904106337004,0.25452318016509323
1786167503.479043,4.288566238466232,1.2040047629169597,0.18873810454922868,0.6347186244128776,0.21402957118207502
1786167503.4989789,4.3025426306693095,1.2073631595932923,0.1919634398407265,0.6392136328773386,0.16178572197604402
1786167503.5191028,4.316491684082799,1.210761643193742,0.19560646521325803,0.632476756203305,0.18102926204429343
1786167503.5388782,4.330219102066325,1.214161188925293,0.2002393869654912,0.6339806725794478,0.2342771295943853
1786167503.5597577,4.344477375895361,1.2177652496579776,0.2062228831819229,0.6244220175303324,0.2865726761583049
1786167503.5814817,4.358959736825751,1.2215111504672642,0.2124283438658403,0.6104369663546625,0.2856501922626668
1786167503.5989785,4.370409969488467,1.224528782907983,0.21630986413996958,0.5999477166219126,0.22184141621622858
1786167503.618904,4.383504805083055,1.2280288878143133,0.22009277528378066,0.603045142124713,0.18985185993407785
1786167503.639122,4.396906917992498,1.2316629013482245,0.2241884282998677,0.608863089698133,0.20257563476397256
1786167503.6588483,4.410188154758418,1.2353312740660836,0.2304518877159528,0.6192070199403017,0.31751858738093813
1786167503.6788602,4.423786584796593,1.239191138806643,0.23991703436016557,0.6261933828030625,0.47297586768978117
1786167503.6987643,4.436945621741079,1.2430491922154858,0.2496523923190499,0.6107704429744848,0.4891122949113454
1786167503.7186975,4.4497735712253235,1.2469378810402663,0.26029678165328834,0.5961762026361062,0.5340024012888146
1786167503.7386973,4.462623500793447,1.250975099128316,0.2721482804578078,0.5970945403167242,0.5925825694914737
1786167503.7588098,4.4756126599761235,1.2552127347833382,0.2847297113002948,0.6023259646086198,0.625552356722141
1786167503.7788477,4.488566537603937,1.2595963843398128,0.2966021623453603,0.6051745787581471,0.5925000762463238
1786167503.7986724,4.50149595432054,1.2641192091732252,0.3074809332561349,0.6127270950501044,0.5487471268673105
1786167503.8193305,4.514772527522181,1.2689099583268173,0.318444280165945,0.6059652908078088,0.5307066661727448
1786167503.838727,4.526747957527342,1.2733653411442334,0.3295069556508303,0.5843019632777479,0.5703426222968249
1786167503.8592386,4.5393775772149105,1.2782155406446898,0.3418609500055417,0.5851142210700614,0.6022922626225281
1786167503.8788118,4.551508704484669,1.2830237903276789,0.35337740618843144,0.5915163631076333,0.5883784622115477
1786167503.8988428,4.564228569898485,1.2882194562261693,0.3651170110742268,0.608694357837034,0.5860725544052542
1786167503.9189153,4.57708363666187,1.2936332749296557,0.3774993672595168,0.6167638614411507,0.6168828373605659
1786167503.93885,4.589334995459459,1.2989523559716676,0.38967377488965615,0.5947730753297098,0.6107157659274258
1786167503.9588618,4.601418417461077,1.3043497372832165,0.4008736480068402,0.5871788942203554,0.5596606058770495
1786167503.9788868,4.613583301846945,1.30992933349208,0.41184490834189685,0.5935391474189645,0.5478777620027143
1786167503.9988942,4.62571770021474,1.315639789293998,0.4227421806520405,0.595411250689019,0.5446628554348097
1786167504.0194652,4.638316779868878,1.3217120943065146,0.43245449861145513,0.6040619286844078,0.4721365545884328
1786167504.0390651,4.6502213032926445,1.3275654835877744,0.4402055621859024,0.6014529732493831,0.39546415135459073
1786167504.0596578,4.66228360485733,1.333594094174221,0.44683969072755536,0.5820106288270298,0.3221594021067972
1786167504.078882,4.673335347172385,1.3391888139429429,0.45153979721747334,0.5727665038936318,0.24448947627602574
1786167504.0988076,4.684762992078928,1.3450226156181317,0.4542464075918698,0.5724371195150194,0.1358358666543845
1786167504.118798,4.696511769143979,1.3510223967276564,0.45161385218088834,0.5866576201606039,-0.13169069115402843
1786167504.138907,4.708325231093594,1.3570067654360047,0.4466738693805018,0.585390212791229,-0.24566104619934437
1786167504.1588302,4.719438879072929,1.3625766977073546,0.441700885535409,0.5545811710571833,-0.2496075586784922
1786167504.1787198,4.730488917356819,1.3680692284630254,0.439025210979016,0.551384150793172,-0.13452635957201223
1786167504.1991293,4.7420343052104625,1.3737807600971674,0.43721249622360936,0.5608704931909242,-0.08881683974417232
1786167504.2188473,4.753383600642802,1.3793829344711364,0.4368246011559085,0.5704250263541134,-0.019672198518037018
1786167504.2396863,4.765060532206687,1.3851684308500334,0.44032480259369444,0.5557490270100742,0.1679641770071854
1786167504.2592976,4.775834627988268,1.3905670406813277,0.44671263771012937,0.5461620262244042,0.32572119213436534
1786167504.2790291,4.786680723854535,1.3960837227667044,0.45366468124626597,0.5482142063811679,0.35233185127830774
1786167504.2992175,4.798215791208517,1.402050167757911,0.46182657164335206,0.5719464476639597,0.40428751405426333
1786167504.3189445,4.809241854524026,1.4078665858891604,0.47159018399901154,0.561983256518173,0.49493671043124315
1786167504.3401845,4.820540987316888,1.4139624645977273,0.4825830559027053,0.5376912699443107,0.517555272903476
1786167504.3588521,4.830422410709287,1.4194142019181095,0.49254286669738506,0.5379284832696076,0.5335318176117858
1786167504.3789203,4.841334393375773,1.425562997955826,0.5025621788612219,0.5555056737099869,0.4992639011313512
1786167504.3990116,4.8520351440634375,1.4317191071899475,0.5123593433276122,0.5470522285948748,0.48763229787987067
1786167504.4188368,4.8622507347786375,1.4377171137041365,0.522240968932339,0.5321467855855424,0.4984371195315644
1786167504.4391477,4.872636914103151,1.4439476519037606,0.5333168587240062,0.5312315294954398,0.5453180990345093
1786167504.4588745,4.882860425501993,1.450224228208039,0.5450807357416134,0.5419592688118954,0.5963412669864266
1786167504.4789762,4.893193897973481,1.4567281082054737,0.5581390334979752,0.5415326286582974,0.6496088445755535
1786167504.4989572,4.903169233898428,1.4631697999913353,0.5709721494501547,0.5300793892105764,0.6422689255028474
1786167504.5189536,4.913138254409541,1.4697629618392967,0.5824512553800943,0.5333614245298389,0.5740584936195804
1786167504.538875,4.923316998800857,1.476642149521445,0.5931835784835705,0.5505227450983354,0.5387295585313414
1786167504.5588794,4.9330416816831315,1.4833542094087293,0.6041995764203163,0.5275254559161723,0.5506822584153858
1786167504.5788546,4.94244778818976,1.489987505033517,0.6155851664496698,0.5148232843465517,0.5699867012302967
1786167504.5995326,4.952336867657053,1.497113429755494,0.6268181341244525,0.5269137253839828,0.5432316528330492
1786167504.6187623,4.961575598740259,1.503906196045974,0.6368328611626517,0.5332800268774665,0.5207961028482612
1786167504.6388178,4.970676939499828,1.510726161478793,0.6469411845504899,0.5073401707060048,0.5040167051308799
1786167504.659222,4.979838040998726,1.5177290343680208,0.6580732000706337,0.5058361193944693,0.5455773737652333
1786167504.6789126,4.988849356976831,1.5247598466161878,0.6688761486923082,0.5198026430112882,0.5486305756902594
1786167504.699116,4.9976740911337725,1.5317840108304497,0.6795769781003695,0.5001813834157148,0.5296561393165956
1786167504.718881,5.006139112281594,1.5386536771096544,0.6898151378631154,0.49442132099649205,0.5179970379435869
1786167504.738881,5.0149302043672535,1.5459246239040043,0.7001503876241687,0.5115575825136478,0.5167568206490343
1786167504.7589686,5.023399702409961,1.553066806337045,0.7109193222546657,0.4948841979631233,0.5361018076084255
1786167504.7792468,5.031685745198391,1.5601931063516132,0.7216199809912982,0.4838515585437881,0.5276923299788735
1786167504.7991588,5.040000131916845,1.5674764783735873,0.7310213917639146,0.4986118662013915,0.47214788377488687
1786167504.8190444,5.047884444957621,1.5745006826097916,0.7400969053376941,0.4771938574056737,0.4563875846408867
1786167504.8386683,5.055461884399499,1.5813691411705622,0.7499745899524425,0.46856757329400467,0.5033472899728673
1786167504.8587563,5.063458966136416,1.588755869133655,0.7608094850385348,0.4875319352412062,0.5393726639271141
1786167504.8790638,5.071042096784044,1.595903506377852,0.7722656868985223,0.4619075521317237,0.564135358389124
1786167504.8987288,5.078231166186374,1.6028153565767655,0.7826481951003854,0.4567706138203313,0.5279688131946597
1786167504.918698,5.085605205515929,1.6100326820627497,0.791913161941097,0.4656526678685866,0.46396226560007076
1786167504.9387615,5.092593907466156,1.6169845023195966,0.8004570415182409,0.44299716606180756,0.425844047508496
1786167504.9588954,5.099724320482332,1.6241902562683828,0.8092860452824765,0.45420806543104764,0.43851276293517144
1786167504.9787345,5.106510177052415,1.6311587546385224,0.8180937583995198,0.44251679326277427,0.44395844729263667
1786167504.9988155,5.113224785897046,1.6381659982329275,0.8269673691053566,0.4364433164641576,0.4418899256516146
1786167505.0188444,5.1200522705695475,1.64540639125162,0.8357086702047296,0.4489475023894759,0.43643594184182233
1786167505.0388792,5.126641549896219,1.65250569018884,0.8443056074066893,0.4370616979662357,0.42910043904619566
1786167505.0587256,5.133185844850711,1.659669261579954,0.8530532378380759,0.4422150190197485,0.4407657349521373
1786167505.0793002,5.139809893035738,1.6670381535403878,0.8619258836597115,0.43585147732686447,0.43124332367975854
1786167505.0989413,5.14598459675906,1.674016522593382,0.8702507974512249,0.42959062466729264,0.4238503928745797
1786167505.1188376,5.152384708166213,1.6813616612941198,0.8786174015405535,0.4436353138957576,0.42051121015070697
1786167505.138725,5.158565337718261,1.6885658899858522,0.8870672629730133,0.4326753867097344,0.42488416339715535
1786167505.1589155,5.164963513715852,1.6961351584643833,0.8946324038711413,0.4452298166869723,0.37468856030680736
1786167505.1792388,5.171401716216482,1.7038537466909118,0.9013589284406271,0.44878871658636005,0.3309763838001627
1786167505.1988926,5.177465851315545,1.7112136983392034,0.9077817878435986,0.4405025864050851,0.32679992339716774
1786167505.2194145,5.184053140596948,1.7193168258637206,0.9157298809907938,0.4621971144835864,0.38729850571770974
1786167505.2393875,5.190128666938357,1.7269117026562144,0.9249587735961767,0.44255957907831717,0.46206750588290096
1786167505.2588778,5.1959114798309916,1.734263796550809,0.9336958884973443,0.43644461820635,0.44828149897765296
1786167505.2788548,5.202011828253126,1.742140532023366,0.9413282964164109,0.4537924570234349,0.3820579909842963
1786167505.298947,5.207814628007442,1.7497373679077373,0.9482384061977529,0.4331539386896556,0.34391918047681824
1786167505.3189588,5.213707541861682,1.757558062530014,0.9556085411951664,0.44571968623637087,0.3682919723618336
1786167505.338899,5.219457505304394,1.7653046014836828,0.9639304154207002,0.44094701553180066,0.4173428630555948
1786167505.3595102,5.2252922799618595,1.7732954293650578,0.9726647926250053,0.43778586368106176,0.4237667234878651
1786167505.3791108,5.231019931021711,1.7812665414068103,0.9805285704931298,0.4569743975458727,0.4012002647746046
1786167505.3989375,5.23662219577116,1.7891855975832558,0.9886751867792097,0.44673246713068354,0.41089220980494384
1786167505.4194717,5.242286180994238,1.7973229126172674,0.9971137345064837,0.44113591174694666,0.4109493479013294
1786167505.4391255,5.247743803423495,1.8052867654771012,1.0044770142464787,0.4490832766086035,0.3746492183635364
1786167505.4589548,5.253064799444202,1.8131651773468607,1.0118025496654974,0.43855804907001783,0.36943035361466275
1786167505.4791062,5.25855107836841,1.8214127329583902,1.0197170080401463,0.44991166162779594,0.3927502563697198
1786167505.4990325,5.263771431147288,1.829388195423024,1.0278851005397562,0.43811111487528714,0.40991496516365483
1786167505.5190046,5.2688414693985814,1.8372657435559112,1.036414046233565,0.4298723360601695,0.4270433100469779
1786167505.5390084,5.274085152323234,1.8455578101490033,1.045186867989902,0.4497911204931146,0.43855785778517986
1786167505.5589573,5.279074690763685,1.8535961877885367,1.0545548770272983,0.43525986314912235,0.4695988834686333
1786167505.5793202,5.2842614609761975,1.8621242748279623,1.0648733515398132,0.450233006332787,0.5067302702526596
1786167505.599511,5.289329937285559,1.8706372880617186,1.0749323546311893,0.45108760951259946,0.498199429683439
1786167505.6193821,5.294112373131936,1.8788363529929906,1.084284179611308,0.43946371507467,0.4706212286302109
1786167505.6393683,5.299047915447888,1.8874639119094916,1.0931114825457384,0.45789197233337764,0.4416709453534909
1786167505.6592772,5.303780257262928,1.8958889392667444,1.1012069670488875,0.44720715517012594,0.4066263057278334
1786167505.6789837,5.308353276851659,1.9041778019813715,1.1095568864921002,0.44292649445269433,0.42371424015903647
1786167505.6989894,5.313096726171527,1.9129398803596418,1.1183711747910243,0.4595472184861125,0.44058878166287635
1786167505.7190642,5.317658209497185,1.9215320010112964,1.127068706483458,0.4474684415243146,0.43325524902259566
1786167505.7390115,5.3221486470127335,1.930160483547165,1.1360290662752395,0.4506384207480035,0.44920185162382553
1786167505.760048,5.326784767174515,1.939266323856995,1.1462632713383538,0.44926348457557846,0.48650014431155847
1786167505.7789483,5.330779449312758,1.9472872107798456,1.1550777770873295,0.43886998574488967,0.4663662325724869
1786167505.798946,5.335001915536006,1.955944014841018,1.164019032676841,0.4462127860315202,0.44711650632016436
1786167505.8189113,5.338992674859266,1.9642972288066816,1.1725025827577322,0.42991113330460135,0.4249123850740024
1786167505.8393128,5.34303201849579,1.9729346058387578,1.1817139600716595,0.4336919446343448,0.45150539573815596
1786167505.8593075,5.3468520676747175,1.9812849108122,1.1904875624545685,0.42650317383986414,0.4387956163436607
1786167505.8790462,5.350455298403813,1.9893302388708491,1.1987936495310452,0.4150860200707135,0.42080268449348857
1786167505.8993886,5.354183342961607,1.9978330226819037,1.2073301354333872,0.42452147677668683,0.41964108865398775
1786167505.9193597,5.357729788522015,2.0061026733735994,1.2160735490820833,0.4194265663084512,0.4378026006133932
1786167505.93888,5.361187077277791,2.0143463391781573,1.2244725782992076,0.4266596142574725,0.4302719036751691
1786167505.958922,5.364587836403449,2.022634132054346,1.232564337398008,0.4167703717260371,0.40374125710943604
1786167505.9788573,5.367892113407786,2.030867322306701,1.2409531581573865,0.4152640723419008,0.4208008666667835
1786167505.9988575,5.371102055639371,2.0390464751926607,1.2489228704848678,0.4102753303444506,0.39848124612876423
1786167506.0192025,5.374243086355493,2.047232649699972,1.2571615504873173,0.40279714998106925,0.40494918131315283
1786167506.0390983,5.377330749702077,2.0554748103446987,1.2658307334520693,0.41380424246676484,0.4357294729210824
1786167506.0588825,5.380267785491922,2.0635003584149185,1.2733572788455894,0.40438388709545214,0.3804318994736539
1786167506.0793092,5.383295574323167,2.0719705879240493,1.2818011156045348,0.4125701379903715,0.41337151936822436
1786167506.0989249,5.386068115498079,2.0799266851049656,1.2903295490629072,0.4027569453931479,0.4347769959912419
1786167506.118953,5.388896200147476,2.088258070566945,1.2989500245197843,0.4122786418160084,0.4304187263782672
1786167506.1389015,5.391602059267546,2.096449714244044,1.3077499625546287,0.4062220637693857,0.4411332054416232
1786167506.159055,5.394233086931188,2.1046417235223425,1.3164910643420438,0.4013832382589462,0.43372575643395395
1786167506.1793196,5.396840885944564,2.1130000450830027,1.3254088021283252,0.4065809683273618,0.44006427676539
1786167506.1989121,5.399263787728267,2.120997651070709,1.3339900016527044,0.4017204768604479,0.4379833711367104
1786167506.2190897,5.401733351431073,2.12939137771223,1.342374619341207,0.4087720958753268,0.41554082439482676
1786167506.2389755,5.404058704949367,2.1375316456865825,1.350660596372012,0.4016761055731467,0.41667853542524314
1786167506.2592118,5.406417500617751,2.146052695408931,1.3596723886441795,0.4126065595560028,0.44532908060278314
1786167506.2793648,5.4086524382363885,2.1544075658631336,1.3689705793290587,0.4056635169911668,0.46137893221596443
1786167506.299196,5.410772212948743,2.162615614843179,1.3779092544941185,0.4044743739938555,0.4507384284247186
1786167506.319254,5.412877520633128,2.1710601299952064,1.3866710346205817,0.4109343780607653,0.43682403727068597
1786167506.3389895,5.414869369047576,2.17932961401674,1.3946617784547477,0.40855916818781546,0.4048903539221778
1786167506.3588753,5.416836349658095,2.1877810390352717,1.4028393352143822,0.4140007935005659,0.41122638420231933
1786167506.378961,5.418723611386051,2.1961887586500857,1.4111646965373759,0.407390559221368,0.41448966477311056
1786167506.399095,5.420589364180261,2.204825328399067,1.4197224994387656,0.4171226929042874,0.4250429488029593
1786167506.4190269,5.422319904864007,2.2131636701053035,1.4281965325548722,0.4064837780655263,0.42515156692603934
1786167506.4389517,5.423979701126866,2.221498176878941,1.4366040183074917,0.40614955542805226,0.42195918586779524
1786167506.459021,5.425607089469526,2.2300214682745865,1.4447505624325792,0.4121005401851029,0.4059194626801819
1786167506.479206,5.427172585834035,2.2385844549542826,1.4529871891879254,0.411420079208289,0.4080569387263933
1786167506.4989114,5.428660150320142,2.2470931700775703,1.4609216780125338,0.4185629180007195,0.4026576916516515
1786167506.5189092,5.430079465663831,2.2555998969196445,1.4691669918821244,0.4121717001520832,0.41231032278787294
1786167506.5389767,5.431460707994146,2.2643164164428056,1.4779523109099055,0.42071636044204314,0.4377894324453917
1786167506.5588958,5.432742686695828,2.2728696701355378,1.4866312722146349,0.4157833857445544,0.43570926683508604
1786167506.578825,5.433948228214239,2.2813937955729484,1.495187566990311,0.4140657549999733,0.4293352163896848
1786167506.5997427,5.435174869910257,2.2906160677107392,1.503809019588756,0.4267442037306478,0.4121615446454336
1786167506.6192076,5.436226894315701,2.2990268878047284,1.5113772501228642,0.4182096131139663,0.38881286105353335
1786167506.6390326,5.437261257768287,2.3078343982721066,1.5194209779601278,0.429976120130641,0.405736961741686
1786167506.6589594,5.4382170223073825,2.3165721890963593,1.5278680071005064,0.4244152799902797,0.42390323061542345
1786167506.679311,5.4391071816362215,2.3254134384959375,1.5372547397098517,0.4205309755904282,0.46122714272685805
1786167506.6989255,5.43991434931025,2.3342069753416284,1.5461106965995564,0.43407530644523945,0.4515014818013503
1786167506.7189653,5.440650294603262,2.342998999393377,1.553837014856168,0.4249029565937146,0.38554873197840583
1786167506.7389147,5.44132404641298,2.3518448811088475,1.5615700457686792,0.42957592981928383,0.3876315520767214
1786167506.7589316,5.441925046031113,2.360561310910832,1.568627108028855,0.42201181671597365,0.3525550515871679
1786167506.7792091,5.442469878325744,2.3693715898610317,1.576143417614334,0.42124293186531764,0.3706723969384089
1786167506.7989504,5.44294277445842,2.37805103931733,1.5837122762949607,0.42646016217276994,0.3834023047981211
1786167506.818881,5.443350294212508,2.3867223409449725,1.5915031929549386,0.42223997616173325,0.39090224188783035
1786167506.8393936,5.443705919494569,2.3957617805699107,1.599411156729871,0.4279387664445566,0.3855177378429114
1786167506.85889,5.443970756049104,2.404064550322616,1.6067640399682699,0.4138197786527836,0.3771397703224698
1786167506.8792071,5.444186548940823,2.412824788237727,1.6142954280809232,0.4192747917173561,0.3706924906878251
1786167506.8998423,5.444335648858419,2.4215536026026068,1.622232085363917,0.4116516746553111,0.3846187566573231
1786167506.9189548,5.4444104657825605,2.4295476097103736,1.6301133374399965,0.40737915045474543,0.41235925237898086
1786167506.939427,5.444420634732485,2.4382708484072295,1.6390114656602657,0.41542648524436726,0.43464764617880486
1786167506.959058,5.444359551615642,2.4465897136700345,1.6475235536888317,0.41358843985797766,0.4336011472882288
1786167506.9790766,5.444223495399418,2.455208953105271,1.6562661509344312,0.42071338006906844,0.43672419843751215
1786167506.9991748,5.4440147713555485,2.463719644831066,1.6653659909122422,0.41429512387821904,0.45276869223818866
1786167507.0192792,5.443725009604555,2.4723439802682834,1.6747672389556778,0.4202864189928545,0.4676212261464363
1786167507.0390928,5.4433572338597385,2.4809849434133797,1.6836087952558831,0.4279058405252422,0.4462381468542689
1786167507.059058,5.442918523247369,2.48956937658664,1.6921150228567907,0.42250003059689945,0.42605331324813744
1786167507.0790238,5.442389334624895,2.4984090380544006,1.7013632701358885,0.43573719236638664,0.4632024235543243
1786167507.099049,5.441795231420858,2.507083453085158,1.709552855932521,0.4270228233827999,0.408962906766804
1786167507.1193259,5.441127961833619,2.5158529662878837,1.7166789079493021,0.4269910955353358,0.3514389511469151
1786167507.1389377,5.440417712901278,2.5243548916110576,1.7245319604153309,0.428653230265781,0.400424145620777
1786167507.1591735,5.439634743715884,2.53288332300621,1.733283858863248,0.4174664135252529,0.4324962906355587
1786167507.1791635,5.43878177306492,2.541362819530671,1.7421416718292149,0.42099320002043394,0.44311292822869913
1786167507.1991303,5.437883682594725,2.5496112857024564,1.7498427412740083,0.41077840198330373,0.38569293678071653
1786167507.2191598,5.4369095669657295,2.5579988543415593,1.7565852083340052,0.41711540811635217,0.3366260749864545
1786167507.2391002,5.435915029396393,2.566137991944535,1.7618340011416955,0.4071705403365341,0.26322436114193826
1786167507.2589042,5.434883111354561,2.5742620611713454,1.7660970414039714,0.40970682666835434,0.2152615672761148
1786167507.2788436,5.4338183172806085,2.58242095105611,1.768647628742778,0.40902836516625024,0.1279168102820038
1786167507.2988722,5.432731628691288,2.590631167196375,1.7696305860388788,0.40996245757636546,0.04907770538848277
1786167507.3189073,5.4315994689535,2.5991801128222494,1.7686255638542825,0.4267472959264507,-0.05016325216213065
1786167507.3389196,5.4304989524232194,2.6075801112795487,1.7666211627370267,0.4196347041241886,-0.10015806456803011
1786167507.3588924,5.429385941375203,2.616198744220606,1.7647034715453829,0.43120504612129645,-0.09601513436324047
1786167507.3788264,5.428257528868717,2.6250310832866384,1.7636790582375852,0.44260446390765074,-0.05139041053655611
1786167507.3988419,5.42715291616974,2.633748931649373,1.7624174746299532,0.43497250213891037,-0.06303040073168437
1786167507.4188876,5.426014730813957,2.6428286794761067,1.760787439851406,0.4521920788227089,-0.08131569960989364
1786167507.438966,5.42491508266943,2.6517151291971084,1.7590071844392623,0.44166867700108764,-0.08866511187050895
1786167507.4591265,5.423843252064517,2.6604804454399322,1.757672293452316,0.43371902353927394,-0.06621339663563842
1786167507.4791503,5.42272965052072,2.669705553614574,1.7556799458797754,0.4594075668776346,-0.09949886163049451
1786167507.498848,5.421690267057201,2.6784918732159664,1.752631913037129,0.4445389757316118,-0.1547408112522871
1786167507.5197937,5.420601454800087,2.687915868831997,1.7499478052439197,0.4480915973910138,-0.12814547088307676
1786167507.539132,5.41956670661302,2.6970127327265816,1.748845924964217,0.46828960174901924,-0.05697896542612752
1786167507.5588932,5.418563600200454,2.7059190047995543,1.747513433120745,0.4485515080687128,-0.0674300934926095
1786167507.5789378,5.417536625867818,2.715176790531173,1.7452414216920575,0.45947645465913634,-0.11334800260950197
1786167507.598855,5.416528484968449,2.72444842102931,1.742898283328997,0.46286646719565605,-0.11764367072550551
1786167507.6189313,5.415556644915067,2.7335641676068323,1.7407740682429784,0.4512567751940146,-0.10580723264549707
1786167507.6389005,5.414564805485435,2.7430251527003016,1.7391252180689278,0.4706649373760939,-0.08256956290721912
1786167507.658989,5.413587884681482,2.7524869094700146,1.7373815266960346,0.46774022519057656,-0.08680076076873995
1786167507.6790168,5.412643524366038,2.7617693133967367,1.7358793382630153,0.46010305766433307,-0.07500488022292995
1786167507.6988938,5.411673124270882,2.771441646341964,1.7343414913297492,0.48291701542949084,-0.07736832845848432
1786167507.7189548,5.410731878505179,2.7809642111271433,1.732685009705218,0.4709202681332679,-0.08257216970951327
1786167507.7388577,5.409824538647922,2.790294706937841,1.7309155881359415,0.46492053827609764,-0.08890250201490674
1786167507.7590168,5.408888618238889,2.80008684369589,1.7291199799481896,0.48154774653292054,-0.08907225768832723
1786167507.7793524,5.407993039557541,2.8096586365941794,1.7266402281651512,0.46641593523441904,-0.12194096680428823
1786167507.7989416,5.407174583994856,2.8186416352889783,1.7239618071800806,0.45416299062396254,-0.13672957233018404
1786167507.8196552,5.40628821970928,2.8286340020672003,1.7215660182026513,0.47752391387839976,-0.11566278722347789
1786167507.8389099,5.40553693347167,2.8373090566313093,1.7195092981329867,0.44578250115988544,-0.10681660741798464
1786167507.8593519,5.404753137034823,2.8465546222858786,1.7176738471257242,0.4473315096019119,-0.0897881910609343
1786167507.8788955,5.40402958694441,2.855252153504534,1.716107890950232,0.440013212113769,-0.08012609489449929
1786167507.8994508,5.403323871244089,2.863974181139422,1.7128667519380938,0.4193382138531929,-0.15767931709291905
1786167507.9189394,5.402647931106822,2.872674858911622,1.7093743040186251,0.44091621837415823,-0.1792049066982203
1786167507.9391096,5.402006966792422,2.881191980534078,1.7077414325713702,0.41682323347623274,-0.08095460097763031
1786167507.9591448,5.401338548869413,2.8900621518037255,1.709402151462111,0.437033878986895,0.08288978135408336
1786167507.9792075,5.400682946741599,2.8984334825249243,1.713592145869815,0.41213919688794187,0.20884514734826723
1786167507.9989595,5.399990546779267,2.906788801008929,1.718494557535857,0.4182131134039237,0.24819791976109912
1786167508.0188932,5.39919356814057,2.9158215408771757,1.724306516455361,0.4485071797480355,0.29156447402057023
1786167508.0390947,5.398365220406095,2.924572454308346,1.7313410443173196,0.42935237951526534,0.34821905028294176
1786167508.0590553,5.397445818597696,2.93354489109808,1.7399255429298965,0.4463111718412861,0.4300712708726039
1786167508.079032,5.396440628131714,2.9425894061966895,1.7486437516234474,0.45044042648404187,0.4364206998161542
1786167508.0991876,5.39538977746466,2.951372880740241,1.7568422039848035,0.4344389371364698,0.406756662996306
1786167508.1189575,5.394233548810674,2.9604174056828136,1.7649002503971736,0.45700701051925174,0.40759151842826896
1786167508.1389277,5.393056598929687,2.9690788479773227,1.7727467562046249,0.4341526365097244,0.3929111483174267
1786167508.1589627,5.391806214206617,2.977774394518,1.780490440561973,0.43535558617382264,0.3865072801728424
1786167508.1788495,5.390448104447544,2.9867021114229932,1.7891056881648797,0.4513272368241133,0.43321585260772
1786167508.1987472,5.389083599774521,2.995176217508675,1.7979209447002555,0.42922025366541533,0.44302893403014226
1786167508.2189012,5.387566340327393,3.0040960439410833,1.806824578323889,0.44721127178604103,0.4417799900882419
1786167508.2391992,5.386037304082537,3.0126466376186984,1.8148662925352008,0.4267509757055976,0.3961825089664023
1786167508.2589989,5.384493078015158,3.020921155220384,1.821909580782521,0.42436196700540274,0.35572685100892565
1786167508.279046,5.3827996403415765,3.029667628701894,1.8283107990118546,0.44398286836415257,0.31930754036636416
1786167508.2988727,5.381158304318864,3.0378653484672506,1.8345616405622085,0.4216283521204727,0.3152747113122448
1786167508.318897,5.379364450854343,3.0465388594410117,1.8409131651119366,0.44262774818433087,0.31719084660932056
1786167508.3388796,5.377603230716934,3.0547995781799564,1.8467019397965638,0.4233186470833759,0.28969110776167184
1786167508.3591962,5.375767558157992,3.063179278366641,1.8520031598516598,0.4231722048433512,0.26093046309254536
1786167508.3790302,5.373907836702694,3.0714755067738766,1.8563108382419093,0.42988248345133334,0.21718611254882741
1786167508.3988695,5.372090383632866,3.0794287110859235,1.8601582052675134,0.41260593205692603,0.19392668010576206
1786167508.4190903,5.370083499225,3.0880605467262825,1.863729254707687,0.43996200432321486,0.1766031569956643
1786167508.4389367,5.368210305869977,3.095994878688751,1.8668169192143764,0.4125475644181595,0.15557775631369852
1786167508.4589014,5.366231396982506,3.104290835411745,1.8682181811656275,0.42916013146937526,0.070186995237299
1786167508.4789114,5.364271493871618,3.112485197310781,1.8678546504502291,0.42303878842057974,-0.018167457031260145
1786167508.4990103,5.362359855391527,3.120518636851665,1.865735946337281,0.4127213256011716,-0.1054138045308579
1786167508.5188491,5.36036317943304,3.1289894692759503,1.86340655492067,0.44055527412314727,-0.11741588434391109
1786167508.5389614,5.358480339087895,3.1370542066240685,1.8612863016272714,0.41341167684967345,-0.10542085267984816
1786167508.558873,5.356559851134576,3.145345800444824,1.859714307572025,0.42905404847127715,-0.07894894275155244
1786167508.5789428,5.354724556801315,3.1533210766399113,1.858262156962628,0.40922155180443104,-0.07235487603315337
1786167508.5991945,5.352879896171979,3.1613875284007857,1.8567966870245165,0.40998092784000273,-0.07236262889149897
1786167508.6192238,5.351043671278121,3.1694718507330033,1.8551328744328668,0.4152342400329937,-0.0830689070029084
1786167508.638846,5.349342190324983,3.1770172346787287,1.853506867065381,0.3953772330343644,-0.082866176662186
1786167508.6589751,5.347491040624566,3.1852876136278767,1.8517689934394055,0.42221150443160005,-0.0863359347719138
1786167508.6789985,5.345779579762589,3.1929880690925923,1.8503231168748273,0.3949860217085888,-0.07220953822535116
1786167508.699157,5.343967129465626,3.2011761600333655,1.8498722222411,0.41705634987052975,-0.022367437000388603
1786167508.71894,5.342269098255963,3.2088216458569114,1.851583359022838,0.3969094278685579,0.0864952257061188
1786167508.7389612,5.340466205896317,3.2168173908929885,1.8561915571999463,0.41062151137354497,0.230165930896569
1786167508.759105,5.338619067176097,3.224790214065885,1.8632533406519791,0.4078114895269074,0.35056950111842616
1786167508.7789416,5.336788870020914,3.232423062541497,1.8714351578483435,0.3975769025449716,0.4124593285414524
1786167508.7988923,5.334768921394876,3.240571578010874,1.878447354054059,0.4232189785977928,0.351477462618057
1786167508.8188777,5.332799932177862,3.248311638421829,1.8835174064839428,0.4022381079468779,0.25368733894271267
1786167508.8388536,5.330667244721402,3.2565344390958746,1.8876221416728034,0.4282998741748648,0.20548436142004017
1786167508.8589303,5.3286162139246915,3.264327855883644,1.890490651104189,0.40445852446681935,0.14287716822748675
1786167508.8790267,5.326503462658101,3.2722941766446896,1.8912621599977555,0.413338813299758,0.03839059008567934
1786167508.89913,5.324340429437719,3.2804525619028246,1.8901687835140135,0.42314109936891714,-0.05438749240113839
1786167508.9189365,5.322323498482998,3.2881116029423563,1.8877453114325755,0.40293503067915853,-0.12235812221710501
1786167508.9389184,5.320147220987757,3.2964516996933053,1.885506782570679,0.4345299247344936,-0.11202804629005536
1786167508.9590836,5.318117485969439,3.304302247223461,1.8830819533567813,0.4049515135137903,-0.12024818064967185
1786167508.979143,5.316018437396012,3.312497173422985,1.880815413966374,0.4245756836637439,-0.11299168278769507
1786167508.9990454,5.314044845216754,3.3202661695357127,1.878952127532295,0.40537315823830206,-0.09362087453553086
1786167509.0192926,5.312044040428093,3.3281943247586674,1.8775092962231723,0.40639053539004055,-0.07126070830256577
1786167509.038917,5.310061755575347,3.3360914397600028,1.8762340596052431,0.417442735126834,-0.06498195924636269
1786167509.0588632,5.308173283386459,3.343662410313433,1.8743691006246417,0.3935277970385223,-0.09349993918448944
1786167509.0788424,5.306143423384792,3.351867635028089,1.8721965615288894,0.4254777633600673,-0.10873983483657522
1786167509.0989254,5.304239257853228,3.359642101944773,1.8695471627140126,0.4007101385071975,-0.13192278707924
1786167509.1191058,5.302243286777893,3.367885160061329,1.866751446690775,0.4223951119367678,-0.13853576668039697
1786167509.1389651,5.300377178989104,3.3756715412007448,1.8646807025175804,0.40509510302586604,-0.10427068008796701
1786167509.1588995,5.298511545627753,3.3835069996451574,1.863621265617174,0.4058919199600622,-0.05314612227007521
1786167509.1790602,5.29658230871008,3.3916379481889205,1.862934227054854,0.41635179872930506,-0.03407815267377936
1786167509.19907,5.294787402745753,3.399227929318239,1.8619589939364591,0.3914756415461906,-0.04873788136612003
1786167509.219304,5.292848664753339,3.4074741427874295,1.860147772117267,0.4204067170329148,-0.08951330208236018
1786167509.2389886,5.291096293613021,3.4149854531513384,1.8583492346221693,0.3933858942892285,-0.09136796155467944
1786167509.259189,5.289206974659586,3.4231513107645717,1.8563051499695966,0.41647250346112025,-0.10119104448012017
1786167509.2795177,5.28741871745489,3.4309470699665368,1.854404144638609,0.3948166323949077,-0.09351309756384406
1786167509.2992306,5.285640287848022,3.4387510924010316,1.8532721828648313,0.40737429667253766,-0.057422314356251614
1786167509.319311,5.283835231146717,3.4467020611514165,1.8525897315524853,0.40733190945354836,-0.033986064010755844
1786167509.3391201,5.28211060652614,3.4543229638119515,1.851728933288902,0.395668651109735,-0.04345436776519648
1786167509.3590364,5.280324257871898,3.462261669042774,1.8499695376820748,0.4097755660587088,-0.08833949878851266
1786167509.379786,5.2785740319692565,3.470101715242583,1.8481632056365402,0.38819969337680515,-0.08705395523284894
1786167509.3989778,5.276829587354915,3.4779720266698417,1.8467518166150163,0.42110606892371877,-0.07354147558303584
1786167509.4189894,5.275210693164578,3.4853209824762366,1.8453957437374524,0.3769288664972419,-0.06776412574796944
1786167509.4393654,5.273457240504781,3.493337523845925,1.8435970238975432,0.40360875028623244,-0.08827653861214708
1786167509.4589772,5.271859378934188,3.5007057572993046,1.8416396384459186,0.38518368742941267,-0.09980633651791428
1786167509.4789119,5.270175113553482,3.5085364379491404,1.8400287527135528,0.4024944069459744,-0.08080831065881078
1786167509.4991305,5.268542186636882,3.5161809216786812,1.8386349941875864,0.38721786339989106,-0.06893443581589873
1786167509.5193198,5.266902802384155,3.5239077692696656,1.83709176964463,0.3917736906670795,-0.07643779963886259
1786167509.539124,5.265266346177704,3.5316859332367114,1.835048528960263,0.40181078530657666,-0.10317188437250746
1786167509.5590322,5.263729062095937,3.539061497988037,1.8331476964522082,0.37878262848596933,-0.09547992708908103
1786167509.5790284,5.2621059392679,3.546922768515363,1.8311059787951391,0.4016967115219537,-0.10210545529886317
1786167509.5992954,5.2605389923803525,3.5545747637222,1.8297092252736016,0.3855681128504784,-0.06891759266874102
1786167509.61934,5.258888856963775,3.5626826644046474,1.8285143818946334,0.41290841075400775,-0.05960934382950886
1786167509.6388824,5.257371072286307,3.570173638239082,1.8277909799022147,0.3911790253254136,-0.03701694426306301
1786167509.6589167,5.255756187592898,3.5781844591087397,1.826363007305485,0.4079220048507333,-0.07127634385759143
1786167509.6790044,5.2541775544102185,3.586068049701868,1.8250184056515313,0.40020533318318086,-0.06693650266556066
1786167509.6988878,5.252613408659981,3.5939392134061294,1.823242012211263,0.403486326633932,-0.08934055316249635
1786167509.7188838,5.2510201224666275,3.602036394797391,1.8210703110345199,0.41248374779100255,-0.10860717228557494
1786167509.7389297,5.249504030609765,3.6098273028662784,1.818853914540365,0.3956216769394766,-0.11056554765186322
1786167509.7588484,5.24791156085746,3.6181103383490174,1.816348967323347,0.4229926971898418,-0.12575869450151245
1786167509.7789664,5.246401758985025,3.6260602308847405,1.8141233680884299,0.4016673702481395,-0.11062727122704516
1786167509.7988572,5.244866245604813,3.6342363271770557,1.8120680030862064,0.41754490601744465,-0.10333252205838336
1786167509.8188496,5.243383767415729,3.642213226377004,1.8101324740291753,0.4050605817637354,-0.09681347659052345
1786167509.8389013,5.241912897311784,3.6502165244630356,1.8078708155572611,0.40494450512977304,-0.11279125804527297
1786167509.8588996,5.240466391747548,3.658185138624292,1.805551464904203,0.4039914532558677,-0.11597732115932945
1786167509.8789127,5.239091275934174,3.6658538197292856,1.8033828526352016,0.38824148773223366,-0.10835967065343399
1786167509.898868,5.237664545639495,3.6739128431697945,1.8009186735902292,0.40890557593622584,-0.1234843430034239
1786167509.9190812,5.236298886316744,3.681737273895574,1.7983185678561386,0.391651691469449,-0.12863451145220806
1786167509.9389832,5.234900343876502,3.6898737793032463,1.795542073726851,0.4133182681548523,-0.1395083609757212
1786167509.9589312,5.233583549924141,3.697642460984315,1.7934644531699198,0.3934503598102556,-0.10415179294853616
1786167509.9790356,5.232240469924478,3.705642352941624,1.792204068837375,0.4018208737976512,-0.06269193880186838
1786167509.9990618,5.230961361149743,3.7133122764574114,1.791101026021659,0.38662710896177793,-0.05507996683327452
1786167510.0191152,5.229653804697662,3.721210240560154,1.7896524769244821,0.3974443403819685,-0.07223463645804519
1786167510.0392492,5.228372564039423,3.729035478259259,1.7873413048192448,0.3920043432591406,-0.11478967418628798
1786167510.058831,5.227152613655232,3.736591197320182,1.7850106933443688,0.38892551389145386,-0.11901929858666963
1786167510.0789945,5.22592118736279,3.7443125521991925,1.7832773575154648,0.3857696919197564,-0.08596388166906817
1786167510.0988896,5.224744489416224,3.7517261476411132,1.7833494792472793,0.37531145204405914,0.00362510447756646
1786167510.119201,5.223465347068773,3.759720204260171,1.785668950884174,0.3965464664702605,0.11419580670150214
1786167510.1392996,5.222233204265116,3.7672555213676344,1.7901089591472727,0.37812027751736416,0.22091037269214395
1786167510.1588356,5.220946859051245,3.774883381748664,1.7956076562734447,0.39436685541741984,0.2814645759225235
1786167510.178944,5.219647345974395,3.782304307024483,1.802685544482131,0.37345109370317153,0.35198556840975137
1786167510.19933,5.218189860965522,3.790274477603363,1.8106381011554935,0.39654647546443034,0.39009929554188516
1786167510.2194736,5.2167534065866805,3.797793568528141,1.8184781066961178,0.3795516941001774,0.38920753952113046
1786167510.2390325,5.215278371761066,3.8052136541693304,1.82554743607755,0.3866824482172125,0.3614378626683552
1786167510.2592714,5.213718680240065,3.812779769506216,1.8325616760524779,0.38193800624443314,0.3465725989986537
1786167510.279038,5.212173204255551,3.820022757274121,1.8393504086530683,0.37524234864783507,0.34344516508359363
1786167510.2990446,5.2105032222134495,3.827601133211013,1.8458352055368963,0.38880251188023296,0.32413196259296007
1786167510.31913,5.208796493466251,3.8351150979274937,1.8521751427497826,0.38486332884432894,0.315650064239096
1786167510.3389573,5.20704824360825,3.842577641192919,1.8592778429535795,0.3881465624894847,0.35822712146880326
1786167510.3594491,5.205211032875949,3.8501603018310924,1.8672527684077846,0.3826708854882441,0.3891756941008753
1786167510.3789074,5.203348965290145,3.8575787769512453,1.8755898613899116,0.39548935222057674,0.42845960795091004
1786167510.399134,5.201448586234353,3.864898768806721,1.8832903992816745,0.3765865085975222,0.38071569712827846
1786167510.4196625,5.199339042871017,3.872770443286612,1.89110098510796,0.400239126209744,0.380474215457459
1786167510.4390557,5.1973995435945755,3.8797940651055915,1.8982978396300516,0.3791787602812802,0.3711018515806934
1786167510.4590938,5.195192282672823,3.8875529511352234,1.9063901234200438,0.4066772690648922,0.403844302756828
1786167510.479024,5.193046149416945,3.894868067028367,1.9145277542111656,0.38682126975121733,0.40830808055370604
1786167510.4989946,5.190742549831737,3.902493916662614,1.9221466199634445,0.4038083824333881,0.3815030395311343
1786167510.5191271,5.188462904772294,3.9098331855346204,1.9298950772047274,0.3868194463331409,0.3848722815772165
1786167510.538985,5.186107921684593,3.9172141587152494,1.9372821695122726,0.39574638025362757,0.3719979687105785
1786167510.5590281,5.183666268278849,3.9246664192205705,1.9451648882115633,0.3972684553228214,0.39328771778833455
1786167510.5790505,5.181256053682501,3.93183165307605,1.9527436040893935,0.38375252955097267,0.3785120066830929
1786167510.5990252,5.178682120443021,3.9392884970259145,1.9606410423785336,0.40180891978960076,0.39537189073634293
1786167510.6191647,5.176245407889189,3.946172103896151,1.9681383229092655,0.3692701489775341,0.3722682780974875
1786167510.6391723,5.173564445053156,3.9535716338644806,1.9750898318980579,0.40100079160446095,0.3474432417088924
1786167510.6590388,5.171027019820171,3.960429479766727,1.9813837367308407,0.37554327110033503,0.31681048191157074
1786167510.6790867,5.168268619886877,3.967732479006471,1.9882858622317676,0.39764907781050346,0.3442816677612226
1786167510.6995194,5.1655954476694,3.9746537869508547,1.9958919151666599,0.37117359831228897,0.3722488448096708
1786167510.719173,5.162854596782314,3.981592676015197,2.003141664426342,0.38840014796944783,0.36887717684525373
1786167510.7400305,5.160035904590853,3.988575164374512,2.010484019925948,0.36973668073635313,0.3520234907515423
1786167510.7595584,5.1572093081048305,3.995432553423835,2.017354391860029,0.38935776616258394,0.3518231690548195
1786167510.7792046,5.154469848979113,4.00194804801911,2.0241657844054535,0.3691293779421559,0.3467033688362272
1786167510.799109,5.151520690223686,4.008825830118125,2.0310844521753024,0.38610432797253724,0.3475953273252125
1786167510.819108,5.148649005511127,4.0153933181634756,2.037997025061862,0.3684093414640995,0.3456454556208774
1786167510.838923,5.145622528332546,4.022181781642004,2.0449901947767475,0.38591409220248274,0.35292359171964743
1786167510.8591094,5.142629705444934,4.028763021852304,2.0523760282816577,0.36882673128757854,0.3658812185592892
1786167510.8794131,5.139484440821454,4.035550651070717,2.0587859545626426,0.3797796436181019,0.3157019661817256
1786167510.8991299,5.136465845571147,4.0419563733417405,2.0648234045116456,0.37049815690678617,0.3062093457024828
1786167510.9189618,5.133353848750547,4.048451890214405,2.071169854521688,0.3749560573373594,0.32001227038531455
1786167510.9391577,5.130177749251272,4.054963196401154,2.078408196840848,0.37068048887397065,0.3584054415477255
1786167510.9592795,5.126973314870241,4.06140766820721,2.0858558962913976,0.36996651484918774,0.3701306396700698
1786167510.979237,5.1237949069653945,4.067677819878733,2.09330764987983,0.3646883293133251,0.3733803206739367
1786167510.9990513,5.120620981668249,4.0738250250661165,2.1002210075325247,0.3618399831972017,0.34890831886755225
1786167511.0193725,5.117268557629631,4.080203100234602,2.1073749245188003,0.36780095495642945,0.35204325356609617
1786167511.0389664,5.11405595646584,4.086204103728545,2.1148169572991184,0.3606918944617268,0.37981270893758545
1786167511.059192,5.110779985878108,4.092203707093497,2.1232764519158853,0.35127728548238046,0.4182583471930914
1786167511.0791643,5.107443445760414,4.098189760610456,2.1315437680637626,0.35702501348163046,0.4139386079540269
1786167511.0990689,5.104042121680623,4.104172176475297,2.1395491873340826,0.3601167231778982,0.40218913431207076
1786167511.1190312,5.100614967354614,4.11008674854874,2.147238196397326,0.35704122489320395,0.38517630267057873
1786167511.13907,5.097181984157376,4.115903963423024,2.1548083281486754,0.3518067531863713,0.37777289301728983
1786167511.1592104,5.09359161956446,4.1218773178849375,2.162650835213169,0.3615194870496073,0.38939163954585176
1786167511.179202,5.089987303376672,4.127764399223104,2.170414200760734,0.36109862541514864,0.3883306719015046
1786167511.1990504,5.086336190891296,4.133619593480168,2.1782904965419476,0.3639407609375155,0.3968237705745418
1786167511.2194166,5.082718862682196,4.139314437164781,2.186288996952956,0.34714231031549503,0.39273421680472725
1786167511.2390893,5.07904542061285,4.144992667978571,2.1941381455798803,0.36061773817078274,0.3989882258856589
1786167511.2594895,5.0751835885050385,4.150854799545795,2.2020818843527192,0.361336707331932,0.38939350563747593
1786167511.2789452,5.071448384148549,4.1564236954409575,2.2098855881543313,0.3622833605468726,0.4011017495669681
1786167511.2989647,5.067634714086656,4.162007783365628,2.2180021658746147,0.3554125046036332,0.40543295539365953
1786167511.3188725,5.06373012708937,4.167620057460193,2.2263053988434307,0.3617431277941618,0.417086231619929
1786167511.3390036,5.059717527424448,4.173281724488194,2.23450844753118,0.3634751827981121,0.40748116826021347
1786167511.3589904,5.055732774453367,4.178805238289164,2.2421850857523555,0.3596795218664786,0.38408410251133585
1786167511.3790154,5.051749091294117,4.184236850876095,2.2493439562901774,0.3553797213104476,0.35749639047364107
1786167511.3990479,5.047729936450735,4.189631380428894,2.256356145975014,0.35510803071022384,0.3500423132497187
1786167511.4190934,5.043746119015597,4.194890937925538,2.2642925123854876,0.3483935894264753,0.39591723516438604
1786167511.4388907,5.039820250711632,4.199982987413801,2.2724689096576083,0.3441146727142707,0.4130051517901477
1786167511.4589367,5.035914047639946,4.204961451162779,2.2803014741071426,0.3348067380697343,0.3907296280990022
1786167511.479111,5.0319174619438245,4.209974709789369,2.287023119227511,0.3373694977877319,0.3331791840285536
1786167511.498976,5.0280412429838135,4.21476933174023,2.2931354048004033,0.32974926359981305,0.3076906364321424
1786167511.519179,5.023964392333579,4.219744588931679,2.2993929475218917,0.3385218263446524,0.30973160172423664
1786167511.5389047,5.020310308777936,4.224143515644909,2.305676727961642,0.3084938608021705,0.31856028807113207
1786167511.5590534,5.016331597416537,4.2288673642958265,2.31215602111794,0.3264367564896279,0.321572893179892
1786167511.5790727,5.012492610106931,4.233361242923552,2.3187453696182,0.3146664488035255,0.3291499133234465
1786167511.5991013,5.008691388398499,4.237747422561338,2.325445591487095,0.3091202595729271,0.33453285938617233
1786167511.6190019,5.004787220559796,4.242187063956327,2.3322709437828903,0.31716231702533193,0.34297286939661914
1786167511.639289,5.000722847462617,4.246743291182334,2.338687658479416,0.321565962194578,0.3162962994299593
1786167511.659044,4.996622616515668,4.2512764059766495,2.345123658340664,0.3308523578569703,0.32578886979120975
1786167511.6790457,4.992492830710657,4.255779473583664,2.351512936308975,0.32690859091555624,0.3194375471088449
1786167511.6989472,4.988439193188102,4.260135827636754,2.3585923940029585,0.32024418219101575,0.3557245782912399
1786167511.71947,4.984170002418451,4.26465376680304,2.3658044920102506,0.32467836061265376,0.35141824975165514
1786167511.739418,4.979929486732877,4.269074349432096,2.3725586120543287,0.3294627434903462,0.33858623030740576
1786167511.7599676,4.975623670657912,4.273496845666035,2.3795835285928577,0.3225293780087095,0.34185280988991473
1786167511.7789886,4.971417657573746,4.2777547553025155,2.3859815783015654,0.33814321788308643,0.33636707803246024
1786167511.799328,4.966926708241293,4.282235257365484,2.3931053414965313,0.3354533318369952,0.35024297812331423
1786167511.8191214,4.962592819258161,4.2864945038153035,2.399912294018844,0.3304632382917904,0.34390233792441266
1786167511.8391771,4.958038903538931,4.290900835545886,2.407512521393093,0.3403978142734994,0.37895463714601874
1786167511.8594704,4.953316069504046,4.295396873016495,2.414942062461914,0.34649280089180245,0.3661092370778463
1786167511.8791285,4.94860980115984,4.299806731788532,2.4221166048226457,0.3540883713210751,0.3649664255783919
1786167511.8992095,4.943890753324752,4.304157903713658,2.429768189791416,0.3452887565985593,0.3810352318863129
1786167511.9190276,4.939080131249303,4.308521198929125,2.4372121880839965,0.35431477446767523,0.37561675847318665
1786167511.939166,4.934193587003815,4.312884257902451,2.444154891766409,0.3519954244916594,0.3447477692584518
1786167511.9589763,4.929280153454823,4.31720484045651,2.451152088880859,0.3576807132381159,0.35321184072603523
1786167511.9792807,4.924371590150216,4.321455877151029,2.458023336659895,0.3466192204511556,0.3384110710590809
1786167511.9992619,4.919442847563465,4.325662991410551,2.464294566733813,0.35177223553792886,0.3138573792637158
1786167512.0192447,4.9146243351980035,4.329722929880655,2.4697593590590063,0.34224469790586937,0.27347460219925157
1786167512.0394669,4.909504660526711,4.333983548372563,2.4754372099732778,0.357731960937002,0.2807733358619104
1786167512.0597692,4.904558057295773,4.338045169060939,2.481832755756779,0.34263876852105485,0.31501589193602175
1786167512.0794034,4.8998866600824185,4.341823221913679,2.489002858248936,0.3328288049572262,0.36518347536504153
1786167512.098755,4.895129879287352,4.345613691510438,2.495078369062025,0.3421287028016879,0.31395583502180263
1786167512.118906,4.890050577058865,4.34960611973172,2.5011673476124936,0.34922382194436463,0.3021654885251822
1786167512.138971,4.885128435213691,4.353424604197506,2.5066767952096547,0.33840697337829606,0.27457904792786814
1786167512.1589568,4.880300612806177,4.357124318019517,2.511952865659587,0.3319235180756873,0.26399259647883166
1786167512.1791177,4.8755417782602315,4.360724216514378,2.518050194934403,0.32300350841124953,0.30243318511695877
1786167512.198947,4.870726833852585,4.364316718683729,2.524003389461952,0.33085194023568654,0.30022252759015833
1786167512.2189543,4.865829389164361,4.3679195101208315,2.530350811489069,0.33208564746603536,0.317254163018546
1786167512.239334,4.860866386534751,4.371519796488411,2.536122309426134,0.32899646944911093,0.28319724006393
1786167512.2589371,4.855893806985985,4.37507932053114,2.541817532860777,0.34135189600757476,0.2905279482469802
1786167512.27913,4.850717654081462,4.378734545726674,2.547769703957435,0.3435952580878043,0.29476610236021644
1786167512.299008,4.845560022654744,4.382326572612505,2.553628463343038,0.3464278121162306,0.29473718336737237
1786167512.3189802,4.840527018159184,4.385780904482055,2.560176910671545,0.33509579426374314,0.3278760752506038
1786167512.3389065,4.835254725659028,4.389344857693902,2.566452438312083,0.3503882914045842,0.3149367730932514
1786167512.3589861,4.829889276628768,4.392916544935554,2.5730325118163773,0.35241802940684147,0.3276992236922156
1786167512.3789794,4.824690073626391,4.396323983599951,2.579437426148318,0.34158707011572575,0.32035295144311293
1786167512.3994267,4.819383951036216,4.399748305030367,2.585770373787069,0.3395428704237614,0.3097211773629991
1786167512.4189196,4.814130172462216,4.403088532373438,2.5917015517337507,0.35134992539487636,0.30427431091968016
1786167512.439082,4.808821493889111,4.406414892678834,2.5976235722672687,0.3420251048532181,0.29371686842164363
1786167512.4589362,4.803471504253625,4.409718163888958,2.6036017911652323,0.34881653334101664,0.30110438230681824
1786167512.4797564,4.79798714101,4.413052943183477,2.6099171047566343,0.339783779498514,0.3033271311828469
1786167512.4988825,4.79278404213156,4.416168556664007,2.615818529898032,0.349695177906913,0.3085522628272661
1786167512.5190456,4.787319261185806,4.419390883897945,2.6220833560448393,0.3472147201297772,0.31070811596145725
1786167512.538967,4.781794519793132,4.422597569104226,2.6281867842736037,0.3540804997976652,0.3063769619610572
1786167512.5590441,4.7762927250928975,4.425739339240714,2.6347454554334058,0.3486785730513373,0.3266721372787389
1786167512.5795355,4.770481412304873,4.429000625977933,2.6415899342579605,0.3595725903454635,0.3340177657364365
1786167512.598929,4.765044290571104,4.431999096138425,2.6480687456678025,0.35423639124534245,0.33407224572235805
1786167512.6192827,4.759240571531867,4.435146928608871,2.6541518556267256,0.35912582540679616,0.2988686005991565
1786167512.6392775,4.7536694001769995,4.438119168258751,2.660406445400169,0.349841650407744,0.31281182515871553
1786167512.659213,4.747984689986223,4.441102777989405,2.6662588294752876,0.35696250103704513,0.2935643649039654
1786167512.6791036,4.7424665407635755,4.443950414320236,2.672799387951284,0.3462476346538717,0.3288274848442553
1786167512.6992412,4.736705004361451,4.446871667865021,2.6790544813308426,0.3560007436079396,0.31061841495397685
1786167512.719051,4.731300232345119,4.449564161247535,2.6854434174198167,0.3384834288472193,0.3225151669763075
1786167512.7390242,4.725806864884904,4.4522526388001245,2.69165070074611,0.34023279962821956,0.3107793979589041
1786167512.759173,4.7202916573137035,4.454902782536452,2.698299400258239,0.3376353644071674,0.3299806763521578
1786167512.7794178,4.714741831681468,4.457517946782926,2.7051955691696263,0.3371374085130536,0.3406384045988875
1786167512.7995002,4.709161226060381,4.460094765812536,2.712185446535186,0.34072938131978725,0.34805858336353723
1786167512.8189967,4.7037282415549235,4.462554294810254,2.718535203963865,0.34072938131978725,0.32568803020687165
1786167512.8391464,4.697988432205777,4.465101458472508,2.7254397965246446,0.3473517928335261,0.3426646495970669
1786167512.8589966,4.692476211333708,4.467498104998045,2.731947692671074,0.33769741015642996,0.3278495140233056
1786167512.8795028,4.686578692589428,4.470012173681027,2.7381877050987335,0.34886745986631973,0.3042996556799691
1786167512.898936,4.681155919385523,4.472281031636919,2.743855033221828,0.3377157951193906,0.2916303354967377
1786167512.919193,4.67521721848963,4.474719294077561,2.750039745391807,0.35401141742579856,0.3053124028222935
1786167512.9411254,4.6688685708598205,4.477267561821922,2.7578586325040204,0.3486358025694409,0.3564999781533519
1786167512.9593909,4.663582032266056,4.479339157228235,2.764662320628255,0.3476745140301176,0.372488758980196
1786167512.9793239,4.65787785201075,4.481523093783395,2.7717483583487335,0.34292199292752557,0.3554930489223996
1786167512.999304,4.651871318846798,4.483769994196765,2.778294426316753,0.3594061857542022,0.3276278780298295
1786167513.0192041,4.646123030608004,4.485871531793889,2.7849656531295723,0.34457767496560715,0.33523612093303806
1786167513.039631,4.639913386510919,4.488086697160755,2.7921797601614373,0.3618188680864459,0.3531695921866445
1786167513.0590808,4.634291107002271,4.490041017284537,2.7993426455126396,0.3432668763136618,0.3682727010638932
1786167513.0796177,4.627963904575443,4.492182927455042,2.8065512210867745,0.3650544649294235,0.3510060294514988
1786167513.0990994,4.62205849736822,4.494129794243667,2.81341147312365,0.3584220860192604,0.35213900723609054
1786167513.119199,4.6159040197539145,4.4961058071923485,2.8202960395980345,0.3613356207985571,0.34252188154505636
1786167513.139126,4.609798344253317,4.498012442476311,2.827524901692502,0.3608608712102771,0.3627667527910257
1786167513.1589897,4.603608222398073,4.499890902518487,2.834496891775373,0.36631293092108125,0.35099318112852174
1786167513.1789057,4.597521283856762,4.501684500585063,2.8417646694434073,0.35858680494309275,0.3649204987687286
1786167513.1989045,4.591370748997258,4.50343744017353,2.850212740896929,0.360117146418885,0.42242915427558925
1786167513.2191646,4.585159078801038,4.505142901936586,2.8588579093074715,0.35826105247230094,0.426709161832154
1786167513.2389078,4.5793483107802135,4.506679417865846,2.8668649070066983,0.34324738167047625,0.4055571553557857
1786167513.259366,4.573247643018786,4.508238066781655,2.8735919325034867,0.3472051859367014,0.3288177087134496
1786167513.2788682,4.56730953313207,4.509709072883459,2.879691605366867,0.35403194011381767,0.31276904434789665
1786167513.2993567,4.561179011339089,4.511179691607154,2.88658131788363,0.3474394419665029,0.3362721681260482
1786167513.319169,4.555218589741034,4.512560787809727,2.8932855827646993,0.3488547058093315,0.33838824784567445
1786167513.339296,4.549317776992642,4.513881692138663,2.899690884653454,0.33953962865577986,0.31824332594812005
1786167513.3589964,4.543349628552315,4.515171843010482,2.9061260657257355,0.35044044595038804,0.3266541494171665
1786167513.3788853,4.537370771827722,4.516416927280684,2.912983658403084,0.34733463953620947,0.344795353595916
1786167513.3988788,4.531368015458059,4.51761679935177,2.92019698806654,0.34648929647028687,0.3607829506761195
1786167513.419117,4.525381665006298,4.518764106929402,2.926874497235901,0.34098890441139723,0.3299464383470178
1786167513.439056,4.519370937334644,4.519868064942526,2.9337069078899103,0.3471612495370984,0.3426665949510374
1786167513.4593647,4.5133942689294635,4.520916540498403,2.940840886740186,0.33857109401353486,0.35127641173064217
1786167513.4791307,4.507615134819866,4.5218805256604355,2.948374331152537,0.33603786797576624,0.38112967893981964
1786167513.4990823,4.501724515481262,4.522812276728225,2.9555527889210116,0.3390229175618238,0.35979391432119684
1786167513.5192914,4.495756428543734,4.523705644815373,2.9628669890958568,0.33881784006999943,0.36192653693426535
1786167513.53943,4.489691176315024,4.524562638953588,2.969918339354446,0.34527170389098555,0.3501427373412073
1786167513.5591757,4.483973783373753,4.525322784448042,2.97717148468312,0.331704528726714,0.3673254825481764
1786167513.5789146,4.477946137127404,4.526073667432565,2.9843133488074725,0.349596419240506,0.3618164929065883
1786167513.5989175,4.471846762364932,4.5267828686255775,2.9914443113120317,0.3488816825737905,0.3564974678386271
1786167513.6189387,4.465792243258133,4.527437511200955,2.998347838423789,0.3458165077848539,0.3448108529794452
1786167513.6389484,4.459880773784777,4.5280269017732095,3.005973815738962,0.337675729248258,0.381112957176371
1786167513.6589737,4.453738871437237,4.528584822730493,3.0136670919447996,0.35041180769205826,0.3841787213455049
1786167513.67903,4.4476533817133355,4.529083972838257,3.0212235144661035,0.3465274795196817,0.37676152738631413
1786167513.6990569,4.44165938968654,4.5295247307991024,3.0283645266401487,0.34171609808536846,0.3565706249556545
1786167513.7189171,4.435702038181346,4.529913883045749,3.0354459760694694,0.3423997244420009,0.35656364546452496
1786167513.7395487,4.4294774520869735,4.530269585263289,3.042538294656651,0.3443272666317673,0.34376079296804823
1786167513.7592673,4.423465537845219,4.5305653231612935,3.0492320463299,0.34792239568559225,0.3394630307126085
1786167513.7789543,4.417377312579375,4.530816974445865,3.0561656971452598,0.3528883505516962,0.3521955039718214
1786167513.7992733,4.411244944339088,4.531021406105092,3.0631072639714163,0.3443917677245081,0.3416296055713387
1786167513.8191404,4.405117981159249,4.531176220240721,3.070168080920761,0.35193464569441013,0.3554010341405964
1786167513.8388743,4.399165534827843,4.5312795704083335,3.076825706788373,0.3442591074928442,0.33736990222336877
1786167513.8588839,4.3932628399689015,4.53133665723995,3.0835139066164343,0.3367349480459008,0.3342509269074531
1786167513.8790538,4.387479065628196,4.531346619274234,3.0906229293558702,0.3273995199360375,0.3524557324803617
1786167513.8990555,4.3818382824572994,4.531311973518695,3.097162342374152,0.3220814996058932,0.326943680405162
1786167513.9190695,4.375984379266337,4.531233355799917,3.103255618438634,0.33414514586736443,0.30444996331361374
1786167513.938976,4.370430599402276,4.531118710693549,3.109658560485173,0.31883698644140496,0.32165048311937255
1786167513.9589665,4.364514731257019,4.530951834349019,3.1163613529077097,0.33833806436857977,0.3352998243089999
1786167513.9789217,4.358719108971457,4.530743856900629,3.1229472762087935,0.3322032861502165,0.3300361352174308
1786167513.9991212,4.352770788525882,4.530485336196399,3.1294622384069193,0.33700418647777847,0.32253026931824597
1786167514.0192761,4.347017578911878,4.530195556566265,3.1348699245525644,0.32683851730590946,0.26830556959664503
1786167514.039003,4.341213046606731,4.5298690321337425,3.139593278051532,0.3370700215047939,0.23943897116431023
1786167514.0590873,4.335350782782355,4.529503428495034,3.1453869596833153,0.33453433899316987,0.2884670233014562
1786167514.0794826,4.329343370364518,4.529084409194305,3.1523125069381503,0.33781770905565606,0.3395661946266627
1786167514.0996153,4.323658671198199,4.52864083999449,3.1596450130522347,0.32409959865193444,0.36420733186091214
1786167514.1192322,4.317779355385985,4.528133538266686,3.1665139009275487,0.3443079206523829,0.3501525770972369
1786167514.13906,4.312192567741761,4.52760903904658,3.172679278365579,0.32396853563594913,0.31094544814869246
1786167514.1592574,4.3062040821738385,4.527003236007454,3.178977527623497,0.3412001781874602,0.31183478593243885
1786167514.1793041,4.300412104086261,4.526374278304897,3.185379996056942,0.3327900717579354,0.31937750006272114
1786167514.2001274,4.294348700616128,4.525667758929011,3.1925178530412386,0.3357398125878658,0.34278320224258024
1786167514.2190585,4.288784193486609,4.524976383661574,3.19854261784143,0.33926788876926556,0.31824610027960837
1786167514.2389698,4.282875889811758,4.524198956139997,3.20498463255418,0.3428558295369386,0.32353579133734384
1786167514.258957,4.276827913368976,4.523358777379214,3.210981302401467,0.3500117916600278,0.30002691486726835
1786167514.2791467,4.2707621520866095,4.522470290500089,3.2177704574647765,0.34792466183750204,0.33626721426820955
1786167514.2990015,4.26464089751651,4.521524190875027,3.224635385289605,0.3574972774377464,0.34575686246372134
1786167514.3190448,4.258617889728512,4.520543351308886,3.2317380831523987,0.3489350073980183,0.3543663945461591
1786167514.3392034,4.252404016472429,4.519479785133007,3.2386004649160096,0.35845569667394356,0.3404207552913774
1786167514.3592381,4.24635259054486,4.518394741299513,3.2453794083484446,0.35175902330932185,0.3383585961828443
1786167514.3798907,4.239976127341084,4.517198525876202,3.2524536077392896,0.36012589360318664,0.3425342322687337
1786167514.399486,4.234188507174367,4.516065138254801,3.259085215927122,0.34505419308842095,0.3384270492238924
1786167514.418977,4.228224086305656,4.5148496793753266,3.2656581300262317,0.35806986408303054,0.3372289011455449
1786167514.4393713,4.222215817448957,4.51357729019316,3.2722993673557115,0.3452933447634553,0.3256414343697426
1786167514.4590487,4.216222666800309,4.512259614819983,3.278998137449296,0.3575869768015838,0.3404296244968789
1786167514.479483,4.210194995328338,4.5108836250404,3.286130882503761,0.3469652036786902,0.34906018309966774
1786167514.4989743,4.20431916040455,4.509491933390724,3.293036731623084,0.35526726270387743,0.35430174531297975
1786167514.5194695,4.198293070680519,4.508011923192966,3.3004090583424914,0.3472094249668001,0.35971033407994235
1786167514.539466,4.19222805535413,4.5064680004681525,3.3075995786033188,0.358931659341545,0.3595906557936335
1786167514.559243,4.186408697354254,4.504935393044839,3.3146500342253056,0.3489610761538795,0.3564966572689605
1786167514.5788975,4.180549238239378,4.503340346171297,3.321865095395308,0.3543399136282522,0.36709438632638486
1786167514.5992897,4.1745528467906325,4.501653469404876,3.329243171877464,0.35031874162327475,0.36180911834793605
1786167514.6189227,4.168679896277443,4.4999492658537035,3.3360105798625685,0.35720305582655726,0.344694601886604
1786167514.6389806,4.162736288617639,4.498172321843954,3.3432027232502186,0.3546784728741541,0.3585688143136268
1786167514.6588473,4.156755118069608,4.4963297503346835,3.350388460087996,0.36125483794400387,0.361697466147107
1786167514.6790614,4.15085563025144,4.494458524074353,3.3575512054898735,0.35109385464144843,0.35434435377046425
1786167514.6989992,4.144889230791343,4.4925113433430655,3.364741465061312,0.36094256026461397,0.36063538991362504
1786167514.7188983,4.139022306735496,4.490542147798082,3.3720034735173217,0.3565782457499453,0.36494100517685024
1786167514.7389214,4.133045538099106,4.488479665831733,3.3793522737902744,0.362020426458381,0.36701597204254627
1786167514.7592387,4.127177955409568,4.4863989815438154,3.3866597793434003,0.35127341405454615,0.359668842736735
1786167514.77901,4.121462398112952,4.484315295982461,3.394592030898511,0.3527047906200926,0.40119954208650654
1786167514.799352,4.115653089502416,4.482135732078348,3.4028188336480505,0.34960326419357673,0.40442700046422925
1786167514.8192022,4.109825384802528,4.4798881188080575,3.410442812316982,0.36060888425047993,0.3840746141754161
1786167514.8390174,4.104164071652254,4.477650421276726,3.417189619270995,0.35203276729997224,0.3404863302624952
1786167514.8589368,4.0984863166405505,4.475356576268131,3.423462595165305,0.3522284578088937,0.314917985893239
1786167514.879089,4.09281623818064,4.473016003376967,3.4301960653252213,0.3487155540186423,0.3341286107733508
1786167514.8994372,4.086955420013519,4.470541678343356,3.4372747729171125,0.3581235918997962,0.3478809969711003
1786167514.9189699,4.081598118854782,4.468228780767067,3.4441562366311875,0.34214987494918037,0.352305138561661
1786167514.9389095,4.076180917332411,4.46583879647801,3.451011583188965,0.34003953285486216,0.343804568635226
1786167514.9589415,4.070771944593245,4.463402825221543,3.457386708569408,0.33906208607249433,0.31824820142460175
1786167514.9789767,4.065301251916202,4.460889057752747,3.4641033713776026,0.3440024679921343,0.33524199351523165
1786167514.9992046,4.059906675191735,4.458357710795094,3.4712523423279213,0.3371790314026563,0.353421152881899
1786167515.019853,4.054362333740948,4.455700868029935,3.4781752697480166,0.34072938131978725,0.3352754101311569
1786167515.03891,4.049263066857559,4.453209914671008,3.4842803377932925,0.34072938131978725,0.32036170802671315
1786167515.0590584,4.043930756669311,4.450556426076652,3.4908859244344734,0.338156509784075,0.32784482684039107
1786167515.0791295,4.0385362713437125,4.447819700999649,3.497678578519965,0.3446894487790778,0.33843077308510244
1786167515.0989115,4.033284763131531,4.445104271814409,3.5042686695784675,0.34173492633440955,0.33313461513573267
1786167515.119169,4.0277736309591265,4.442202406905535,3.510561943855045,0.351503452331923,0.31066433010084554
1786167515.1390934,4.022518875801202,4.439385537021337,3.517114493391615,0.34202745635844284,0.32887057080297005
1786167515.1592262,4.017019396731161,4.436382196576059,3.5240330238067163,0.35566307403477554,0.34364505991233985
1786167515.1793914,4.011631423058477,4.433382827565339,3.531157325538689,0.349362369959635,0.3532967669471525
1786167515.1988785,4.006300123964933,4.430356669621471,3.538455272612899,0.3592972638998156,0.3745006252541459
1786167515.2189896,4.0009110144848705,4.427238088291931,3.5456024486760715,0.3535125519427257,0.35538492448865483
1786167515.2392607,3.9954163115085546,4.423999269490407,3.5523734255841015,0.35917741069200115,0.3340218003276414
1786167515.2592976,3.9900418204575336,4.420772960456092,3.55951487667183,0.35702467631060075,0.3564143318506669
1786167515.2789268,3.9847734054474317,4.417551679653817,3.5665106413834025,0.3589096626599698,0.3563950870609113
1786167515.299012,3.9794255493994264,4.41422128126232,3.5737546923472907,0.357751250213606,0.36066797163019676
1786167515.318899,3.9741212442375113,4.410857322970411,3.5807573269932136,0.3601134584880523,0.35212173914946954
1786167515.3389294,3.9687274317337082,4.407374636293075,3.587916118522582,0.36535218795481944,0.35739457646104617
1786167515.3590114,3.9634469183761496,4.403904629546299,3.594731041323786,0.35851968893689384,0.3393548375256031
1786167515.3788955,3.9580991765872215,4.400325818417777,3.6025146698405695,0.3686185045988194,0.39144969091681725
1786167515.399104,3.952847759904011,4.3967398701742635,3.611030220593869,0.3582868044811523,0.4213825767365658
1786167515.4189332,3.947571416855474,4.393062188688637,3.619235766478714,0.36916254449259467,0.4138146896919469
1786167515.4389935,3.9424255278819977,4.389405664776629,3.626834101394835,0.35801989122147226,0.37877472434928433
1786167515.4588883,3.9374087069158397,4.385776372096612,3.6340314964956115,0.35395614142387005,0.36177198227294904
1786167515.4794672,3.93228413542154,4.382004540345264,3.641169958578305,0.35151127680487987,0.34688324104187673
1786167515.49964,3.927301839125531,4.3782762895675855,3.647823943563388,0.3505535055350554,0.329848788442135
1786167515.5190332,3.9225365158854104,4.374656286261366,3.653786932210933,0.3505535055350554,0.3074782352854694
1786167515.5397084,3.9175353125611356,4.370797345966975,3.660959766843796,0.34696154789404027,0.34692969155137965
1786167515.5591652,3.9128142686676233,4.36709440862731,3.6676471364882346,0.3500517870455318,0.34370234841122077
1786167515.5793657,3.9080423094296073,4.363293097631912,3.6741181923490043,0.3427073152390947,0.3203415142876761
1786167515.6004698,3.9029230057213082,4.35915227148225,3.6806739685870755,0.3538891694124979,0.310639973094946
1786167515.6190116,3.898744469261361,4.355723508299771,3.686398713137534,0.3305395010413062,0.3087478329299508
1786167515.6389945,3.8941350533984487,4.351887260627586,3.69282184634849,0.340153187260633,0.32143285512260106
1786167515.6589746,3.8895928059965943,4.3480504595696825,3.699159609347281,0.33716511111028213,0.31720230417620604
1786167515.679044,3.884973707162102,4.3440917777650245,3.7053319881335764,0.34329544484399993,0.3075523365393484
1786167515.6993241,3.8804790303516303,4.340180703775791,3.7123275327797023,0.33259159669211524,0.3449458728609429
1786167515.7194307,3.875896329432468,4.336127097991298,3.71958207953707,0.3443221582602567,0.36080507609853296
1786167515.739102,3.8714655501404205,4.332140779004542,3.7271199348291604,0.3426780080310736,0.3831924152258226
1786167515.7592096,3.8669273682261958,4.327983861239995,3.735274214177613,0.3459799531422543,0.40552925713600063
1786167515.7795327,3.8624856614290017,4.323842003726758,3.74275980470672,0.33762610617402206,0.3683302905713363
1786167515.7993674,3.858060156860324,4.319648870174252,3.7492607164418104,0.3470980495271076,0.3277535380878206
1786167515.8191183,3.8538763231216064,4.315624201261401,3.756052810196096,0.3317727894433665,0.34388896804690944
1786167515.8394039,3.8493254702900366,4.311173776095274,3.7637373181015237,0.3539980935090265,0.37881578493916157
1786167515.8591404,3.8451822061233227,4.307050551779039,3.7714281144106803,0.33394058270497934,0.38967320668610217
1786167515.8792346,3.8408422276256426,4.302655562581451,3.77910587411148,0.3463971146362333,0.38208918052824553
1786167515.8990188,3.836715478577368,4.2984053244106555,3.786308773125162,0.3372494098140777,0.3640730787130173
1786167515.9196172,3.8323759974804172,4.293861457225694,3.7936751577104744,0.3433644741611299,0.357619060277233
1786167515.9398255,3.828165258934235,4.289380352146026,3.8005793554702914,0.3423360726600401,0.34165059321367924
1786167515.9592655,3.824286452357858,4.28518630583736,3.807678973132928,0.33043860372996947,0.36520787815188804
1786167515.979181,3.8201128116444174,4.280601031948269,3.814587684714991,0.34988639546506073,0.34689983028655386
1786167515.99893,3.8161208191267546,4.276145352354384,3.8215877914249896,0.3402508999670948,0.3544550550405862
1786167516.0193303,3.8119462769449983,4.271409661888006,3.8288390205092973,0.3473904925437027,0.35544742772431226
1786167516.0392458,3.8080303942516185,4.266896346771751,3.835495844691154,0.3366225366044726,0.3342520745733538
1786167516.0590935,3.8039837243069505,4.262161920421686,3.8419365776968544,0.3518825151653223,0.3245088977229119
1786167516.0790741,3.800115583845586,4.2575691816865255,3.848359702138819,0.3368150750462315,0.3214669356175438
1786167516.099014,3.7962110441812036,4.252862402981804,3.8551506932736315,0.3435448229441938,0.34057298802775654
1786167516.1191661,3.7923495845411606,4.248134831484772,3.861843126345617,0.3391055638993048,0.33209619520564226
1786167516.1391032,3.788463022876833,4.243304117184111,3.8682499572056637,0.3479563934530186,0.32135318819947317
1786167516.1595228,3.784647855191726,4.238489412581497,3.8750100361411945,0.3364168486068787,0.33105838123922954
1786167516.1795053,3.7809405652465866,4.233736365450614,3.8818807304478264,0.3371315840838033,0.3438342573715598
1786167516.1990492,3.7774063394971007,4.229131070853839,3.888976409583379,0.3317579559838581,0.36306387933785494
1786167516.2193575,3.7737755505646042,4.2243175474452865,3.8966958198870416,0.33138448267599563,0.38011192329438265
1786167516.2391486,3.7702744634572407,4.219593845033835,3.903965669555222,0.33138448267599563,0.3673287500620023
1786167516.2592378,3.766659564133799,4.21463224896945,3.9112788944859282,0.34063100932216805,0.3640385542340508
1786167516.2795799,3.7630591559304367,4.209600169926864,3.9193130044806894,0.3388254233054024,0.3949496570301191
1786167516.2992923,3.7595415700913213,4.2045870962781295,3.927705994453932,0.3458055366452435,0.4257710621278297
1786167516.3192084,3.7560696468324064,4.1995384820739385,3.936186413044631,0.34217800037806967,0.4258080975009591
1786167516.3392227,3.7524948583842352,4.194236054081191,3.9442369665491586,0.35509985241782854,0.4022403541116417
1786167516.3546755,3.749815479302895,4.190196312294475,3.949696562886534,0.34841014845267015,0.3533064886635503
1786167516.3789384,3.7456583539941866,4.183821194547698,3.958191328084196,0.3481573776776729,0.350113276021582
1786167516.3989298,3.7422686438088992,4.178524979311825,3.9649348856898188,0.3488564806759574,0.3373229652891216
1786167516.4189935,3.7388691054281584,4.173121731854529,3.972065377130747,0.35264982406745526,0.3553937325187933
1786167516.4391146,3.7355043497897595,4.16768356138535,3.97840191366842,0.3520287823944086,0.31492002448167355
1786167516.459124,3.732168498951366,4.162204881734603,3.9848945756943737,0.35484156696924085,0.324478687249578
1786167516.4791987,3.728873783470797,4.156706019994337,3.9911734518808406,0.35324702236926137,0.3127770579746131
1786167516.4990463,3.725677353568838,4.151283439279583,3.997762444029339,0.3506077512482704,0.3319787634919671
1786167516.5190191,3.7224827924928183,4.145770141910029,4.004626652635937,0.35245513656121263,0.34367781138677284
1786167516.5390651,3.7193231692648787,4.140224479326446,4.010854224559578,0.35152253530794864,0.3106641352729829
1786167516.5592408,3.7161539681878493,4.134572319602435,4.016949563112933,0.3543713547123014,0.3021129347303432
1786167516.579149,3.713103013671117,4.129039594739185,4.023601211178808,0.3499343616544766,0.3341161673428124
1786167516.599156,3.710042378073832,4.123390433030292,4.030348976339568,0.35385014452876734,0.33727198242073647
1786167516.6190581,3.7070670104894807,4.117800571667202,4.036913745327699,0.3503430483097586,0.3298509371075907
1786167516.6396124,3.703996609574262,4.111925524890705,4.0439991938952655,0.3548638027723826,0.344718484517493
1786167516.6593542,3.7011087940792513,4.106297563636366,4.0504475493618175,0.35230991390087385,0.32663506306268225
1786167516.6791978,3.698226054937013,4.100578847390628,4.056970968349204,0.354613994792445,0.32874206839445413
1786167516.699111,3.695421445383027,4.094915826693914,4.063242758046139,0.3484609846690425,0.3149564499534751
1786167516.7189107,3.6926071781448035,4.089132328726437,4.069582648607864,0.3564514067688933,0.32020119382755097
1786167516.7392328,3.6898258717766517,4.0833132409606305,4.075940017163124,0.34800900481229824,0.3128305355749436
1786167516.7591145,3.6870877015131764,4.077482486543764,4.081946407319909,0.35504246858462285,0.3021060829855657
1786167516.7792776,3.6844713398420255,4.0718082016722965,4.088642431952597,0.33935147892871576,0.3320936845333287
1786167516.7990463,3.6818651418167745,4.0660476642687575,4.094973703390491,0.3499839246331904,0.32026722366060073
1786167516.81941,3.679266057130909,4.06019460581093,4.101301593312685,0.3438977904928336,0.3107419801926325
1786167516.8394206,3.6767290559215526,4.05437468456324,4.107369897347664,0.34670914043486883,0.30325642663092983
1786167516.8595006,3.674303795947565,4.048702713461825,4.114081945835412,0.3354670120891756,0.3342638719141472
1786167516.8793511,3.6718476410668917,4.04284313083406,4.120376116421145,0.34926084190155304,0.31707881267394844
1786167516.8997014,3.66940153835957,4.036896277545234,4.126266077661066,0.34456429296023694,0.2894298868074125
1786167516.9190493,3.6671002450408885,4.031196702913168,4.132195387458258,0.3461977425423525,0.3064574410616745
1786167516.9392796,3.6647669023209586,4.025302431257285,4.138697844489087,0.3412372128598791,0.32142178775081126
1786167516.9590633,3.6624558173483255,4.019338510137679,4.14543398322928,0.3517985020283892,0.34048872199647257
1786167516.9791055,3.6602358167594105,4.013480726277167,4.15230326557294,0.339848115723569,0.34274125847459197
1786167516.9995892,3.6579837865283746,4.0074018682922485,4.159104845224338,0.343838929997449,0.33204786985016915
1786167517.0193737,3.6559003717203264,4.001653523684178,4.16527547371343,0.3355137809237874,0.31189284127052813
1786167517.0395367,3.653789320896861,3.9956970680868564,4.172143195029011,0.3400084292633607,0.3406090928796052
1786167517.0593727,3.65177154651819,3.9898641719848467,4.179153618418541,0.3372805288854103,0.3534201166421846
1786167517.0794382,3.6497809944410227,3.9839674490351684,4.185903458945921,0.33593956916326734,0.3363895762093422
1786167517.0990357,3.647853147894776,3.9781258107563646,4.1916391669893125,0.3397292974769239,0.29267504305735426
1786167517.1200173,3.6458226489724677,3.971825175285936,4.198785415628831,0.34121353327360243,0.3405967893563895
1786167517.1393647,3.64395701832162,3.965882686065554,4.205559262979281,0.3478763832802898,0.35011614483710524
1786167517.1597972,3.6421039010310365,3.9598153724106018,4.213129193408786,0.3352291216725771,0.3704852914841618
1786167517.1790302,3.640322724598029,3.953814050197916,4.2201696594950455,0.35112007097687237,0.3660619949108357
1786167517.19899,3.638581751862698,3.947778797890341,4.227308559217926,0.3391956522269021,0.357661621912589
1786167517.2193692,3.636779187471202,3.9413413465002347,4.234637859820832,0.35326634308367905,0.3596484959049522
1786167517.2392647,3.635119617380308,3.935225310736093,4.242219289330792,0.342715771515599,0.3810615008070308
1786167517.2591875,3.633435088996693,3.9288035164100683,4.250274829309461,0.358213302790716,0.4043390961764103
1786167517.278981,3.6318681984056864,3.9226180098803325,4.257879925314478,0.34620324837011474,0.3842216886801766
1786167517.2989259,3.630262153651638,3.916051386378217,4.265560882640169,0.3636607299708981,0.385108720757559
1786167517.319233,3.6287147055137554,3.9094879833240532,4.273361276117403,0.35595105818081835,0.38412216830410195
1786167517.3396986,3.6271857075196428,3.9027494485227376,4.2812213982388405,0.36156641096994896,0.38406483829539034
1786167517.3596907,3.625800291709368,3.8964017707457503,4.288710825257359,0.3476948887883258,0.37461907983593173
1786167517.3793352,3.6244146655316243,3.889787764944636,4.29684030464859,0.36768067029626034,0.4138298189035522
1786167517.4000375,3.6230493266046144,3.8829619264529507,4.305696085099923,0.3590208970586458,0.42776666862616564
1786167517.4195192,3.621804391727029,3.8764318042667125,4.313738162632605,0.36396388558821074,0.41280250102363075
1786167517.4394424,3.62062405240259,3.8699510277222537,4.321094717137759,0.35232950709249017,0.36924544046703545
1786167517.4594362,3.619451698279831,3.863212289590298,4.328538800693814,0.364210831204769,0.3723199312603215
1786167517.4790907,3.618354249760747,3.856585371541213,4.336338266747935,0.36350055711415863,0.39682826484052575
1786167517.499133,3.617280941779115,3.849745166429564,4.3444403882539095,0.36706983523389103,0.4042486753068428
1786167517.5192113,3.616301877207838,3.843140065674685,4.352281797380358,0.353010426078259,0.3905437773374737
1786167517.5354314,3.6155191062576586,3.8375807436738825,4.358113040473341,0.3670881254390471,0.3595073822594522
1786167517.559801,3.6143991790258103,3.8291572600001618,4.366769698397162,0.36947693818122335,0.35522193590423334
1786167517.579272,3.6135670256683827,3.822465344796376,4.374039379415374,0.36660547141222277,0.3733607475896874
1786167517.5992723,3.6127738169949843,3.815632056343346,4.382146428797947,0.36373139628166434,0.4053480235736508
1786167517.6193128,3.6120384964854755,3.8087942207665506,4.389971177990768,0.362531736313134,0.39044656941141653
1786167517.6395714,3.611356488781765,3.8019335177062437,4.39734227667886,0.3591797700975597,0.3638491804481508
1786167517.6594315,3.6107368162001885,3.7951927595010173,4.403975912887532,0.3594067748241812,0.33401945863190297
1786167517.6790009,3.6101905480025485,3.788754993712971,4.410619016669128,0.3478374279585137,0.33946389819159273
1786167517.699268,3.6096551084189925,3.781861678773283,4.417475093825252,0.3591072118897432,0.3382835747672451
1786167517.7192106,3.6091963786469754,3.7753569026948024,4.4240969524229365,0.34390458758589026,0.33204719951826683
1786167517.7391288,3.6087675068219944,3.768611327362472,4.430580844548847,0.3566045143701123,0.32552595285389857
1786167517.7596054,3.6083886444195383,3.76193496809302,4.437009426076018,0.34289471955394496,0.3139480143649839
1786167517.7795353,3.608049380260395,3.7551843962303484,4.442860364671348,0.3558109606787252,0.2935761215684624
1786167517.7990525,3.60777203257814,3.748928902541621,4.448219784146669,0.33635004445745054,0.2746000481672795
1786167517.8192532,3.6075140329358337,3.7421892821658966,4.454345153675203,0.3497709949623857,0.3032251665920101
1786167517.839113,3.607307779363734,3.7356939921852588,4.460622482593188,0.3425239721002544,0.31608232838742834
1786167517.8594286,3.6071392239838507,3.729012894270779,4.466762237879643,0.3440754030259444,0.30221805136718477
1786167517.8793359,3.607018990216881,3.7226367470869097,4.4727592434712875,0.33479607325962296,0.301247524354841
1786167517.899097,3.6069369936350135,3.7162131893109804,4.478374461906941,0.3394907065211208,0.28415536346620074
1786167517.9195795,3.6068938892188553,3.7097698738217635,4.484349766609005,0.328272973576851,0.2917267420915902
1786167517.9393396,3.6068910159394365,3.703477401223907,4.490281963038492,0.3320430489545966,0.30021036695203
1786167517.9595885,3.606929600959477,3.697074088337754,4.496749688098524,0.3294755401189623,0.31941133981150854
1786167517.9790797,3.607010273131026,3.690688122825286,4.502931558127594,0.34109560716887555,0.31716217573161104
1786167517.9996157,3.6071369610415314,3.6840403192535947,4.50905191633376,0.3367802944171063,0.29803147311807854
1786167518.019565,3.6073048335200317,3.6773967602766535,4.514825538422199,0.34623838614527375,0.28941279513383716
1786167518.0394964,3.6075119696142726,3.670796446334071,4.5207642099575605,0.34409295141182505,0.2979568144626111
1786167518.0596373,3.6077693455671804,3.663985571434821,4.527107154811392,0.3511707061610052,0.31492878502082106
1786167518.0795891,3.6080680513496937,3.657256952723818,4.533433299414816,0.35002133558158044,0.31707104840499895
1786167518.099474,3.6084124019914845,3.650463946473499,4.539186567967464,0.35438638079704476,0.28932960808897834
1786167518.1192338,3.608785918371682,3.643738411553521,4.542693779195864,0.3529600795232214,0.1774914041448658
1786167518.139058,3.6091899460617767,3.636864068980694,4.545324129199166,0.3595178650968177,0.13268334604449986
1786167518.1591687,3.609612020599082,3.629927775514564,4.546578951665838,0.3575434701471057,0.062396050874294354
1786167518.1793876,3.6100436287009696,3.6229313465241457,4.546806446511559,0.35869299340793875,0.011251621873855897
1786167518.19935,3.610462689721894,3.6160972615390956,4.54571338091376,0.3548768609938323,-0.054755812312454424
1786167518.2192452,3.6108879876762345,3.609002075514652,4.543985189758624,0.3697180865505072,-0.0868652670559625
1786167518.2393916,3.611298849179711,3.6019526517794427,4.542343900610803,0.36279194955529326,-0.0814682324007051
1786167518.2590287,3.611709456138298,3.5947136446245063,4.540802954991353,0.38225119073816916,-0.0784711084386739
1786167518.2793047,3.6121181429061515,3.587311281097768,4.539255824018063,0.37859948814487815,-0.07630329746709742
1786167518.2993162,3.6125250178340216,3.579733863853759,4.537704683804445,0.3927205907415929,-0.07751273146206644
1786167518.3193176,3.612914811235584,3.572257456024069,4.536070112992811,0.387723686040493,-0.08172277325033034
1786167518.339016,3.613304704072424,3.564566822471521,4.534750605504309,0.4050122732630862,-0.06698557917544448
1786167518.3589382,3.613697653024914,3.556612877750884,4.53339300782952,0.41421260525326253,-0.06814477450646232
1786167518.3790104,3.614071284552241,3.548819557495036,4.531749548126134,0.4028611127259268,-0.08187731898170919
1786167518.3990154,3.614457675519945,3.540443028242895,4.529700224559053,0.43452647169083664,-0.10244063111188129
1786167518.4197392,3.6148181925117004,3.5322158706492903,4.527096338989704,0.4120514716827136,-0.12564698993419607
1786167518.4393747,3.615152911489341,3.524152254681876,4.525044681851466,0.42632823374642376,-0.10448745997961326
1786167518.459031,3.615464257100413,3.5162664285847134,4.522992793722173,0.4165553653778723,-0.1043876837679048
1786167518.4791663,3.615758798231719,3.508366451878844,4.520613959935092,0.4074590095215217,-0.11814325208686165
1786167518.498979,3.6160454109849374,3.500121445750743,4.517930495405927,0.43227096973401946,-0.13544080105576395
1786167518.5190847,3.6162963053947115,3.4922425573663114,4.514784173507935,0.4071704591262206,-0.15648982582543203
1786167518.539233,3.6165374213890322,3.4839351851939266,4.51229214207712,0.4285194219192153,-0.12368459078896793
1786167518.5594583,3.616749487565139,3.4760469898656705,4.510463256691758,0.4054323000921967,-0.0904256850368715
1786167518.5794017,3.6169495035572368,3.4681424712112543,4.509062157779015,0.4120767208820968,-0.07025349704253862
1786167518.599395,3.6171304171162024,3.460527025698901,4.507298754954639,0.39607915737558475,-0.0881996651469576
1786167518.6197667,3.617297657379459,3.452792392138443,4.504764385189145,0.39489292178933,-0.12440654508621064
1786167518.6394482,3.617442288768385,3.445177346714258,4.502041790963719,0.4025330031570372,-0.1383329842529819
1786167518.6591575,3.617560710249552,3.437876240840533,4.49923478132675,0.38550682184500695,-0.1424202130037046
1786167518.678989,3.617666753294309,3.429996196958174,4.496531444492138,0.41364025034864277,-0.1363158549485269
1786167518.6991353,3.617749062922891,3.4223166688626554,4.493767149540909,0.3969355386908407,-0.13721057243927678
1786167518.719159,3.617814083823344,3.414275787718567,4.491271301773972,0.4182886661063379,-0.12464540420617612
1786167518.7399502,3.6178586280376175,3.4063433426463625,4.48881705918801,0.3975268519657317,-0.11804184961036895
1786167518.759056,3.6178842742341435,3.3988257675800453,4.486844253790717,0.41007754308984395,-0.1032562839309196
1786167518.7789974,3.6178973318300818,3.390924595073951,4.485251925450285,0.4130348606296943,-0.07985065910556734
1786167518.7990823,3.6178975719727338,3.3832611385716724,4.483544276705425,0.397825283037362,-0.08502169892883536
1786167518.819151,3.617883062633749,3.3749179755281005,4.48165965807934,0.43355635755297717,-0.09390861123220955
1786167518.839231,3.6178542534502367,3.3671505410880935,4.479566218558442,0.4035094339324598,-0.10425449118116946
1786167518.8593614,3.617806409166005,3.3589077570820978,4.477441211219021,0.42724886606537876,-0.10556212362186544
1786167518.8793168,3.6177467521274593,3.351210900845554,4.475637317398002,0.40255310962044794,-0.0903962899087244
1786167518.899785,3.617670978396423,3.3432069595038505,4.473960313642397,0.408218554339815,-0.08193201584331873
1786167518.9193323,3.6175848058330238,3.3354290535166475,4.472357322762765,0.41547128195266836,-0.0820060626490746
1786167518.9391186,3.617491644922097,3.3280345157772127,4.470866272544749,0.3902998071572036,-0.07535748757223062
1786167518.959344,3.6173781724889436,3.3199810698092023,4.469315306322146,0.41593863621705346,-0.07668451192763916
1786167518.9801064,3.61725666308699,3.3122575473813223,4.467529871813088,0.38866753806023213,-0.08599346726247911
1786167518.999652,3.617122409593992,3.3045768425451447,4.46578222607745,0.41067763570445465,-0.0894139729149398
1786167519.0200021,3.6169770950803093,3.2969853406468856,4.464162043943281,0.3899503489017069,-0.07961497751828946
1786167519.0397613,3.616819128892013,3.2893599264821556,4.462586184030822,0.40349997591143716,-0.07975331259066636
1786167519.059041,3.616658581758146,3.2821368072410895,4.461091940901651,0.39180355678870177,-0.07750336899340556
1786167519.079039,3.6164728157838484,3.2745235477680703,4.458241207399197,0.3982589238612697,-0.14255040573551267
1786167519.0990992,3.6162591200524616,3.2669643854283676,4.453480555225059,0.3944358125197823,-0.23731990844323964
1786167519.1198533,3.615998291099843,3.259264680693463,4.44729622568941,0.3886700162375249,-0.2979811153337659
1786167519.1390967,3.6156856936065496,3.251628374746446,4.439752676986166,0.4162004135418699,-0.3920054576116214
1786167519.1593122,3.6153141527671426,3.2440981376776765,4.431014913736817,0.39123609788509184,-0.43223063271377465
1786167519.1790364,3.614849475964133,3.2361631771837556,4.4219368026465755,0.4232206106600549,-0.4602540543006532
1786167519.1991913,3.6143277121736297,3.2285334092001357,4.412085694672217,0.39896838277831315,-0.4887685906747651
1786167519.2191272,3.613707480025412,3.220689085181175,4.401425113787049,0.4155581528440247,-0.5347443348719069
1786167519.2394445,3.613023064779018,3.213105231218812,4.390694643821093,0.395118430185136,-0.5281440686727769
1786167519.2589335,3.612295892084303,3.205917026054431,4.380609980112274,0.39133658133140076,-0.517452813483208
1786167519.2793272,3.6114149225774934,3.198051973916432,4.370075048380598,0.41018999831710573,-0.51658003322415
1786167519.2996464,3.6105204754149067,3.190792342113867,4.359411436189826,0.3809988778710691,-0.5248041216333729
1786167519.3192708,3.6095295609748,3.18342118892456,4.348920148624828,0.401645523961054,-0.5346022937277413
1786167519.3393273,3.6085444617438127,3.1766396495932794,4.339081893894882,0.3625530664434801,-0.49052733695700595
1786167519.3592813,3.6074193175673446,3.16941411728084,4.329373495516688,0.3893422908550062,-0.48653978410679455
1786167519.379493,3.6063112931441665,3.162744141993465,4.31971886332523,0.35582711744114265,-0.47767549507113616
1786167519.3993666,3.60514599119123,3.156148111618963,4.309844021566031,0.35892743044328673,-0.49688190760086426
1786167519.420264,3.60389901441573,3.1495016013687986,4.299552493995018,0.3450457264431324,-0.4924791244405178
1786167519.4390717,3.6027023206386075,3.1434559263983326,4.290910294948253,0.3498003119299798,-0.45950446891860064
1786167519.4594295,3.6013755212941367,3.137060026434343,4.28220780650726,0.3428787043455104,-0.42747586960562184
1786167519.4790657,3.6000853746721466,3.131090849127027,4.275112769018856,0.3326659991375301,-0.361325207840691
1786167519.499109,3.5987099299033294,3.1249262625480245,4.269535055831567,0.33732630280635384,-0.27828216125398164
1786167519.5193267,3.5972805125501353,3.118679173103612,4.264791413175999,0.3395187071345991,-0.2346287027538193
1786167519.5390968,3.595853498401814,3.112552883681717,4.262047919802669,0.34094928905952276,-0.13876950905353877
1786167519.5590649,3.5943986326993613,3.106369732220596,4.260446879610105,0.3409689941055255,-0.0801801662506887
1786167519.579088,3.592875524174313,3.0999407219755097,4.259030781731258,0.35374097818853184,-0.0707231820444
1786167519.5991888,3.5913617241751297,3.0936012303689857,4.256968049002121,0.3476834981661517,-0.10261927121358001
1786167519.6200445,3.5897422494129567,3.0868852578580013,4.254715154623525,0.35527872398081767,-0.10802313693881439
1786167519.6390927,3.5882574811905616,3.080787926975514,4.252617281589057,0.35344011238806206,-0.11013489448473174
1786167519.6592233,3.5866258040238126,3.0741541828510477,4.250226437667444,0.36415928098145817,-0.11876644744769384
1786167519.6790357,3.585030546648853,3.0677323398152723,4.248148913046804,0.358487584723903,-0.10486010453128308
1786167519.6994362,3.583332680066007,3.0609596282158833,4.246051307214866,0.36745939856443316,-0.10282117349553581
1786167519.7192168,3.581709423753945,3.0545377903651163,4.244335100893347,0.359597332126915,-0.08676193909758469
1786167519.7398055,3.57994313094267,3.0476033708822694,4.242480111362949,0.37331040437101193,-0.09009773617405172
1786167519.7593555,3.578297369644792,3.0411923216694405,4.240678955180151,0.3637198481358606,-0.09213035015222383
1786167519.7791092,3.576590755464838,3.0346014797057737,4.238415801699661,0.3703523451636563,-0.11456861786337279
1786167519.7990284,3.574892299792066,3.028118231448233,4.23520181498066,0.36166337043051305,-0.16135154286156242
1786167519.8196135,3.5730636776170632,3.0212641181691513,4.229839149978434,0.37061009127305206,-0.26051247706157543
1786167519.8390598,3.5713513601711844,3.0150010676054,4.223532436202791,0.35932361604773416,-0.32431311382520267
1786167519.8592484,3.56948803647677,3.0083736977774755,4.2162306640067015,0.36727251270022887,-0.3616785234378635
1786167519.8792343,3.5676751229260084,3.002129774375285,4.20751524765329,0.350710347348505,-0.43607794234294733
1786167519.8992555,3.565746930067809,2.995722117228097,4.19795061661226,0.3606916019974068,-0.47772515908201146
1786167519.9193645,3.5637782455027294,2.9894181215909192,4.188002531250077,0.35483811933533266,-0.49470962886013775
1786167519.9392362,3.5617819972777593,2.983253236200411,4.178341582814081,0.35272023719548395,-0.48616589082988426
1786167519.9593625,3.5597397361428436,2.9771637238274704,4.1684725506855145,0.34557237436628435,-0.4903539723864667
1786167519.9790547,3.5576475493044644,2.9711322658478174,4.159066959015771,0.35144320701796533,-0.4776307374873851
1786167519.9993188,3.555476280966614,2.965073432856463,4.149389576883794,0.34468511410256214,-0.47756174066024654
1786167520.0191274,3.5532664580264828,2.959100838821401,4.139907751022166,0.34927425021080144,-0.478673857934015
1786167520.0391033,3.5510166430844596,2.9532077702716006,4.130155483900052,0.3434351202992933,-0.488201623194491
1786167520.0590553,3.548651996001349,2.947209485044979,4.119775515379796,0.3518517411179343,-0.5202454858622326
1786167520.0791194,3.5463585965327695,2.9415731821642686,4.1098545723016064,0.33058529078640336,-0.4944620193288753
1786167520.0990486,3.5438852430564447,2.9356702651885214,4.100569522336838,0.35042934818177063,-0.46590247768761883
1786167520.1194572,3.541472587532483,2.9300701541123355,4.0912835124394515,0.3263574253651954,-0.455004070755189
1786167520.1393049,3.5390364056977055,2.9245653104447635,4.082315121171127,0.33162350217015085,-0.4518620415186386
1786167520.1591485,3.5365575199026598,2.9191061358692383,4.073517863002631,0.33067389335367586,-0.4433302309882808
1786167520.1792812,3.5339663789847733,2.9135467496244027,4.063991252044859,0.3337503237856267,-0.47318904404895146
1786167520.1993155,3.5313237241448014,2.9080223134351995,4.054980459523723,0.33519511673590907,-0.44976797708645255
1786167520.2191582,3.528748629096432,2.9027694401159745,4.046248469896584,0.3236011477623887,-0.44006222840294346
1786167520.2395604,3.5259521856798717,2.897195579243097,4.037984910471478,0.335785665882404,-0.4050328999914064
1786167520.2596076,3.5232464701727833,2.8919194365923757,4.029952727134362,0.32520751397300185,-0.40066384448402387
1786167520.2797854,3.520518992472636,2.886710134568392,4.022363509091494,0.32067153595591674,-0.37611645233569946
1786167520.2999072,3.517939728235601,2.881878221445799,4.015249797043658,0.29975618613461463,-0.3535323636751237
1786167520.3192866,3.5154068565752246,2.8772208606691465,4.0080472687688795,0.30147686344555485,-0.37165942636240556
1786167520.3394313,3.5126850029101977,2.872309289545626,4.000666376535759,0.3074154835948417,-0.3663937345927802
1786167520.359437,3.5100530784955355,2.867650628671577,3.9929766168124226,0.2951868080075057,-0.3843783812016411
1786167520.3790805,3.507594544015933,2.8633822381495118,3.985408791366133,0.27696595707866273,-0.3852576196511124
1786167520.399826,3.5048795084017135,2.858760446266619,3.977304096060394,0.2856059309274608,-0.39067215174338504
1786167520.4196126,3.502421357783638,2.8546570237973334,3.9697041643196784,0.26742544597132345,-0.3840949512574959
1786167520.4392679,3.499761556920265,2.850299566436365,3.9621087796731325,0.28753259001408715,-0.38643076424730294
1786167520.4589407,3.497098865779983,2.8460156718554703,3.9549264153235204,0.2840379674837615,-0.36508979713786055
1786167520.4791753,3.494495916324249,2.841894204042267,3.9489866819729693,0.26704830709405225,-0.29354362379110827
1786167520.499111,3.4916771107274682,2.8374868145867453,3.944488973941898,0.29105360615806863,-0.22561178226122675
1786167520.519158,3.488993354588005,2.8333293660477157,3.941229626795528,0.27386491464062357,-0.16258569239214637
1786167520.539026,3.4861011792293546,2.828879316740541,3.938777869313124,0.29644973012049636,-0.12340148819167465
1786167520.5601897,3.4831397540927256,2.8243455189416973,3.936957995601939,0.2840198165645966,-0.08599032958553898
1786167520.5792012,3.48066610559285,2.8205745390594994,3.9351449311875215,0.2633551592883015,-0.09536673345432786
1786167520.5992973,3.477733400211416,2.8161233429619292,3.9332006327494295,0.29452366908342426,-0.09675021314863139
1786167520.6194732,3.474926246552161,2.811883986298169,3.9308647552773097,0.2798765233434395,-0.11577543279475938
1786167520.6396682,3.4720053587815416,2.8074964964376203,3.9286106510146017,0.2899193508092147,-0.11161690741284072
1786167520.659457,3.469329357666165,2.8034966204770595,3.926637760525885,0.27019475223415784,-0.09969762010108894
1786167520.6789877,3.466803952592936,2.7997365919456034,3.9252340218314177,0.2576996498284772,-0.07187317587292895
1786167520.699097,3.4640211278192394,2.795606974823003,3.9237636952826884,0.2752080948519754,-0.07311719297925874
1786167520.7190852,3.461339234517631,2.7916403104878214,3.9223466191597147,0.2662577545427448,-0.07089528550514335
1786167520.739293,3.458741627959469,2.7878127164395634,3.920507399794394,0.25446877845401833,-0.0910149501031422
1786167520.7592108,3.45613774854831,2.783990322669578,3.9190757537643597,0.258170606249609,-0.0718779841079126
1786167520.7793808,3.4533379598621448,2.7798921144452797,3.917988063848247,0.27361759871622326,-0.05392619494214647
1786167520.7996285,3.450751075209592,2.776117162112311,3.916383127256696,0.25134405679858757,-0.0792651394252103
1786167520.8192608,3.448353683147489,2.7726308096052854,3.9149756960565734,0.23970199853775379,-0.07168942864563417
1786167520.839249,3.445650589488099,2.7687120773399414,3.9136653703558717,0.26493137421519886,-0.06555542162981653
1786167520.859256,3.4430364629430805,2.7649341698016516,3.9122278523086744,0.25545657951197986,-0.07185027522080352
1786167520.8790526,3.440557754507563,2.761362123114841,3.9111662104273655,0.24435703034780884,-0.053627458833755665
1786167520.8992634,3.437835054201,2.757449043638048,3.909841796694488,0.2624595402945448,-0.06553018541305043
1786167520.919014,3.4352351265596397,2.753733477042963,3.906276652996623,0.2555465267248046,-0.18050816601313752
1786167520.9390936,3.4325721005083416,2.7499641524960614,3.901582540855149,0.2559036255716693,-0.23377503361949542
1786167520.9590485,3.429966434144231,2.746317375530528,3.8965786277848586,0.2501840806155291,-0.2507608708361668
1786167520.979463,3.4270969663218214,2.742350886792188,3.890890471068664,0.26724440068485694,-0.27863192370642914
1786167520.999146,3.4245881649498218,2.7389313828931514,3.8844261436737644,0.24025348064169105,-0.3284237880921387
1786167521.0191205,3.4216810383378196,2.7350322266002722,3.8769446893485555,0.27166232492020076,-0.3745508277974383
1786167521.0399153,3.418673393023298,2.7310672212575664,3.869422729149644,0.26718484117408897,-0.361721941643393
1786167521.0594356,3.4158166356373307,2.7273645536907294,3.8621121922897874,0.2676420980903813,-0.3745097832455052
1786167521.0789444,3.413015860592244,2.7237933820280165,3.855077621053076,0.26004698162584233,-0.36058380314842864
1786167521.099469,3.41036960690902,2.720472851260649,3.8480326476718507,0.2313887819068004,-0.34324698595316594
1786167521.1189888,3.4074266560806032,2.7168375156433533,3.8412420291934453,0.2681643307542743,-0.3478835040850851
1786167521.1391046,3.404343191327146,2.713087340938466,3.834286481935213,0.2702651773150361,-0.34577442383008156
1786167521.1594024,3.4013219738752842,2.7094747625137323,3.826189043058051,0.25996855403988706,-0.39893252213823127
1786167521.1789045,3.39853847909096,2.706203590224151,3.8189101913994277,0.24692870154826452,-0.37323304514988365
1786167521.1998098,3.3952642928019356,2.702417958995324,3.811682046270934,0.2685887042623134,-0.3457573078592198
1786167521.2189133,3.3925291561324187,2.699304737866093,3.8049393053104974,0.24348952574860946,-0.3529579085605058
1786167521.2391164,3.3893530094328805,2.695744178450731,3.798083754015095,0.2652293777562233,-0.3393314241605326
1786167521.2593465,3.3893327341326573,2.695721788677556,3.7915320986739074,0.0016777287089399517,-0.32385751734413365
1786167521.2792041,3.3893327341326573,2.695721788677556,3.7866032998458428,0.0,-0.248206613595385
1786167521.2990503,3.3893327341326573,2.695721788677556,3.7847217106129554,0.0,-0.09480853480682087
1786167521.3193307,3.3893327341326573,2.695721788677556,3.784959354035567,0.0,0.011717908796348648
1786167521.3389955,3.3893327341326573,2.695721788677556,3.785692540131266,0.0,0.03728425526110934
1786167521.3594046,3.3893327341326573,2.695721788677556,3.787692720970637,0.0,0.09800432811491597
1786167521.379084,3.3893327341326573,2.695721788677556,3.7902503193143984,0.0,0.12996226119586682
1786167521.3992257,3.3893327341326573,2.695721788677556,3.793232721638664,0.0,0.14807175660840563
1786167521.41922,3.3893327341326573,2.695721788677556,3.7950218521631323,0.0,0.08948221262666241
1786167521.4392033,3.3887096377230828,2.6950325362725933,3.7960968557149313,0.05224218618777268,0.05379511903848817
1786167521.4599154,3.3879285142078883,2.694166409666824,3.797120481079229,0.06326508206587897,0.0494215229124557
1786167521.4790814,3.387109261103756,2.6932562513150327,3.7977801920267935,0.07177762483923207,0.03442091190492426
1786167521.4990501,3.385782825442351,2.6917816903159,3.7976510843532036,0.11157874125951903,-0.006465486618911956
1786167521.5193698,3.385782825442351,2.6917816903159,3.796698666776427,0.0,-0.04687163518539459
1786167521.538922,3.385782825442351,2.6917816903159,3.79636541403797,0.0,-0.017044230976507126
1786167521.5589619,3.385782825442351,2.6917816903159,3.796429457086573,0.0,0.0031957933080950856
1786167521.5795002,3.385782825442351,2.6917816903159,3.7964950933443955,0.0,0.0031957933080950856
1786167521.59911,3.385782825442351,2.6917816903159,3.7965159828494475,0.0,0.0010652644360316954
1786167521.6192398,3.385782825442351,2.6917816903159,3.7968161944655776,0.0,0.014913702104443734
1786167521.6390216,3.385782825442351,2.6917816903159,3.7970058503655064,0.0,0.009587379924285258
1786167521.658936,3.385782825442351,2.6917816903159,3.796920994005502,0.0,-0.004261057744126781
1786167521.679094,3.385106339526832,2.69103113174298,3.7967376151250747,0.05631395370950372,-0.009097053444600184
1786167521.6990066,3.384204780842105,2.6900314317591545,3.796382781192156,0.07595303667067241,-0.01781967437561598
1786167521.7190375,3.3830447912740254,2.688746587600273,3.795722776795476,0.09709143635379314,-0.032949189214092636
1786167521.739054,3.381646281318446,2.687200413542538,3.794696689724733,0.11702895717813344,-0.051262236974180975
1786167521.759654,3.380033168023844,2.6854222007199047,3.793067194709132,0.13096482511634563,-0.07910139071457166
1786167521.7790353,3.377810394450516,2.6829812893227465,3.791233096230603,0.19143376270853357,-0.09463245113097205
1786167521.7994914,3.37526902915552,2.680202847766701,3.789054354417272,0.20690351057434614,-0.10650829849560252
1786167521.819156,3.3752494433938374,2.680181533620619,3.7870849176837114,0.0016548498332043249,-0.10015175219533341
1786167521.8390296,3.3752494433938374,2.680181533620619,3.7848408277639143,0.0,-0.1129180302193597
1786167521.858956,3.3752494433938374,2.680181533620619,3.7840554271758107,0.0,-0.039414784133172724
1786167521.8789697,3.3752494433938374,2.680181533620619,3.782285888324558,0.0,-0.08841694819063071
1786167521.8989534,3.3752494433938374,2.680181533620619,3.7805828484972244,0.0,-0.08522115488253562
1786167521.9189591,3.3752494433938374,2.680181533620619,3.7790484302968332,0.0,-0.07669903939428206
1786167521.9389853,3.3752494433938374,2.680181533620619,3.7785790997632054,0.0,-0.023435817592697295
1786167521.9589257,3.3746071961100137,2.6794971485424446,3.778865704637248,0.05295155824226944,0.014373092563188214
1786167521.9790416,3.373701592402278,2.678530897595213,3.7796862140349887,0.0740602848272531,0.04078919367778347
1786167521.998943,3.372516265698194,2.6772638841423295,3.780450701755651,0.0980691761841452,0.0384135457540178
1786167522.0189228,3.3710194973700727,2.6756612114123923,3.7811704472078476,0.12345802558660635,0.03602380913275708
1786167522.039063,3.3692620950588776,2.6737769311915764,3.7815914055012025,0.14389789709248435,0.02090142592571845
1786167522.0591404,3.3673924369085926,2.6717736375113383,3.7805119348617966,0.15351595966609405,-0.053765280316669516
1786167522.0790205,3.3673769728674556,2.671757134532057,3.7779915505819117,0.0012797781798640495,-0.12677953379777876
1786167522.099082,3.3673769728674556,2.671757134532057,3.7763887409613153,0.0,-0.07989483270237714
1786167522.1189783,3.3673769728674556,2.671757134532057,3.7752442224303815,0.0,-0.05752427954571154
1786167522.1395907,3.3673769728674556,2.671757134532057,3.774234166389239,0.0,-0.049002164057457984
1786167522.1591485,3.3673769728674556,2.671757134532057,3.774296668802239,0.0,0.0031957933080950856
1786167522.179066,3.3673769728674556,2.671757134532057,3.7747846688119386,0.0,0.024501082028728992
1786167522.1989465,3.3673769728674556,2.671757134532057,3.775081161162036,0.0,0.014913702104443734
1786167522.2191904,3.3665534306031324,2.670886152211305,3.7753908661714988,0.0666310784917457,0.015298695780321886
1786167522.2389324,3.3654445756448013,2.6697120791846594,3.776066318624384,0.09204791087706529,0.0342139621871106
1786167522.2589984,3.3639411031186746,2.6681163296495303,3.7774946753062224,0.12293755411071379,0.0711828492813062
1786167522.279144,3.3621260729141405,2.6661891687520933,3.7763483216121894,0.1478545407268523,-0.05690327330316509
1786167522.299695,3.3600223381036836,2.663968132961677,3.7723725747640824,0.16752074958866958,-0.19345790350017814
1786167522.319118,3.3576394214709233,2.6614741701254094,3.7685258543115507,0.1999136499315587,-0.19804967693191855
1786167522.338915,3.354846853481721,2.6585807381795634,3.7633338754242533,0.2287299716720396,-0.26225974366116744
1786167522.358921,3.354821484854967,2.658554822545417,3.755895703663116,0.0020422109789029197,-0.37179813815147594
1786167522.3789566,3.354821484854967,2.658554822545417,3.746205931156309,0.0,-0.48363005395838965
1786167522.3989513,3.354821484854967,2.658554822545417,3.7387297431716426,0.0,-0.37390781704712506
1786167522.4189277,3.354821484854967,2.658554822545417,3.7334522722961783,0.0,-0.2641855801358604
1786167522.4388943,3.354821484854967,2.658554822545417,3.730368164148155,0.0,-0.15446334322459582
1786167522.4588807,3.354821484854967,2.658554822545417,3.72809004944601,0.0,-0.11398329465539139
1786167522.4792426,3.3548207970810293,2.658554168619169,3.7273742418326115,5.2627402633776535e-05,-0.035154263689116796
1786167522.4989192,3.3540015158785685,2.6577750623580667,3.728241565085441,0.06487859067674687,0.04407872759762681
1786167522.5189562,3.352816024644685,2.656643617296949,3.730549240695558,0.09233937060386166,0.11517108366409552
1786167522.5388885,3.351231506194784,2.655121578773992,3.733899989212953,0.12442578474655097,0.16810671885244316
1786167522.558897,3.3492580121140776,2.653208728076182,3.738493551670218,0.15500896243353443,0.22957981683888173
1786167522.5789,3.3469894430014366,2.650990090129473,3.7417811405050725,0.17896290568717024,0.16435412818253656
1786167522.5989668,3.344497160530664,2.648544522469398,3.741377528337065,0.19628717341315283,-0.020113491561013247
1786167522.6189785,3.344433215819536,2.648481902791623,3.7399482107301667,0.005045347405462419,-0.07142422774633234
1786167522.6388543,3.344433215819536,2.648481902791623,3.7392706764763988,0.0,-0.03408846195301425
1786167522.658976,3.344433215819536,2.648481902791623,3.739163501218468,0.0,-0.005326322180158476
1786167522.6789534,3.344433215819536,2.648481902791623,3.7383760990231805,0.0,-0.039414784133172724
1786167522.6990523,3.344433215819536,2.648481902791623,3.7379264749612,0.0,-0.022370553156665602
1786167522.7189624,3.344433215819536,2.648481902791623,3.738562760512667,0.0,0.03195793308095086
1786167522.7389126,3.343746185540371,2.647812058854694,3.738849238178154,0.05426590501911341,0.014359673724693805
1786167522.758951,3.3426908206752026,2.646783318545132,3.7383412994874092,0.08298403387108866,-0.02534830847440458
1786167522.7789605,3.3412176091823462,2.6453491004717624,3.7376781517196247,0.11593931439871616,-0.033141616841186945
1786167522.799733,3.339186886306913,2.6433746834918255,3.7371365751604704,0.15385420743793696,-0.02607185832435194
1786167522.8194273,3.3368673187422195,2.641122693849094,3.7363230820443336,0.18523656069128133,-0.04130595892430711
1786167522.8390632,3.334265733763969,2.6386022024023044,3.7351936410102775,0.20817761046057676,-0.05751914237554757
1786167522.8590174,3.330374545110255,2.6348427821197022,3.7337496252268934,0.30601891242439305,-0.07236649193864826
1786167522.8791573,3.32642388785516,2.6310370965068954,3.7324635150373484,0.30742320410217094,-0.0638587135823869
1786167522.8989944,3.321589980540981,2.626394847340327,3.7308859195292006,0.3813686531994556,-0.07952736259758095
1786167522.9188476,3.3161216907791182,2.621165109592441,3.7286203795477895,0.43027048285901687,-0.11411508834143314
1786167522.9395118,3.3096441697751917,2.6150069759195538,3.725413533508046,0.48837727310775886,-0.15518837885219627
1786167522.959259,3.3026318658426357,2.608390823441571,3.721684166416751,0.5513934333572503,-0.18885494058007313
1786167522.9789994,3.294905915529924,2.6011627394859915,3.7176928620586027,0.6054712876119634,-0.20219022228576722
1786167522.9989681,3.2862850426779837,2.593171146379925,3.713302844031231,0.6652171427183138,-0.2198444292552977
1786167523.0194957,3.2767124250704422,2.5843904787520136,3.7080797160418086,0.7152935702447123,-0.2544441470695446
1786167523.039326,3.266633561739824,2.575253529930399,3.7026204322567913,0.7757229256818335,-0.27530112555163727
1786167523.0590215,3.2555840341006457,2.56535679265467,3.697119967435546,0.8519261738635991,-0.2792749167961338
1786167523.0793793,3.2432671006131164,2.554457577688132,3.6916167746245208,0.9141611201962987,-0.27032292527029844
1786167523.0989418,3.230665314215207,2.5434441558053926,3.685817612384184,0.9684033456019981,-0.29644305835752427
1786167523.1189904,3.2170398043608506,2.5316830487978947,3.6803343309217253,1.0165916234223615,-0.2734992195399778
1786167523.138846,3.20283555880827,2.5195720215301085,3.6746614136412346,1.0648801084535817,-0.285710130178146
1786167523.1590672,3.187711934695293,2.506842107556767,3.6686597509944776,1.1077082400141058,-0.29680002883889034
1786167523.179317,3.172132158647053,2.493887161073438,3.663593269991597,1.1341670487012991,-0.25019852516428354
1786167523.2000775,3.155559011459608,2.480306607357796,3.6554721181602265,1.1702853771111068,-0.39118218120866266
1786167523.2190578,3.1398252180078376,2.467659307162738,3.646503700458282,1.2065756441527973,-0.47251278424470133
1786167523.238986,3.1226264402785935,2.4541621993139042,3.634362191886958,1.2453171461676316,-0.6092621638659634
1786167523.2590191,3.104547063440453,2.4404432799888958,3.6173039320285922,1.2870102405956112,-0.8515028569709614
1786167523.2801955,3.0847761282711215,2.426142305942044,3.5934696434390214,1.310448367220935,-1.1255151088537354
1786167523.2990642,3.066713543908717,2.4138356565383594,3.5672863745833263,1.3189871419193715,-1.3876573368357603
1786167523.3193078,3.0468112361961888,2.401210294017069,3.5353548377820196,1.3274742690009609,-1.577361055870693
1786167523.3393135,3.026387702645683,2.3892905865139475,3.5018121612436692,1.3495206154505246,-1.6766557308486003
1786167523.3592591,3.005093888664884,2.377923407016195,3.468320846384472,1.3833043837401966,-1.679131175490534
1786167523.3797085,2.982401926591448,2.366921106464745,3.4332153812130577,1.4110828862702829,-1.7166990356918577
1786167523.3990202,2.9605629834351497,2.357330739678491,3.401913891462573,1.4143966360958642,-1.62085906821586
1786167523.419155,2.9374721419038368,2.348112138116234,3.373375009466902,1.4149107787268589,-1.4173988100788946
1786167523.4393938,2.9140661376168016,2.339573639101516,3.3488933873142073,1.411112521657602,-1.2096334667035975
1786167523.4589741,2.891093277590004,2.3318411131867585,3.328982019564403,1.4193662725417477,-1.0169048705461872
1786167523.4790912,2.8670897868942693,2.3242874586690743,3.3137721564746867,1.4343904858476313,-0.7560684735965034
1786167523.5006258,2.841096273188171,2.3165075691226744,3.303842569302495,1.4448953708717591,-0.46109747455987393
1786167523.5189917,2.8186604385173304,2.310003745469249,3.298071443729581,1.458625925797986,-0.3142311646455157
1786167523.5392232,2.794218355003011,2.303083754269949,3.29236449212024,1.4399617880647848,-0.28208267983629065
1786167523.5589514,2.7710716712101613,2.296698439455904,3.2857576175581262,1.3958191037593688,-0.33489522639612046
1786167523.5793347,2.748385446473365,2.2906283067125366,3.2783388518890626,1.3213069733106204,-0.3639618981544997
1786167523.5995963,2.725958273414637,2.2848124115953934,3.2717650813301375,1.3114004557625702,-0.32444597331678743
1786167523.6195567,2.7038389368914117,2.2792161331944487,3.267457946253263,1.310907593806225,-0.2157839689617578
1786167523.6392546,2.6822873983446387,2.273860672798186,3.263840581935788,1.2928902388620536,-0.1836420874888363
1786167523.6593013,2.660218917719155,2.2684682541934413,3.260115078636164,1.2996004208773457,-0.18584112404115397
1786167523.6790633,2.638837778777883,2.2633315892896735,3.2565524905394447,1.2760453405073795,-0.1802743159977697
1786167523.6990159,2.6174013533249942,2.258267364575935,3.2530001224922396,1.2659709383435576,-0.1780409324012563
1786167523.7195275,2.5957620741702057,2.2532412337285765,3.2494624844102584,1.242001090337319,-0.17246988978293187
1786167523.7394764,2.57510519990271,2.2485199476728392,3.246345532111461,1.2180467104113155,-0.1562463607258331
1786167523.7597768,2.5543982192699555,2.2438543403968882,3.243588496964525,1.1990061081815668,-0.13581194119436096
1786167523.7792096,2.534935970345625,2.239523571267693,3.2412228664423166,1.1765272337712236,-0.12173400519981249
1786167523.7989957,2.515615788602866,2.2352871402466192,3.2377243061296004,1.146277606018854,-0.17681892195194435
1786167523.8190534,2.4965912729116204,2.2311994641687867,3.233415462811748,1.112406724883801,-0.21482263649962097
1786167523.839341,2.4777240138200387,2.227244964299249,3.228478475889539,1.0895096448007373,-0.24335100827072764
1786167523.8596768,2.459416154888189,2.223525639421005,3.2221941156965745,1.0532973277779032,-0.30902769323867463
1786167523.8791466,2.4426859653938418,2.2202425448478462,3.2164568598502674,1.0039608923354557,-0.29467555466669915
1786167523.8991065,2.4261823106601303,2.2171054011258797,3.2114548866176937,0.9648865490818554,-0.25060078283374954
1786167523.9190784,2.4102670955979777,2.214150611267937,3.20860601964736,0.9291417371680353,-0.14264413772730314
1786167523.9389246,2.3950629965990515,2.2113540985926377,3.2081713916541736,0.8929550591488744,-0.021899808151405527
1786167523.9594944,2.380010529127621,2.208583243330004,3.2084962429153387,0.8529744125746171,0.015792629979501857
1786167523.9789622,2.3668232963204936,2.20612537345846,3.211719597823773,0.7899205866674714,0.16557339978279736
1786167523.9991343,2.353875769144498,2.2036301880691544,3.2188499109370072,0.7493960358291091,0.353473676390997
1786167524.018967,2.3418219055738856,2.2011786070688033,3.229332790707664,0.7111215056373895,0.5285678081552156
1786167524.039005,2.3302519690293084,2.198667278859673,3.2414040465695475,0.6774960802175334,0.6024143534079272
1786167524.0589359,2.319146027064321,2.196093775630222,3.2534150592181694,0.6559276413951611,0.602634556631485
1786167524.079115,2.3088402263101635,2.193561622976422,3.264210778182955,0.6031137911916483,0.5349968363349108
1786167524.0991406,2.299297744507271,2.191100848822368,3.273140458044262,0.5643555453430271,0.4459103264638165
1786167524.1189268,2.2901633108002146,2.1886503789926928,3.280933767907595,0.5481684760180235,0.39387763116821095
1786167524.1392355,2.281846734823217,2.1863362292398696,3.2891402146025404,0.48747888788483074,0.4040846221386821
1786167524.159326,2.273667426676594,2.1839759993169534,3.297365833074438,0.4859424440728849,0.4094266306595625
1786167524.1795814,2.2665172656561903,2.1818432903447293,3.304550016919721,0.4224404922520437,0.3546812038914286
1786167524.1989486,2.2596192636680223,2.17972964606705,3.3102010265705406,0.4271805231337487,0.2917822087659013
1786167524.2189505,2.253497248129042,2.17781039455331,3.3156658122835374,0.36782003148819853,0.2732134905376808
1786167524.2389035,2.248002521995944,2.1760490634684575,3.3212308988681527,0.33160084440766524,0.27890959292379036
1786167524.259007,2.2424692057091544,2.17423700061892,3.326473781039582,0.3320916977915451,0.2607950861379984
1786167524.2789936,2.237791530443509,2.172675791894246,3.330972338639789,0.2828968504304496,0.2250783506713436
1786167524.2989168,2.2348923467139925,2.171693339019516,3.334395934841231,0.17616084274392202,0.17183958692851856
1786167524.3193102,2.231689530073961,2.170594090963491,3.337680121698133,0.19036961641982889,0.16104187793037567
1786167524.3393273,2.231688325518502,2.170593672701999,3.340622757346458,7.3030422874656e-05,0.1470057465674339
1786167524.3589482,2.2303573838047095,2.170127218981795,3.342696394537726,0.08240332742140466,0.10568514588665298
1786167524.3794591,2.2303573838047095,2.170127218981795,3.344575455411328,0.0,0.0916127414987258
1786167524.3991573,2.2303573838047095,2.170127218981795,3.346170218982489,0.0,0.08096009713840883
1786167524.419062,2.2303573838047095,2.170127218981795,3.3471455881184644,0.0,0.049002164057457984
1786167524.4394326,2.2303573838047095,2.170127218981795,3.347123887912976,0.0,-0.0010652644360316954
1786167524.459029,2.2303573838047095,2.170127218981795,3.3468525092438854,0.0,-0.01384843766841204
1786167524.4790525,2.2303573838047095,2.170127218981795,3.346020623163919,0.0,-0.04154531300523612
1786167524.498951,2.2303573838047095,2.170127218981795,3.3446852075384976,0.0,-0.06711165946999681
1786167524.5191102,2.227873377456378,2.1692497951589282,3.3428719548487313,0.1498124742521399,-0.08994646036493255
1786167524.5392907,2.2258605508369316,2.168544684191625,3.340095308076363,0.1211598289419889,-0.13759083047540457
1786167524.5590606,2.225848768351275,2.16854059188651,3.3381997459886263,0.0007233075775675835,-0.09588118385986245
1786167524.5789425,2.225848768351275,2.16854059188651,3.3370136912513533,0.0,-0.059654808417774936
1786167524.599068,2.225848768351275,2.16854059188651,3.335277143488598,0.0,-0.08628641931856731
1786167524.619186,2.225848768351275,2.16854059188651,3.3337984053217897,0.0,-0.07350324608618697
1786167524.6390984,2.225848768351275,2.16854059188651,3.3337347691472785,0.0,-0.0031957933080950856
1786167524.6594899,2.225848768351275,2.16854059188651,3.3343647158950254,0.0,0.030892668644919165
1786167524.6790144,2.225848768351275,2.16854059188651,3.334531106571896,0.0,0.008522115488253563
1786167524.6990495,2.225848768351275,2.16854059188651,3.3341255971093697,0.0,-0.02024002428460221
1786167524.7190206,2.2250001610939245,2.168251536377915,3.3337108871588224,0.05146630519344566,-0.020765470117819162
1786167524.7393243,2.2238230121916374,2.1678508274158115,3.3337612181672363,0.07021768953491789,0.002478905001356039
1786167524.7589638,2.222462239589033,2.1673875188767786,3.333786234310272,0.08391797782500092,0.0012737673148775271
1786167524.7791305,2.2208833851650027,2.1668499384487694,3.3337452284260234,0.09482219987074059,-0.002033352773270463
1786167524.7990408,2.2183903175781343,2.166001215467401,3.333650771959698,0.15165258743934773,-0.004744092139088747
1786167524.819285,2.215584347721089,2.1650459682496312,3.333680771748769,0.1678720927191917,0.001481901251900954
1786167524.8391986,2.212896629387124,2.164131596014015,3.333223273420012,0.16345458177595615,-0.022974080148181995
1786167524.859337,2.210914657013309,2.163458593129897,3.332619545970984,0.1191659900777754,-0.02997876631544881
1786167524.8791015,2.2108909470762645,2.1634505617585367,3.3319034054732954,0.001452183362667045,-0.036233816907776065
1786167524.8990784,2.2108909470762645,2.1634505617585367,3.3312011446022636,0.0,-0.035153726389045944
1786167524.9193196,2.2108909470762645,2.1634505617585367,3.3304464642779097,0.0,-0.03728425526110934
1786167524.9394503,2.2108909470762645,2.1634505617585367,3.329502908530581,0.0,-0.04687163518539459
1786167524.9591162,2.2108909470762645,2.1634505617585367,3.32916771742567,0.0,-0.017044230976507126
1786167524.979186,2.2108909470762645,2.1634505617585367,3.3289325408994648,0.0,-0.011717908796348648
1786167524.9991865,2.2108909470762645,2.1634505617585367,3.3288899293467447,0.0,-0.0021305288720633907
1786167525.0194075,2.210049086044823,2.1631690172267075,3.3288795380703853,0.05033399632328582,-0.0005138855128189025
1786167525.0391538,2.2089352090944185,2.162796711172766,3.3285712995107786,0.06819475689269988,-0.015609937257168
1786167525.059114,2.2074464302048282,2.162299618068709,3.328297771840518,0.09016147024212914,-0.013703677797014882
1786167525.0792913,2.2056295316694348,2.1616936615090028,3.327931443856612,0.10883598560791782,-0.01815539321997479
1786167525.0990834,2.2036028010634476,2.161018358052338,3.3277588499303405,0.12375735006629904,-0.00872035313728295
1786167525.1191804,2.199408609053119,2.159621082541321,3.327771325537498,0.2522181618933619,0.0006207690911753231
1786167525.1390793,2.199374247063713,2.1596096173595605,3.328512816844248,0.002087249970669891,0.037262945458591976
1786167525.1591103,2.199374247063713,2.1596096173595605,3.3287261997007542,0.0,0.010652644360316953
1786167525.179417,2.199374247063713,2.1596096173595605,3.3287045678155716,0.0,-0.0010652644360316954
1786167525.199161,2.199374247063713,2.1596096173595605,3.3284311420770853,0.0,-0.01384843766841204
1786167525.219079,2.199374247063713,2.1596096173595605,3.3281340914815134,0.0,-0.014913702104443734
1786167525.2391434,2.199374247063713,2.1596096173595605,3.327856231526579,0.0,-0.01384843766841204
1786167525.2593114,2.199374247063713,2.1596096173595605,3.32781326287962,0.0,-0.0021305288720633907
1786167525.2791212,2.199374247063713,2.1596096173595605,3.327876570659501,0.0,0.0031957933080950856
1786167525.2991652,2.1983767040117774,2.1592769933486826,3.3280564316261314,0.06015101001716464,0.008973267497552603
1786167525.319111,2.1970303094314367,2.1588278458710173,3.3280823121015035,0.0815898654343103,0.001297536205034906
1786167525.3391833,2.195277790774206,2.158243385748552,3.3278682462911924,0.10552896098937736,-0.010664779061976696
1786167525.3591728,2.1931723109007226,2.157541729160404,3.3276506200366462,0.12729832037978886,-0.01088703358637863
1786167525.379349,2.190805508101069,2.15675376088328,3.327299024591193,0.14176040275410634,-0.017426270998456773
1786167525.3991761,2.189282140637441,2.156247193021398,3.3269845359300043,0.09283814862954727,-0.01586153424777747
1786167525.4191728,2.1870012649972352,2.155489777660407,3.3265303677856446,0.13780587563162383,-0.022712219388597844
1786167525.439136,2.184414054033349,2.15463259871334,3.3257328808098405,0.15654070690442903,-0.03994772383988263
1786167525.45913,2.1843993396175536,2.1546277371666664,3.325051133995207,0.000888696192095334,-0.03409753510698124
1786167525.4790204,2.1843993396175536,2.1546277371666664,3.3234196242584995,0.0,-0.08202536157444054
1786167525.4991338,2.1843993396175536,2.1546277371666664,3.3223697423044802,0.0,-0.05219795736555307
1786167525.518941,2.1843993396175536,2.1546277371666664,3.3216101495215353,0.0,-0.03834951969714103
1786167525.5390964,2.183474513818147,2.1543267986362316,3.3212981720813395,0.05532862601130938,-0.015478580346353434
1786167525.5590508,2.182179575992833,2.153905707240341,3.3212397178173894,0.07824635220529033,-0.0029293859024284137
1786167525.5790207,2.180445568992223,2.153342305755049,3.320835454958127,0.10468757626636827,-0.020243568859281285
1786167525.5990846,2.1782595332761114,2.1526334529772204,3.3201673518249626,0.13133557041200283,-0.03329880509355741
1786167525.6189594,2.1757690965145366,2.1518281077583787,3.319374520894761,0.15100856852187697,-0.039891243409609554
1786167525.6395483,2.1717294323804914,2.1505253009450542,3.318710717994454,0.23639225767061758,-0.03224085367511402
1786167525.6591425,2.164626192954943,2.1482383661872357,3.3183728817597107,0.4366984731889967,-0.017241651303555074
1786167525.6789904,2.163731984273843,2.1479503483378464,3.318827034827891,0.05427432687887401,0.022881703229873537
1786167525.6990273,2.1619313083997227,2.1473710988707264,3.317694969636857,0.10824878614234504,-0.056498917897436586
1786167525.7190092,2.1599484793775447,2.146736059941771,3.3165424390579545,0.11947930448141461,-0.05767884043927071
1786167525.7389858,2.1561871021924595,2.1455352519763924,3.316006766213775,0.22664281291093502,-0.02681499442685052
1786167525.759244,2.1517974418264783,2.14413677938132,3.31539174266109,0.26077468357309525,-0.030359257459980696
1786167525.7790377,2.146711385608204,2.142520076735391,3.314759953200725,0.3091720903921071,-0.03191863577607375
1786167525.799107,2.140543013123832,2.140564467936476,3.3139359254331993,0.36972768276579854,-0.04105899427926969
1786167525.8190033,2.13366263751259,2.1383922608499892,3.312494989673749,0.41583645771284594,-0.07242241099090163
1786167525.8391612,2.125954644788443,2.1359744284542876,3.310532227874475,0.45954874917725064,-0.09736977416073848
1786167525.8593373,2.1174444094895524,2.133324395158259,3.3086654528697954,0.506592372513983,-0.09252374439265046
1786167525.8793018,2.1081720376956152,2.130463170621629,3.3058296138710013,0.5573762725538034,-0.14204438726008192
1786167525.8991168,2.098126955514222,2.127404465300015,3.301928311932713,0.6076958714574221,-0.19688661201989607
1786167525.9191568,2.0872259890810363,2.12413320030846,3.2985288258786336,0.6512824417922374,-0.1696347342728652
1786167525.939112,2.075580280808812,2.1206787384177708,3.2961120491611324,0.698082508606658,-0.12111037603436942
1786167525.9591417,2.063135244010059,2.117021702068129,3.293783803056797,0.7426637114833741,-0.11623920615634964
1786167525.9791648,2.050079332969527,2.1132229500088444,3.291150331968539,0.7787760366279006,-0.131521597458583
1786167525.9991796,2.036519085532557,2.10932004543519,3.2884052745851977,0.8085239717903903,-0.13715163152400672
1786167526.0190187,2.0224158930902205,2.105303599589297,3.2859299938612754,0.8476697628435068,-0.12476811769440513
1786167526.039178,2.0074780211043226,2.101097384607238,3.2828706513601773,0.8828387881361839,-0.15175878716232954
1786167526.059197,1.9922753140379934,2.0968783183276476,3.2789965947240374,0.903835150788035,-0.1935184627728986
1786167526.0790367,1.9768686509224913,2.092678680121124,3.274498164428438,0.9230759204633533,-0.22673809914858264
1786167526.0990324,1.9609459635078486,2.0884238047836083,3.2698959453039222,0.9452778022039429,-0.2301605628229751
1786167526.1191385,1.944773971719161,2.0841834700867365,3.2659305737252975,0.9536203121060504,-0.19722253825653088
1786167526.1390343,1.9285450499690031,2.080010496613932,3.261219993503718,0.9658948127953686,-0.2367626390452859
1786167526.1592352,1.9118638136195525,2.075809276918858,3.25688686307486,0.9765755060473089,-0.21450113054888892
1786167526.17901,1.8952759168425848,2.0717107688309415,3.2529793202328827,0.9909236993218676,-0.19760338761619942
1786167526.199107,1.878168298705015,2.0675540125383276,3.249733166013346,1.0046150786183186,-0.16152417908509592
1786167526.2191277,1.8609547376615074,2.0634409028132312,3.2459216302048626,1.0137444632331296,-0.19037952541489528
1786167526.23897,1.8437575568150657,2.0594035802523827,3.242417380684821,1.0209094594317505,-0.17660423885735915
1786167526.2589614,1.8263818428646792,2.0553947608237344,3.238801227014615,1.0228867374567003,-0.18088548364416204
1786167526.2794564,1.8088013235045037,2.0514172046789487,3.2345948489696976,1.0085165601579358,-0.20523985318292612
1786167526.2992933,1.7920932262894391,2.047714639116901,3.2306753467102687,0.9892602126392323,-0.19758640422983204
1786167526.3192255,1.7758250660846537,2.0441812111590636,3.226870823173522,0.9576963803173786,-0.19087256630549881
1786167526.339303,1.7585373866195861,2.04049615934315,3.223541276109139,1.0094908869845594,-0.1658350164506658
1786167526.3590112,1.7412731889063229,2.0368733668361307,3.2209204180189253,1.0262989745615416,-0.1329834212965977
1786167526.3794074,1.723478426212754,2.033192690035969,3.2181004158415374,1.021518225072424,-0.13826093436000944
1786167526.3994477,1.7067842185347715,2.0298067376099995,3.2137808180193517,0.974563170940297,-0.2155458500265631
1786167526.4194655,1.6905590942482207,2.026605287590159,3.2084694015118034,0.9471938838999774,-0.2653338514700751
1786167526.4394293,1.674274032518027,2.023491237222672,3.203150071794224,0.9521329683481603,-0.2664495415454343
1786167526.459569,1.6576903659235933,2.0204150892930213,3.198425851026705,0.9600675349295669,-0.2345726165130098
1786167526.4794464,1.6414854685672409,2.0174928933651173,3.1940405451734644,0.9495993850707796,-0.22061730414853953
1786167526.4990797,1.6256806365011733,2.01471466072597,3.19036000225802,0.9368918758211797,-0.18746436917011164
1786167526.5190845,1.6096928408711053,2.011962180410191,3.1875276724286996,0.9295332556011289,-0.14158287050320503
1786167526.5390651,1.5936754447173818,2.0092575101618744,3.184379012868866,0.9318306076046756,-0.15758529188531245
1786167526.5592003,1.5778474378907892,2.006646595025923,3.180523475590401,0.9131253684999411,-0.1914827824851284
1786167526.579383,1.5622110194168128,2.0041342366221735,3.1767262031374344,0.8992924587344231,-0.18814576192611182
1786167526.5992353,1.5469346112555016,2.001737184435654,3.17375373722735,0.8926368385625573,-0.1497282915984828
1786167526.619046,1.531768909815761,1.9994046918977622,3.171062888591419,0.8875779203169512,-0.1358282048462139
1786167526.6391497,1.5164624380205063,1.9970978691909178,3.1681191626062004,0.8823158267057161,-0.1464271258014481
1786167526.659603,1.501329382665225,1.9948690818546684,3.164846274536929,0.8569319963261985,-0.16001640696243513
1786167526.679232,1.4870010845730093,1.9928080613046928,3.161895931302231,0.8449933023393804,-0.1503071388049486
1786167526.6992004,1.472542575301674,1.9907710426033276,3.1594490572815284,0.8377817426670158,-0.12253663696692929
1786167526.7195714,1.4576794158836814,1.9887156030709447,3.1571035032034365,0.8438801667035564,-0.11514204784486048
1786167526.7392857,1.4434227798346173,1.9867774677252368,3.15508712826841,0.8361081497321913,-0.10227952611606203
1786167526.7594442,1.4291057249419605,1.984858741028988,3.153457933590612,0.8209151221889438,-0.08081912400645365
1786167526.779464,1.4151237056883161,1.9830180165552613,3.1506911785865643,0.8069807740440911,-0.13820114066494632
1786167526.7992558,1.4014919788410687,1.9812736853408288,3.1467986685652347,0.7954002486598694,-0.19667245313994489
1786167526.8196094,1.3876476055761795,1.979564323961033,3.1426460690824207,0.7850168160587706,-0.20402329441792263
1786167526.8395553,1.3742026141201698,1.977956521460249,3.139789286096015,0.7775378618510835,-0.14322686509534527
1786167526.8593147,1.3610040432573651,1.9764085426234264,3.1383709602574816,0.7702500346186311,-0.07177974272549688
1786167526.8796434,1.3475793050045446,1.9748384789579008,3.138905895163427,0.7614732170627773,0.026314192408930095
1786167526.899701,1.3346276927611225,1.9732888155730013,3.1427062135300754,0.7448363783684141,0.1894695051172625
1786167526.918962,1.3222979622049629,1.9717293499288902,3.150357687477337,0.7391063312820954,0.39725457112489737
1786167526.9393024,1.3093987659213209,1.9699534241565015,3.1616243942116125,0.7334037410809253,0.553906663881627
1786167526.9591374,1.2969526156525621,1.9680680166783562,3.173668852675215,0.7272475999475018,0.6072327368767275
1786167526.9790292,1.2845518419394137,1.9660014043947385,3.1871468886549144,0.7243747206038973,0.6775695203494313
1786167526.9991963,1.2721281916243976,1.963726487492246,3.20124250139761,0.7179348338632023,0.6989405571676132
1786167527.0192752,1.2599631316740199,1.9612934410936855,3.2152784127628986,0.7083952404023681,0.6990379517564754
1786167527.0398593,1.2476021010782583,1.9586041068452784,3.2303041594152324,0.7046976399940292,0.7299683710951769
1786167527.0591774,1.2361325673874601,1.9559055211373628,3.244386220496853,0.6994488314669574,0.7289566944300088
1786167527.0790317,1.224530758284114,1.9529757076337178,3.2584166749311585,0.6911798767063967,0.7066705632618202
1786167527.099487,1.212670584339681,1.949781636864358,3.2714996137973045,0.6886373276812882,0.6395848619752597
1786167527.1208518,1.2006270864771367,1.9463399381584,3.284780793427638,0.6723539429949561,0.6216416119654545
1786167527.1394675,1.190167385744346,1.9431827341826806,3.297027210908348,0.6730539803988416,0.6578534557506274
1786167527.1592762,1.1792748356585188,1.9397197510758182,3.310102988467456,0.6616460528663237,0.6601004539896886
1786167527.1791875,1.1685168372759578,1.9361198003377336,3.32309967029559,0.6532524204461536,0.6527292978239397
1786167527.1990523,1.1578903693698162,1.932391086307051,3.3352202295495545,0.6499273044486239,0.6101526681925894
1786167527.2192276,1.1472410225632674,1.9285179420820524,3.342652776333723,0.6438375579700462,0.3683998145499201
1786167527.239179,1.13677981310598,1.9246486112418029,3.344456314389957,0.6407986710566553,0.09039682229644751
1786167527.2596583,1.1262160573379507,1.9207350962501422,3.343299130859557,0.6305117285077244,-0.05650464521797671
1786167527.2793994,1.1158353193194412,1.9169112437161178,3.340961578105358,0.6423368240051162,-0.11841071095593547
1786167527.2990847,1.1055517849563352,1.9131605293019736,3.3374573026461194,0.6374005232159025,-0.17801512215418105
1786167527.3194869,1.0950957098006333,1.9094087954368437,3.3315678509505493,0.6241732770778095,-0.2886675797803074
1786167527.3391888,1.0853537859419482,1.9060026540461887,3.322988975814163,0.6005239421492738,-0.43543262379645864
1786167527.3591764,1.0755494807491681,1.9026934058193556,3.312434738360414,0.5935767116284613,-0.5280397019015256
1786167527.3797562,1.0652959832222182,1.899374622655721,3.300952486624209,0.6004776138741078,-0.5579375609510469
1786167527.3992286,1.0553685892940883,1.8963071768383695,3.2889034909704598,0.6119015374318296,-0.6187742664834542
1786167527.4193769,1.0450077954654227,1.8932812241449342,3.273624066071812,0.6143542752124227,-0.7583489488581114
1786167527.4391587,1.0350547366311338,1.890573534818102,3.256328898340438,0.5979930432397917,-0.8742957322000701
1786167527.4597583,1.0249278901058727,1.888035244093017,3.2384539444914884,0.5812200550906544,-0.8677329015689766
1786167527.4793959,1.0151525778744115,1.8857778009610318,3.2235884353579283,0.5858573593941577,-0.7569927448331591
1786167527.4992452,1.0051346282573972,1.8836398789459823,3.209090085681416,0.5917400642739754,-0.7304211934753149
1786167527.5190852,0.9950423774027968,1.8816688118203624,3.1930340478842347,0.5942135304708921,-0.8092760146231697
1786167527.5394564,0.9849818633706566,1.879895709045086,3.1767040636779003,0.5748209938904317,-0.8016211752462873
1786167527.5592844,0.9754154422120893,1.8783763998000913,3.1632204091601115,0.5598526369711614,-0.6800282099270123
1786167527.579119,0.9659501423293986,1.877019148306841,3.150156471505218,0.5523747989365206,-0.658646576133189
1786167527.5994635,0.9566245078155375,1.8758246468316055,3.1367614170188585,0.5293712913917257,-0.6584117215590486
1786167527.6191716,0.9482026043812637,1.874869142893253,3.1247584931226955,0.4925189286069726,-0.6090333128810246
1786167527.6389613,0.9398485989059802,1.874026438133757,3.1148364804790916,0.4857671647836579,-0.5013726726316231
1786167527.6598072,0.9316214232041853,1.8732862458790378,3.1056797412834887,0.45358100895025316,-0.4392587304146121
1786167527.6795123,0.9239957974870199,1.8726854526822039,3.095241761334753,0.44422792104060416,-0.5297107170190081
1786167527.6994007,0.9165509229706291,1.8721792104259656,3.08674359824791,0.4292509919652711,-0.4272924240307777
1786167527.719102,0.909556116249117,1.8717648237426865,3.079819998331564,0.4068169350002138,-0.3514296083106127
1786167527.739061,0.9031567671118147,1.8714293118850251,3.07470612311135,0.36716992105495033,-0.2562162968601464
1786167527.7594187,0.8971693720730751,1.87115009333096,3.0695615715862785,0.3366615225186929,-0.2527090277072487
1786167527.7790544,0.8917255371464932,1.8709277521273413,3.064456935612589,0.31722089392919445,-0.2599673994388923
1786167527.7990766,0.8868169951750884,1.8707531133377315,3.0602404821397964,0.28040913327738726,-0.2105894052888102
1786167527.81954,0.8868169951750884,1.8707531133377315,3.0585619588892317,0.0,-0.08202536157444054
1786167527.8392632,0.8868169951750884,1.8707531133377315,3.056397887794604,0.0,-0.10972223691126462
1786167527.8595207,0.8868169951750884,1.8707531133377315,3.053247271225444,0.0,-0.1555286076606275
1786167527.8791926,0.8868169951750884,1.8707531133377315,3.0530167574966387,0.0,-0.011717908796348648
1786167527.8994627,0.8868169951750884,1.8707531133377315,3.0541395948704966,0.0,0.05539375067364816
1786167527.919541,0.8868169951750884,1.8707531133377315,3.054995137808882,0.0,0.04261057744126781
1786167527.9393864,0.8868169951750884,1.8707531133377315,3.055544795751961,0.0,0.02769687533682408
1786167527.959212,0.8868169951750884,1.8707531133377315,3.05626286248772,0.0,0.03621899082507764
1786167527.979244,0.885815233950384,1.8707241428294719,3.0567206336905173,0.05717606299974675,0.02285207792166311
1786167527.9996133,0.8844788168082889,1.8706857654859954,3.0558804841464795,0.07501252245724846,-0.04124588977766315
1786167528.019454,0.8828721556543194,1.8706411613574723,3.0550163066326177,0.09257858909292949,-0.043555759608535166
1786167528.0392795,0.8810620848027391,1.8705916974497792,3.0550796572746783,0.10437707908899006,0.0031954187579100136
1786167528.059174,0.8784317339949201,1.8705194995234673,3.0551761141972738,0.1511521307258886,0.004848397203753062
1786167528.0793648,0.8755772087453079,1.8704418884824396,3.0545620688281976,0.16162612118646488,-0.030412263511042086
1786167528.0994687,0.8755626208322009,1.8704415015180456,3.0539836664830764,0.0008295168861110203,-0.0287706087350195
1786167528.1196637,0.8755626208322009,1.8704415015180456,3.0534028148597026,0.0,-0.02876213977285577
1786167528.139254,0.8755626208322009,1.8704415015180456,3.0520254652970893,0.0,-0.07030745277809189
1786167528.1592488,0.8755626208322009,1.8704415015180456,3.05096048125369,0.0,-0.05326322180158476
1786167528.1791961,0.8755626208322009,1.8704415015180456,3.0505779967502464,0.0,-0.019174759848570515
1786167528.200149,0.8755626208322009,1.8704415015180456,3.049886063674488,0.0,-0.03302319751698255
1786167528.2193294,0.8755626208322009,1.8704415015180456,3.049559150247707,0.0,-0.017044230976507126
1786167528.239141,0.8747049780113088,1.870423030064106,3.0502455958075827,0.049474535835254733,0.03464861554793804
1786167528.2592545,0.8735542529110192,1.8703971686954648,3.051174919504884,0.06538851296067826,0.046204050412283336
1786167528.2792702,0.8720751445919592,1.870363058459841,3.051242947845578,0.08446158668866867,0.003398746206011834
1786167528.2996554,0.8702406830983792,1.870320231433698,3.0516341393693187,0.10285590847688411,0.01918991570719833
1786167528.3195336,0.8682174292950942,1.870272250621334,3.051843459436232,0.11633758892217393,0.01053015884779691
1786167528.3392236,0.865920863738018,1.8702176202679972,3.051711784180832,0.13331520114919265,-0.006687405255483733
1786167528.360114,0.8659011496511874,1.8702171565045322,3.0513554920610186,0.0010786226783013886,-0.01705524318711359
1786167528.3797734,0.8650231671586275,1.8701968701602638,3.0509682848308004,0.05104458257178859,-0.019695900099844288
1786167528.3991482,0.8639872746443025,1.870173121670489,3.0510181150484224,0.06110878615457619,0.002571902454901352
1786167528.4197078,0.8627628267141512,1.8701454820940024,3.0503248852216696,0.06806844778421205,-0.03371814311541488
1786167528.4394774,0.861096861609441,1.8701092038665603,3.0495894088736053,0.09630911819818208,-0.037202259872036125
1786167528.459703,0.8597187641248141,1.8700796562392363,3.049702602358165,0.0778705857092361,0.0055965659781768455
1786167528.479948,0.8584369115150196,1.8700513352084125,3.0507012639839823,0.07236471020062739,0.04932862015463666
1786167528.4991627,0.8571804775877832,1.870022260391763,3.051505349021233,0.07473772390575498,0.04184754179177263
1786167528.519359,0.8557892552813265,1.8699891248868588,3.051854861422349,0.07873535772247722,0.017305645874736937
1786167528.5395718,0.8543359569672402,1.869953706490654,3.0524407925085963,0.08218501037708334,0.02898833540273913
1786167528.5595157,0.8529515983246916,1.869919692978781,3.0521696900452864,0.07934201202386323,-0.013593216414230856
1786167528.5792308,0.8516492036614691,1.869888351947597,3.051524438610081,0.07550889617302228,-0.03272884202255444
1786167528.5991886,0.8501102028613383,1.8698523573407386,3.050953711456272,0.08813828582868463,-0.028596724176982613
1786167528.619513,0.8501102028613383,1.8698523573407386,3.050542343717979,0.0,-0.02024002428460221
1786167528.6396613,0.8501102028613383,1.8698523573407386,3.05129355723126,0.0,0.03728425526110934
1786167528.6592357,0.8501102028613383,1.8698523573407386,3.052294449208143,0.0,0.05113269292952137
1786167528.679224,0.8518532352332027,1.8699904023389595,3.0540458944603204,-0.07771369670274164,0.08762352931272879
1786167528.6992617,0.8518950319731333,1.8699938010031405,3.0570125243154354,-0.0018591550011964608,0.14805277554409546
1786167528.719204,0.8518950319731333,1.8699938010031405,3.059030685840282,0.0,0.10120012142301105
1786167528.7391708,0.854269554062566,1.870195763760655,3.060370351447906,-0.10601910863173994,0.06709452060036013
1786167528.7594817,0.8565621618953516,1.8703944628380786,3.0625996742202566,-0.10063810439383365,0.10976003546611766
1786167528.779212,0.8588099014959221,1.870594685829742,3.065710895429695,-0.10158769703256214,0.15768724021060654
1786167528.7992108,0.8608215602759122,1.8707797686450796,3.069101217309953,-0.08971531335071374,0.16952636024433726
1786167528.8193047,0.8628133581837749,1.8709683939663047,3.071694527800264,-0.08842598226162843,0.12905947511567611
1786167528.8393137,0.8649192529011265,1.8711709918476707,3.0724213682091857,-0.0938982732849701,0.0363255997629459
1786167528.8592753,0.8673137269007724,1.8714025863925705,3.0728035802160067,-0.10702340916412023,0.01914736756112866
1786167528.879566,0.8700330721144437,1.8716667797394329,3.073340795583576,-0.11957687349257713,0.026476053875294583
1786167528.8991258,0.8728731522483016,1.8719432590147922,3.073189905639085,-0.12955353963838606,-0.007714264965172694
1786167528.919149,0.8783741340808013,1.8724782036090932,3.073033145909359,-0.24512621777410468,-0.007828941112244508
1786167528.9396026,0.8849649634417678,1.8731222265806031,3.074127901072862,-0.2875178673017123,0.05352359814548811
1786167528.9595237,0.8850060179580088,1.8731262946175316,3.0760374351681765,-0.0018390376650428975,0.09585502356671663
1786167528.9793303,0.8870451973670295,1.8733315469859726,3.0776013016010846,-0.09188412087164848,0.07895674071638085
1786167528.9993043,0.8893110497759207,1.8735629742637663,3.079304137698296,-0.10125434961637937,0.08525266187472044
1786167529.0192878,0.8893256656061674,1.8735644910812457,3.081241189180779,-0.0006529148040261556,0.0969323977377033
1786167529.039252,0.8893256656061674,1.8735644910812457,3.083452975024822,0.0,0.11078750134729631
1786167529.059279,0.8893256656061674,1.8735644910812457,3.0864610645143005,0.0,0.15020228548046904
1786167529.0792062,0.8893256656061674,1.8735644910812457,3.0886050728049783,0.0,0.10759170803920122
1786167529.0992224,0.8893256656061674,1.8735644910812457,3.089927070220683,0.0,0.0660463950339651
1786167529.119178,0.8906884238980017,1.8737181751215408,3.090637413190161,-0.0610099130881183,0.03559610941759003
1786167529.139293,0.8926005638078238,1.8739349705328245,3.091241374097537,-0.08493237774842285,0.030025550560079446
1786167529.1591277,0.8950497505367329,1.8742140840467727,3.0918951684549327,-0.11032911749477287,0.03296205556242076
1786167529.1791968,0.8980028260504787,1.8745520585581574,3.092274428169432,-0.13148044437744377,0.01889767317958371
1786167529.1991425,0.9012628950657435,1.8749261059490283,3.092478407939115,-0.14605149567772863,0.010226794375942583
1786167529.219225,0.9088012154918831,1.8757913800661477,3.0922812776015407,-0.33541781057646325,-0.009816038600681976
1786167529.2391505,0.91455498362499,1.8764524735711796,3.092610854374973,-0.2580325518627903,0.01654037355056389
1786167529.2591174,0.9145857123609065,1.876456032724966,3.0942909012737063,-0.0013753306799836884,0.0841418489921509
1786167529.2792375,0.9145857123609065,1.876456032724966,3.095748363887636,0.0,0.07243798165015528
1786167529.2992246,0.9145857123609065,1.876456032724966,3.0964509851546316,0.0,0.035153726389045944
1786167529.319318,0.9145857123609065,1.876456032724966,3.0975426313879835,0.0,0.054328486237616457
1786167529.3396297,0.9145857123609065,1.876456032724966,3.099706353261717,0.0,0.10652644360316953
1786167529.3592217,0.9145857123609065,1.876456032724966,3.1016890707704947,0.0,0.10120012142301105
1786167529.3791401,0.9145857123609065,1.876456032724966,3.103110704082467,0.0,0.07137271721412358
1786167529.3992534,0.915959665708616,1.8766277172038073,3.1040623227198196,-0.06110283640819408,0.04731306951223649
1786167529.4191253,0.9178777538216064,1.876868978669026,3.104912728943239,-0.08634502388739301,0.042794301365500206
1786167529.439371,0.9204961876636991,1.877200450265195,3.1058161988596655,-0.11570542467089076,0.04462507488898588
1786167529.4594347,0.9236934851778056,1.8776076471312577,3.1065564238598835,-0.14257915464628565,0.036893856182324984
1786167529.4792075,0.9272798650323257,1.8780663558562156,3.106965989671864,-0.16229205469839403,0.020713630562650655
1786167529.4991496,0.9330505333590414,1.878806256166274,3.1071681948390895,-0.25892843582044833,0.010139640396831765
1786167529.5192382,0.9401613859117895,1.8797233388993004,3.1085156122974116,-0.3167594309097537,0.06707349373482838
1786167529.5392056,0.9419018062548703,1.8799504455029235,3.1104565923896628,-0.07801295044978282,0.09720785400245104
1786167529.5592206,0.9419094523399747,1.8799514535947877,3.1115012646957125,-0.00034196518199780535,0.05219446606810495
1786167529.5792756,0.9419094523399747,1.8799514535947877,3.112270366446173,0.0,0.03834951969714103
1786167529.5991313,0.9419094523399747,1.8799514535947877,3.113201037339335,0.0,0.04687163518539459
1786167529.6191807,0.9419094523399747,1.8799514535947877,3.115422252909498,0.0,0.11078750134729631
1786167529.639115,0.9419094523399747,1.8799514535947877,3.117248499392692,0.0,0.0916127414987258
1786167529.6590717,0.9419094523399747,1.8799514535947877,3.1178650116760784,0.0,0.030892668644919165
1786167529.6791103,0.9419094523399747,1.8799514535947877,3.118078475805811,0.0,0.010652644360316953
1786167529.699654,0.9435364686476093,1.8801767085167043,3.118479402176654,-0.07094857515659381,0.019515673992725035
1786167529.7191885,0.9457410924548231,1.8804827398688917,3.118854613197443,-0.10110847409675587,0.019207756158546203
1786167529.7393458,0.9489161732939803,1.880924143821041,3.118889990138826,-0.14111869106775166,0.001755040412936337
1786167529.7591717,0.9525663811234222,1.8814318114755042,3.118919961876911,-0.16494906250711222,0.00151174396237981
1786167529.7791233,0.9567244642738897,1.8820099533670103,3.118733152773637,-0.18671523324155598,-0.009363122367719398
1786167529.7992146,0.9612948875201891,1.8826461371404954,3.1191836057432285,-0.2038076860542608,0.0224203051201811
1786167529.819099,0.9613313332384772,1.8826512225350045,3.1194374574258887,-0.001642196030519183,0.01276640721316994
1786167529.8392522,0.9613313332384772,1.8826512225350045,3.119673611770601,0.0,0.011717908796348648
1786167529.859222,0.9613313332384772,1.8826512225350045,3.1198225228622345,0.0,0.007456851052221867
1786167529.8791296,0.9613313332384772,1.8826512225350045,3.120395111284269,0.0,0.02876213977285577
1786167529.8992054,0.9613313332384772,1.8826512225350045,3.1210153062607358,0.0,0.030892668644919165
1786167529.9192023,0.9613313332384772,1.8826512225350045,3.1214413455942864,0.0,0.021305288720633905
1786167529.9393077,0.9627578919214854,1.8828532882184519,3.1218352260154743,-0.06358869745733321,0.019590814748517146
1786167529.9592464,0.964871680870828,1.8831534316629714,3.122176964565018,-0.09501353841389397,0.01713945360224898
1786167529.9792163,0.9677775837845721,1.883567224143224,3.1226822056057015,-0.13042084219228725,0.025300077816437408
1786167529.99968,0.9716183317531748,1.8841160837467952,3.1232356383378854,-0.16822931067066096,0.027044600695888644
1786167530.0192263,0.9758959381324219,1.8847304878962283,3.124216765187192,-0.1961763664988211,0.05019509250154152
1786167530.0392041,0.9811723721893382,1.8854945060411357,3.125722028624701,-0.23679165975858796,0.07534677666388873
1786167530.059232,0.9878287030041213,1.886469384055074,3.1277732515655017,-0.29803408190866626,0.10241839678929011
1786167530.0792472,0.9949679180317885,1.8875306500874893,3.130437026481952,-0.31994798729843554,0.1330873351657689
1786167530.0992517,1.003254285698175,1.8887859959856106,3.1338985879724635,-0.3716974882904007,0.17303904661100297
1786167530.1192055,1.0130508178310438,1.8903033447739943,3.137741156742215,-0.4407596147229422,0.19257398032361475
1786167530.1391315,1.0242106823064545,1.89207526576864,3.142266199484176,-0.5030680696032145,0.22709156782785114
1786167530.1592743,1.0369494133270971,1.8941525524129292,3.1469557643025836,-0.5684136025269192,0.23281600847611056
1786167530.1791658,1.0508552026756879,1.896483896268885,3.152083122563383,-0.628755949067456,0.25776628906170845
1786167530.199555,1.0670311864618882,1.8992785616855068,3.1578856851947537,-0.714115580197235,0.28459168426539505
1786167530.2194772,1.084245155929186,1.9023443016115396,3.163436204849271,-0.778406321060793,0.27860898502894293
1786167530.2392733,1.1027638011555516,1.9057287104323297,3.167736430191831,-0.8433839371950766,0.2172255224578873
1786167530.2591827,1.1225074172362128,1.9094275888865941,3.1730900439371155,-0.894751339837002,0.26889904373695755
1786167530.2795436,1.1439786283337825,1.9135843343830885,3.180960644963301,-0.9525023541543054,0.38655378649337
1786167530.2991636,1.1656699661928465,1.9179461756544902,3.188953308039958,-0.9999698024613115,0.407374455756038
1786167530.3196235,1.1893133078357545,1.9228726151345323,3.196297610283121,-1.046649678822037,0.35896097740146515
1786167530.3392568,1.2125759581258513,1.9278776218277083,3.2031722801509184,-1.0745825419561514,0.3501536810266398
1786167530.3592567,1.236882341635647,1.9332733471189028,3.210574193608209,-1.1037396173455825,0.3700960258156073
1786167530.3807213,1.263490427570972,1.9393626978872343,3.217438282225264,-1.1274356359343694,0.3197866725485301
1786167530.3995821,1.2871907935333886,1.9449316193174504,3.223205265209532,-1.1443761642837156,0.305765280361619
1786167530.4197974,1.312053241739584,1.95092683065991,3.230144809015508,-1.1215850011284014,0.34328222226438865
1786167530.4392462,1.3349123152361495,1.956592270920112,3.237037951835289,-1.0734915625919144,0.35442587713709983
1786167530.4596527,1.3576375586229577,1.9623665054400705,3.2429776742533893,-1.0186084927831898,0.2910703403059468
1786167530.4791436,1.3797592210928533,1.9681059298035455,3.247961584124594,-1.0394630436618235,0.2557036991404932
1786167530.4991722,1.4027848150800613,1.974193964539002,3.2530159544044084,-1.054170097745791,0.2523577539950306
1786167530.5194979,1.4260353726641282,1.9804603791485689,3.2582976717613517,-1.050248221526791,0.2598546454874962
1786167530.5395174,1.4463890829501427,1.9860534786940127,3.2636940645110024,-0.9347051968176622,0.2695563988118544
1786167530.5591643,1.4655495105520655,1.9914061312443625,3.2674905426196097,-0.8976529372941684,0.1932356448861855
1786167530.579425,1.4837521311273973,1.9965632312791688,3.2716143512647315,-0.8277979951961044,0.20353620964309235
1786167530.599099,1.4994946878367519,2.001083913154297,3.2751966021976013,-0.7380358525096926,0.1820820841118007
1786167530.6198177,1.5146008413526073,2.005465072369061,3.277283416095112,-0.6729980452856471,0.10072072677623051
1786167530.6392312,1.5147188755001788,2.0054994798015335,3.2781302030096753,-0.005614395891179846,0.04361852163804855
1786167530.659191,1.51617988380783,2.0059263241291014,3.278626722993043,-0.06760432995995608,0.024876139282578764
1786167530.6791964,1.5161947242033782,2.0059306670036423,3.2791167385678857,-0.0006852187996372605,0.02449408627953429
1786167530.6996117,1.5161947242033782,2.0059306670036423,3.280269366642963,0.0,0.05645901510967985
1786167530.7191756,1.5161947242033782,2.0059306670036423,3.2802485259018463,0.0,-0.0010652644360316954
1786167530.739055,1.5161947242033782,2.0059306670036423,3.2797402837791405,0.0,-0.025566346464760685
1786167530.7593548,1.5161947242033782,2.0059306670036423,3.279351037851199,0.0,-0.019174759848570515
1786167530.7790225,1.5161947242033782,2.0059306670036423,3.278387281643393,0.0,-0.049002164057457984
1786167530.799174,1.5161947242033782,2.0059306670036423,3.2774212756910823,0.0,-0.04793689962142629
1786167530.8192122,1.5151316002757897,2.0056145844522635,3.2764690701758727,0.06347505363300297,-0.0475196844735516
1786167530.839143,1.5137577334203063,2.005207264305278,3.2760488919787547,0.08245124787888714,-0.02108181124557909
1786167530.8592021,1.5120602670463015,2.0047048159779095,3.2756649050258537,0.10120728923244254,-0.019142772392856076
1786167530.8791516,1.5101320728195662,2.0041352501381904,3.2750250736944273,0.11557690183319524,-0.03207265234991051
1786167530.899234,1.507298710135871,2.003300378915139,3.2744342681155816,0.16867496430474363,-0.029418964319680243
1786167530.9194787,1.5032853581976477,2.0021201767742096,3.273997103865857,0.2369710166160376,-0.021594118160888992
1786167530.939181,1.5032030115650827,2.002095983253362,3.2739541223742306,0.004995649226553961,-0.002181532010144509
1786167530.9593375,1.5032030115650827,2.002095983253362,3.2737608754675778,0.0,-0.009587379924285258
1786167530.9792671,1.5032030115650827,2.002095983253362,3.2731451954728277,0.0,-0.030892668644919165
1786167530.9992547,1.5032030115650827,2.002095983253362,3.2722509288897017,0.0,-0.044741106313331204
1786167531.0191798,1.5032030115650827,2.002095983253362,3.2712108784563148,0.0,-0.05219795736555307
1786167531.0392308,1.5032030115650827,2.002095983253362,3.270121537842811,0.0,-0.054328486237616457
1786167531.0593972,1.5032030115650827,2.002095983253362,3.269584474202113,0.0,-0.02663161090079238
1786167531.0793262,1.5032030115650827,2.002095983253362,3.2696481629502427,0.0,0.0031957933080950856
1786167531.0995507,1.5032030115650827,2.002095983253362,3.2697127964996318,0.0,0.0031957933080950856
1786167531.1192389,1.5032030115650827,2.002095983253362,3.269461119730569,0.0,-0.012783173232380343
1786167531.1393843,1.5032030115650827,2.002095983253362,3.269310898362135,0.0,-0.007456851052221867
1786167531.1591678,1.5032030115650827,2.002095983253362,3.269542719573974,0.0,0.011717908796348648
1786167531.179096,1.5032030115650827,2.002095983253362,3.2697550077817086,0.0,0.010652644360316953
1786167531.1991892,1.5032030115650827,2.002095983253362,3.2697978169299615,0.0,0.0021305288720633907
1786167531.2196896,1.5032030115650827,2.002095983253362,3.269841493669907,0.0,0.0021305288720633907
1786167531.2391899,1.5032030115650827,2.002095983253362,3.2700284500288186,0.0,0.009587379924285258
1786167531.2591276,1.5032030115650827,2.002095983253362,3.2703045567678677,0.0,0.01384843766841204
1786167531.2791314,1.5032030115650827,2.002095983253362,3.2706455060808866,0.0,0.017044230976507126
1786167531.2990844,1.5032030115650827,2.002095983253362,3.2710281003031865,0.0,0.019174759848570515
1786167531.3192449,1.5032030115650827,2.002095983253362,3.2712858146570722,0.0,0.012783173232380343
1786167531.3392313,1.5032030115650827,2.002095983253362,3.27130710544868,0.0,0.0010652644360316954
1786167531.359196,1.5032030115650827,2.002095983253362,3.27134964080775,0.0,0.0021305288720633907
1786167531.3792653,1.5032030115650827,2.002095983253362,3.2714992950414485,0.0,0.007456851052221867
1786167531.3991785,1.5032030115650827,2.002095983253362,3.271647784782197,0.0,0.007456851052221867
1786167531.4191725,1.5032030115650827,2.002095983253362,3.2716903826200605,0.0,0.0021305288720633907
1786167531.4393604,1.5032030115650827,2.002095983253362,3.271668877216338,0.0,-0.0010652644360316954
1786167531.4595819,1.5032030115650827,2.002095983253362,3.2717335008605533,0.0,0.0031957933080950856
1786167531.479301,1.5032030115650827,2.002095983253362,3.2716704826165435,0.0,-0.0031957933080950856
1786167531.4991448,1.5032030115650827,2.002095983253362,3.271607065879743,0.0,-0.0031957933080950856
1786167531.5191743,1.5032030115650827,2.002095983253362,3.2715430555944094,0.0,-0.0031957933080950856
1786167531.5392618,1.5032030115650827,2.002095983253362,3.271521657115776,0.0,-0.0010652644360316954
1786167531.5591705,1.5032030115650827,2.002095983253362,3.271415617143229,0.0,-0.005326322180158476
1786167531.5791705,1.5032030115650827,2.002095983253362,3.2713303960696196,0.0,-0.004261057744126781
1786167531.5992565,1.5032030115650827,2.002095983253362,3.2712234112958134,0.0,-0.005326322180158476
1786167531.6191735,1.5032030115650827,2.002095983253362,3.271159760644509,0.0,-0.0031957933080950856
1786167531.639148,1.5032030115650827,2.002095983253362,3.2711810387371765,0.0,0.0010652644360316954
1786167531.6592731,1.5032030115650827,2.002095983253362,3.271159600129887,0.0,-0.0010652644360316954
1786167531.6792908,1.5032030115650827,2.002095983253362,3.2711809241927226,0.0,0.0010652644360316954
1786167531.6991663,1.5032030115650827,2.002095983253362,3.2712020968841733,0.0,0.0010652644360316954
1786167531.7192385,1.5032030115650827,2.002095983253362,3.2712448613321508,0.0,0.0021305288720633907
1786167531.7391975,1.5032030115650827,2.002095983253362,3.271287384500236,0.0,0.0021305288720633907
1786167531.759243,1.5032030115650827,2.002095983253362,3.271308738278596,0.0,0.0010652644360316954
1786167531.7792976,1.5032030115650827,2.002095983253362,3.271308738278596,0.0,0.0
1786167531.7991388,1.5032030115650827,2.002095983253362,3.271308738278596,0.0,0.0
1786167531.8192134,1.5032030115650827,2.002095983253362,3.271351507806151,0.0,0.0021305288720633907
1786167531.8392396,1.5032030115650827,2.002095983253362,3.2713728410122256,0.0,0.0010652644360316954
1786167531.859272,1.5032030115650827,2.002095983253362,3.2714582002503194,0.0,0.004261057744126781
1786167531.879587,1.5032030115650827,2.002095983253362,3.271479841024761,0.0,0.0010652644360316954
1786167531.8992114,1.5032030115650827,2.002095983253362,3.271479841024761,0.0,0.0
1786167531.919187,1.5032030115650827,2.002095983253362,3.271479841024761,0.0,0.0
1786167531.9392507,1.5032030115650827,2.002095983253362,3.2715225871862623,0.0,0.0021305288720633907
1786167531.9592628,1.5032030115650827,2.002095983253362,3.271501268964939,0.0,-0.0010652644360316954
1786167531.9792793,1.5032030115650827,2.002095983253362,3.271437300586114,0.0,-0.0031957933080950856
1786167531.999309,1.5032030115650827,2.002095983253362,3.2715013116333838,0.0,0.0031957933080950856
1786167532.019615,1.5032030115650827,2.002095983253362,3.2715013116333838,0.0,0.0
1786167532.0391963,1.5032030115650827,2.002095983253362,3.271563889478098,0.0,0.0031957933080950856
1786167532.0592933,1.5032030115650827,2.002095983253362,3.2716067067536736,0.0,0.0021305288720633907
1786167532.0792797,1.5032030115650827,2.002095983253362,3.271542834378848,0.0,-0.0031957933080950856
1786167532.0994074,1.5032030115650827,2.002095983253362,3.2715857171809626,0.0,0.0021305288720633907
1786167532.119258,1.5032030115650827,2.002095983253362,3.271606863204636,0.0,0.0010652644360316954
1786167532.139171,1.502258165490363,2.0018211594910227,3.271616554721488,0.0566697493596417,0.0004866939799138357
1786167532.1596706,1.5009541922833756,2.001441807462204,3.271666167225607,0.07597194843785694,0.002420156829082232
1786167532.179289,1.4993516183985844,2.0009754378726505,3.2717302209716985,0.09756520373969615,0.0032649646774242746
1786167532.1992207,1.4974109161105418,2.0004104395209144,3.2718127170944213,0.11629855278776721,0.00413897077146873
1786167532.2209864,1.4950356245315546,1.9997194813056707,3.2712968426408033,0.13033868664595344,-0.023701247473027917
1786167532.2393782,1.4925641601233144,1.9990025898636694,3.2704242492590194,0.1604585710943926,-0.04744457437149181
1786167532.259206,1.489520775423618,1.9981222754217387,3.2699224736746846,0.183240651657502,-0.025306615127657226
1786167532.2793934,1.4864889907183343,1.9972477307253853,3.2690683429212606,0.17925341488663302,-0.04231013836461654
1786167532.2992811,1.4864590464958107,1.9972391354245649,3.2676061687014792,0.0017964525873452597,-0.07352158698948369
1786167532.3196158,1.4864590464958107,1.9972391354245649,3.2660898388735893,0.0,-0.07456851052221868
1786167532.3396082,1.4864590464958107,1.9972391354245649,3.2642582847407384,0.0,-0.0916127414987258
1786167532.3592148,1.4864590464958107,1.9972391354245649,3.262942453931104,0.0,-0.06711165946999681
1786167532.3794208,1.4864590464958107,1.9972391354245649,3.2623397621599066,0.0,-0.029827404208887468
1786167532.39958,1.4864590464958107,1.9972391354245649,3.2617384642245453,0.0,-0.029827404208887468
1786167532.4192145,1.4864590464958107,1.9972391354245649,3.2614247254417803,0.0,-0.01597896654047543
1786167532.4392924,1.485464247877441,1.9969623510829755,3.2610062572320775,0.05898031920348458,-0.020842184530044182
1786167532.4592383,1.484062392926129,1.9965729755415915,3.2606280126106184,0.08365435712059535,-0.018963565531119192
1786167532.479245,1.4821874844629286,1.996051982493495,3.2611593501391964,0.11154679484643143,0.02655803705534146
1786167532.4994376,1.4798832865479905,1.9954085528028718,3.262787646329628,0.13587240998031544,0.08063817064622146
1786167532.5192616,1.4773218274575288,1.994686645659609,3.2652906268564816,0.15395402611877623,0.1262599369282135
1786167532.5394053,1.4728369148235512,1.993409403243338,3.267467702791334,0.26548710733019576,0.1080770076797377
1786167532.5596747,1.4687750312975087,1.9922436382096738,3.268756944917255,0.23909406733693722,0.06360536141095914
1786167532.5793135,1.465575462176526,1.9913161290537194,3.2720233783853856,0.19453154834791905,0.16632570881877484
1786167532.5998209,1.4621636650684706,1.9903069916560834,3.278142219074771,0.19896215360199412,0.2983732645715423
1786167532.6193225,1.4621219624558557,1.9902943784359508,3.2826705396551454,0.002561971180060185,0.23220149058075965
1786167532.6392624,1.4621219624558557,1.9902943784359508,3.2866001738163715,0.0,0.19707392066586363
1786167532.6593776,1.4621219624558557,1.9902943784359508,3.29114289713427,0.0,0.2258360604387194
1786167532.6795597,1.4621219624558557,1.9902943784359508,3.2967972151989966,0.0,0.28016454667633583
1786167532.6996355,1.4621219624558557,1.9902943784359508,3.3021651096504887,0.0,0.2673813734439555
1786167532.7194092,1.4611468881097545,1.9899696805229286,3.3070189191674606,0.05959231146121239,0.2454676763359045
1786167532.7392976,1.459716506028667,1.9894853111022572,3.3109630997342347,0.08705904041990387,0.1983156192661489
1786167532.7593884,1.457753992282771,1.9888114706975308,3.3143631372801465,0.11840996074901944,0.16923340191258218
1786167532.7792783,1.4553094189753097,1.9879618893303328,3.317426283142556,0.1491732940861486,0.1540056212035621
1786167532.799304,1.4524704964436748,1.9869641155252182,3.3203989731887393,0.1722664951834749,0.1484435287219098
1786167532.8193183,1.4491853464374065,1.9857969970851561,3.3232577583288134,0.19968979213050844,0.14283722807701152
1786167532.8393579,1.4479917248130278,1.9853686925208751,3.3258473028222695,0.07254280965272467,0.1292216345486147
1786167532.8595655,1.4425762710135381,1.98340977750146,3.327652709194596,0.32668158486234994,0.08934274654690283
1786167532.8795764,1.4390780644222527,1.982130501023426,3.331851191948545,0.21336344865957246,0.20980928619383113
1786167532.8997328,1.4390780644222527,1.982130501023426,3.3353296362682845,0.0,0.17257283863713463
1786167532.9196823,1.4390780644222527,1.982130501023426,3.338942378499532,0.0,0.1810949541253882
1786167532.9397717,1.4390780644222527,1.982130501023426,3.341103830056474,0.0,0.10759170803920122
1786167532.9595037,1.4390780644222527,1.982130501023426,3.343079690898691,0.0,0.10013485698697935
1786167532.9792469,1.4390780644222527,1.982130501023426,3.3452249276849852,0.0,0.10865697247523291
1786167532.9995186,1.4390780644222527,1.982130501023426,3.346822943201126,0.0,0.07882956826634545
1786167533.0192826,1.4390780644222527,1.982130501023426,3.347896688498356,0.0,0.054328486237616457
1786167533.0392861,1.437911789189347,1.9816758135903991,3.348457388179927,0.07171166997198575,0.028029998655707773
1786167533.0597074,1.4361935378095962,1.9810048096869823,3.3488491336806954,0.10351244986373104,0.019183212740378458
1786167533.0793374,1.4339599360122874,1.9801319129365096,3.3488419878559026,0.1399960208298229,-0.0003640265444553258
1786167533.099299,1.4311265763696777,1.97902494840146,3.3486150191151873,0.17463035075124425,-0.011370270493378257
1786167533.119317,1.4278786300028532,1.9777552303198307,3.3491286578660686,0.19963343824660887,0.025658715459149134
1786167533.1393063,1.4240726903630077,1.9762611616999979,3.3509972683506937,0.23439308342027299,0.09348076036906645
1786167533.1592536,1.4200400022950175,1.9746665000602388,3.35336893740892,0.24911503156208112,0.11889680293540518
1786167533.179475,1.415993987345709,1.9730533058018027,3.355838303946397,0.24681644062064764,0.12211606373408283
1786167533.199475,1.4159581920339772,1.9730389343026105,3.357499663658949,0.0022098180752304075,0.08306806484748544
1786167533.21941,1.4159581920339772,1.9730389343026105,3.3570961809475133,0.0,-0.02024002428460221
1786167533.2395234,1.4159581920339772,1.9730389343026105,3.3546964507668964,0.0,-0.11930961683554987
1786167533.2593331,1.4159581920339772,1.9730389343026105,3.353198166643063,0.0,-0.07563377495825037
1786167533.2793643,1.4149337207493975,1.9726331234701184,3.3520329943496625,0.06303467960778274,-0.05816783283020676
1786167533.2993662,1.413377062117525,1.972021841423957,3.347986348889145,0.09581197611405373,-0.2023131718791385
1786167533.3193312,1.411190182625182,1.9711759813665926,3.343046022111295,0.13459175699326326,-0.24745020081017963
1786167533.339245,1.4083400591141015,1.9700898670080913,3.3392343159693394,0.17553641263245767,-0.19140921063190397
1786167533.3597693,1.404865580301682,1.968783527760905,3.335189810761299,0.20728801237015365,-0.19705970113379134
1786167533.3793209,1.4010393989756593,1.9673670182044924,3.330310077701031,0.23919032935779877,-0.24958336557056543
1786167533.3993049,1.392069637790819,1.9641045110563935,3.325046618795284,0.5474863323803084,-0.26338356151005127
1786167533.4193304,1.383724354500118,1.961125800601913,3.3196098006692702,0.507247955152792,-0.271494862824446
1786167533.4398258,1.3741322531162434,1.9577802505507733,3.312176828188134,0.5682500361367724,-0.3626651413326707
1786167533.4592412,1.3730633871528222,1.9574183969656793,3.3034976462773096,0.06663885463797148,-0.44702614884808795
1786167533.4794178,1.3730567794168576,1.957416232452533,3.2949431651259355,0.0003951465700517687,-0.4239792797940542
1786167533.499556,1.3730567794168576,1.957416232452533,3.2906311973246924,0.0,-0.21411815164237075
1786167533.5193226,1.3730567794168576,1.957416232452533,3.286904175031635,0.0,-0.18855180517761005
1786167533.5392668,1.3730567794168576,1.957416232452533,3.2850770330190744,0.0,-0.0916127414987258
1786167533.5596838,1.3730567794168576,1.957416232452533,3.2853597762250355,0.0,0.01384843766841204
1786167533.579331,1.3730567794168576,1.957416232452533,3.2866364683885148,0.0,0.06498113059793341
1786167533.5992537,1.3719966574757116,1.9570849052212353,3.288002958683413,0.06392954362376878,0.06858949893312923
1786167533.6193593,1.370357066081316,1.9565689472072147,3.2900175246639884,0.09803370130001664,0.10019924522509255
1786167533.6392646,1.368033986861514,1.9558313512672902,3.2924275005355024,0.14040977318101522,0.12107189495378248
1786167533.6592853,1.3649233422061922,1.9548339183338954,3.2949272144368833,0.18709463660362224,0.12485632304929724
1786167533.6791956,1.3612214558534825,1.953641108827747,3.2948180535155664,0.22399040332991085,-0.005482625900174671
1786167533.699312,1.3570136960722925,1.952297497965743,3.290244779350426,0.2517838645385638,-0.22734138625578204
1786167533.719278,1.3516532291479217,1.9506152648052284,3.2859889715887753,0.32267108836258046,-0.21315140807608182
1786167533.7392294,1.3447393942082673,1.9484913814110938,3.2795495095901344,0.41571503970833096,-0.3227583138398402
1786167533.7594125,1.3447393942082673,1.9484913814110938,3.271142882848959,0.0,-0.41651839448839284
1786167533.7792356,1.3447393942082673,1.9484913814110938,3.2630551422795615,0.0,-0.4079962790001393
1786167533.7995749,1.3447393942082673,1.9484913814110938,3.2543451368062057,0.0,-0.4282363032847415
1786167533.8192205,1.3447393942082673,1.9484913814110938,3.249699152806133,0.0,-0.23648870479903636
1786167533.839463,1.3447393942082673,1.9484913814110938,3.2476290505780656,0.0,-0.10226538585904274
1786167533.859387,1.3447387658048884,1.9484912158003858,3.247438024726698,3.740643919623677e-05,-0.009587761825755303
1786167533.8792584,1.3438674807387696,1.9482617202371684,3.2473851384603294,0.051999314567342005,-0.0026614164705970247
1786167533.8994615,1.3424818281799789,1.9478965390610623,3.2476481419359504,0.08134279227612604,0.01301796749762609
1786167533.9198124,1.34027118720023,1.9473123227389233,3.248531892962261,0.12885323435962037,0.043425577739125094
1786167533.9396389,1.337516080156628,1.9465807859180815,3.249617896305014,0.16488833062373714,0.05477558580682452
1786167533.9597018,1.3339806314628466,1.9456367455541717,3.2509001343610637,0.20917422629830515,0.06391082837123871
1786167533.979329,1.330003809040295,1.9445717644584963,3.250789205457556,0.24055637904177993,-0.005651756419225093
1786167533.9992914,1.325382489986986,1.9433476439101103,3.2460548992011864,0.27465170618440177,-0.23716223567165617
1786167534.0193112,1.3212564087465695,1.9422858235888563,3.2383701817934516,0.24406325119458075,-0.3838564346619466
1786167534.039317,1.3212342326163968,1.942280316871731,3.2312092959928904,0.0013098364404744989,-0.35794222329681313
1786167534.0595744,1.3192315294787451,1.9418021431119983,3.222618101594428,0.11656032343826477,-0.42410000506373163
1786167534.0792408,1.3146095230528987,1.9407504348228106,3.2125694790079726,0.27639298160659076,-0.510952973303198
1786167534.0994506,1.3088683167867594,1.939531219357401,3.1972368728245812,0.33299918290881425,-0.758672244124048
1786167534.119296,1.301895493473432,1.9381798914366974,3.1813193613712647,0.410312625920645,-0.8020721540485694
1786167534.1392987,1.293416654553612,1.9367070257819914,3.1631494149238133,0.49315101743840817,-0.9083790727241058
1786167534.1593115,1.2834331992921584,1.9351910694305756,3.1439294676336282,0.578198097135797,-0.9603800547893306
1786167534.1792777,1.271820295439733,1.9336957514390658,3.1233740966417,0.6717659589302174,-1.0295122608536198
1786167534.1992462,1.2584468583534336,1.9323020842721603,3.1013282930248307,0.7709856677686557,-1.104028491695293
1786167534.219342,1.2431803830545256,1.9311294229920297,3.0755461995036524,0.8718758990264979,-1.2829576924858748
1786167534.2392323,1.2262615882208874,1.9303371221959278,3.0487146071209223,0.9736805983545264,-1.3489781993293488
1786167534.2592344,1.2079978431999292,1.9300626127677054,3.0195232983190117,1.0432057588310215,-1.459410254163987
1786167534.279409,1.1885945336134551,1.930461561122573,2.985899923946921,1.0976221760201135,-1.6666271197896114
1786167534.2993555,1.1681440643597285,1.9316742503901403,2.951175511327538,1.1701576926299735,-1.740870918064646
1786167534.319303,1.146514104980147,1.9338344182833125,2.9145228885823,1.2394148166600067,-1.8374517987096972
1786167534.3393111,1.123770923135473,1.937056992635692,2.878023050549805,1.303168008890135,-1.82425424998864
1786167534.3592427,1.099896164804098,1.9414204796778871,2.843303462074285,1.3792906140584078,-1.741940798588798
1786167534.3791955,1.0751304968160087,1.9469699469093906,2.807217235407596,1.4375441265654088,-1.8085819335269002
1786167534.3991241,1.0496568006475602,1.9537985858256226,2.7690830519808367,1.4917738357049342,-1.9135315070955086
1786167534.4192274,1.0237298895083633,1.9619737995168527,2.7290672345771774,1.5199476018901632,-1.990518186878826
1786167534.4397542,0.9970434829864051,1.9717426350108436,2.687217583621954,1.5510389919454872,-2.0387725144036564
1786167534.459235,0.9714722045076664,1.9824906738330261,2.6441521157989336,1.5895171984108911,-2.210672932295032
1786167534.4792972,0.9445964117915175,1.9953301527036764,2.6005151895513334,1.650928570519684,-2.1750809215779183
1786167534.499386,0.917110569010338,2.0101108043373577,2.5571483289950843,1.7204242471543953,-2.158746207509164
1786167534.519317,0.8903667393047883,2.0261478519556873,2.5148223336419613,1.7254092382222161,-2.1236433754436055
1786167534.539276,0.8643341687067732,2.0435148208045972,2.4685253176844073,1.72120770701144,-2.319609136092347
1786167534.5592349,0.8390123557881604,2.0623769681639357,2.4188463720029483,1.7277732079030477,-2.489053211978049
1786167534.5795364,0.8138416067957912,2.0833200315455027,2.368590827818845,1.7517776406986019,-2.475449847841606
1786167534.599422,0.7896665177052293,2.1056692967338577,2.3211795510231363,1.7881710190187416,-2.38420866495629
1786167534.6192782,0.7663201523616099,2.129503940869742,2.275252001016039,1.8048602156667906,-2.3130063362867785
1786167534.639296,0.7439038482600695,2.1547130653004567,2.229825797653494,1.8002508256421133,-2.26928343478915
1786167534.6596606,0.7221540965049231,2.181704717846137,2.1827218487021356,1.80812299129069,-2.3130396476319364
1786167534.6793096,0.7022036845973174,2.208906754490293,2.1426510955199984,1.8138224531988367,-2.0393248762935174
1786167534.6993182,0.6826590279825806,2.237900606752928,2.10614781711416,1.8374533409212777,-1.8243827200343756
1786167534.7194471,0.6637329334402491,2.2682863983724575,2.0726148664162087,1.8616474782021957,-1.6659053293877413
1786167534.7402422,0.6451621039811257,2.3004370689174287,2.041206493840109,1.8613046125208745,-1.5103732212360075
1786167534.759481,0.6288480607125881,2.330698652545524,2.014978108370433,1.8560494661679359,-1.3633130765866641
1786167534.7794125,0.6125649800143445,2.362791392797471,1.992048903632072,1.8694689301432248,-1.1503971955517087
1786167534.7993336,0.5967773255002307,2.395543764816469,1.974518812813884,1.8849046540401662,-0.8799776199998396
1786167534.8192453,0.5813827096141719,2.4287350883004066,1.962191809178158,1.8940675143799004,-0.6190813814998154
1786167534.839361,0.566028767240013,2.4624943763125913,1.9591876108956765,1.8986535876523458,-0.1493465867775174
1786167534.8592806,0.5508520196466111,2.4958096180509504,1.9626222160572213,1.892792963953287,0.17242310700893443
1786167534.8793273,0.5353399697667309,2.529148527123168,1.9741299453362602,1.8910345134899649,0.5740457523130591
1786167534.8992007,0.519500189689265,2.5619894880368332,1.9890305267120856,1.8948064062529213,0.74977587507586
1786167534.919285,0.503085022738945,2.59451569742804,2.0084146348794145,1.877747225181776,0.9651334570590856
1786167534.9393325,0.4861402694042911,2.626284685249047,2.032229171965579,1.8644041808969225,1.1879099501533879
1786167534.9592566,0.46862534167336123,2.657142537477153,2.058573532356141,1.8547660617523234,1.322231669581342
1786167534.9792633,0.4502392251763969,2.687420053987072,2.0884164442362088,1.8508079850383634,1.491649124939994
1786167534.9992828,0.4310506745449669,2.7169318147259856,2.117042824190299,1.845048524727612,1.4299225889262621
1786167535.0195785,0.4107961713756003,2.745855996611914,2.153547019221649,1.8332746665463995,1.798624289133382
1786167535.0397193,0.38975324816706447,2.773569982486637,2.189752337414097,1.8289647296922678,1.7976030270470995
1786167535.059261,0.36840899576242925,2.7995424253174765,2.225838121936022,1.8294397707480752,1.8466003411674494
1786167535.0792844,0.3456636739342758,2.8251400912854123,2.261875244469043,1.8268371898488456,1.7997552770615983
1786167535.0993419,0.3220757204658149,2.8496764133444676,2.298850986971825,1.8208120808732906,1.843492632358095
1786167535.1194746,0.2976757504857257,2.8731398209111436,2.3346162683965166,1.8120842568910942,1.7764700797071569
1786167535.1392713,0.2731045144991904,2.8950409232174055,2.368584883622509,1.7993107981127199,1.7158804176272662
1786167535.159421,0.24742770466479702,2.9162933207312656,2.4017860809075744,1.7971070355115952,1.647725993060792
1786167535.1794531,0.22147333574508865,2.936258471675614,2.433793642645869,1.7824488636911435,1.5978082173406398
1786167535.199511,0.1950562680166117,2.9551403851081104,2.4657163768724484,1.7715489254376693,1.5915279137690763
1786167535.2195137,0.16837964789780457,2.9728489227349906,2.4963819729930306,1.7576535343420883,1.5330802349421107
1786167535.2398398,0.1407765101682874,2.9898075570823113,2.5291245852723474,1.7558964776854282,1.6108624774625149
1786167535.2597578,0.11345556102496746,3.00528474755248,2.5602788335847473,1.7424540355483953,1.5641280830443098
1786167535.2796347,0.08598064131967265,3.0196444151990263,2.589762423862332,1.72903052283414,1.4833050334129316
1786167535.299491,0.05840059298131406,3.032923244855048,2.6190491128809334,1.713822399557882,1.474938185433712
1786167535.319316,0.03085369085688283,3.0451002828336633,2.6476391732048343,1.6934566786662555,1.4421229119777776
1786167535.3392446,0.0033943774872216004,3.0561740290482717,2.6774894467886736,1.6604156743251663,1.4978539951642431
1786167535.3596807,-0.024636265807755464,3.0663648543497186,2.7090192231061745,1.6353584270570842,1.5428509237309769
1786167535.3814938,-0.0548897120762204,3.0761148984814404,2.7427894567195734,1.6371339525596338,1.548159118663151
1786167535.3992112,-0.07952917814789418,3.083127016857879,2.769861752387926,1.6282841240004782,1.5280094468047354
1786167535.419244,-0.10727500353210839,3.0900463860460152,2.800582451639951,1.6108600905776647,1.5335136598539865
1786167535.439509,-0.1350306346035106,3.0959555278069253,2.8306283424561207,1.5835892997446557,1.4826593883762844
1786167535.4593565,-0.16205817019165236,3.1007800234350826,2.858557785183907,1.5672204006255674,1.40719273188135
1786167535.4791934,-0.18894116282885953,3.104698054135124,2.886369100783895,1.5542435057864583,1.401998897457903
1786167535.4992318,-0.21574754338725333,3.107722563840347,2.9150014320060182,1.5302445001063059,1.4288755264824675
1786167535.519539,-0.24280554486843053,3.109873451840026,2.9438684078124497,1.5215779233208218,1.4215071569453472
1786167535.5393777,-0.2687270648782589,3.111081681158418,2.9719273327991584,1.4910320792860896,1.414362164038174
1786167535.5595822,-0.2947403777532198,3.111455843390823,2.9997550021839112,1.4695170298653184,1.3772975669209144
1786167535.5795367,-0.319956032369475,3.111024047268373,3.0265419585831497,1.4438762775620728,1.342405620086621
1786167535.5993385,-0.34463012705578855,3.10986193190196,3.0515877415757906,1.4263714123861613,1.2648200323781102
1786167535.6193888,-0.36927809568814673,3.107990029222025,3.0762247466379153,1.4107328657323739,1.2287607034744765
1786167535.639417,-0.3936410023185739,3.1054807058630516,3.0979137436586415,1.4001459968611103,1.082927562497312
1786167535.6592472,-0.4174639439329533,3.1024772617884553,3.1154408377188325,1.3869865804730968,0.8838574641719437
1786167535.6792738,-0.44114378335267634,3.0990862958151313,3.126723882249734,1.3686043061494262,0.5634005429669648
1786167535.6992743,-0.46445139483067743,3.095514970048624,3.1320088194479894,1.351015268809076,0.2642408119205399
1786167535.719575,-0.48775947770765704,3.091817810686372,3.135365786708518,1.3322562453596645,0.16536273983467448
1786167535.7393074,-0.5102619990343458,3.08815645094178,3.1384202304885815,1.324162062548068,0.15479273312661687
1786167535.7593138,-0.5328280594277817,3.084381757189628,3.142585423893957,1.3107526180646139,0.20819285880546853
1786167535.77933,-0.5551460430689694,3.080537486487713,3.146329042685678,1.2968501492935292,0.18702950749922134
1786167535.79921,-0.577109812317643,3.0766714818153966,3.148439935119039,1.2858799436685031,0.106181410800975
1786167535.8195179,-0.5992770552526809,3.072740006029542,3.1480682978278436,1.2707680098851712,-0.01830024275343092
1786167535.8395283,-0.6207892029204105,3.0689569838366104,3.145382607822057,1.2511944817297938,-0.13421423012066513
1786167535.8592665,-0.641706978217734,3.065340187964681,3.1425689663946965,1.2327507699689968,-0.14254804432213816
1786167535.8793402,-0.6626760010851482,3.061779060191279,3.1396684887488586,1.2144542779641185,-0.14449177494920776
1786167535.899263,-0.6835373056481924,3.0582980428933366,3.137044029548633,1.2167347640216752,-0.13173188436539038
1786167535.919311,-0.7044013498030335,3.0548803875896695,3.133977575113242,1.2086418958647496,-0.15295454885574689
1786167535.9392765,-0.725023391813949,3.0515677702669777,3.13115970857303,1.1989237504020445,-0.1411374225418247
1786167535.9597983,-0.7457677543577388,3.0482554171530145,3.13185394657325,1.1731420839791702,0.03382916318644636
1786167535.9793887,-0.7655094307757109,3.045026854902861,3.137254490209058,1.1702931506553733,0.2756732763830892
1786167535.9996152,-0.7854831493323129,3.0415776328777193,3.146907156111735,1.1486534273009954,0.47722918579688467
1786167536.0193143,-0.8046407784672662,3.0380062242946435,3.160004385218568,1.1340861433884761,0.664864451390662
1786167536.0392582,-0.8238092790645335,3.034076427525729,3.17768535982809,1.1249111714191824,0.8865331260668167
1786167536.059951,-0.8432332351407195,3.0296407640574983,3.1984373492403084,1.1041256291870518,1.002859159826111
1786167536.0792196,-0.8609858512319768,3.025137222211706,3.2189747564793727,1.0900695748081641,1.0658532670003924
1786167536.0991693,-0.8790125064215766,3.0201002903167584,3.2399010257914473,1.0759770300711586,1.0489529140210263
1786167536.1195154,-0.8969826340791056,3.0146132975098183,3.2601846931628082,1.0589985031532199,0.9969282991207943
1786167536.139641,-0.9143336650452172,3.008882473707867,3.2789872802857656,1.0410530030827703,0.9342609121837373
1786167536.1594508,-0.9310645947840994,3.0029464355234623,3.2980250660235386,1.0273513892909936,0.9610324098677012
1786167536.1794794,-0.9478729675094262,2.996549422678743,3.3182116020244585,1.0291219201963326,1.007885968797509
1786167536.2001882,-0.9647931536714078,2.9896511536373676,3.3385581133059943,1.0109060909614163,0.982505597050267
1786167536.2204275,-0.9807742738901002,2.982706049599307,3.35767236881002,0.9859963482404881,0.9444103936571625
1786167536.2405741,-0.9962880807555661,2.9755609370712177,3.3759725312899183,0.9705069039060878,0.9083495424916886
1786167536.260281,-1.0113268865513416,2.9682494032286724,3.393852273616895,0.9708882464522773,0.9072803847345574
1786167536.2794516,-1.0255732317042932,2.9609637449649373,3.410921764255742,0.9545474196565819,0.8904029856166585
1786167536.2999368,-1.04041433975341,2.9529970076311276,3.4283356528259015,0.9398259844314004,0.8500732357092478
1786167536.319339,-1.0542547021080018,2.945214180098813,3.444871325120075,0.9348355059918484,0.8522547149281832
1786167536.3395076,-1.0685316938688945,2.936806375746035,3.462940329861481,0.9377935555191133,0.8959003565649037
1786167536.3592858,-1.0820942720858149,2.9284405666383684,3.4804106254656486,0.9190653471031212,0.8833083891911684
1786167536.3793294,-1.095452724315309,2.9198345879356684,3.496986819700292,0.9036887877412163,0.8270063612406708
1786167536.3993154,-1.1086199717489014,2.9110110268742124,3.5117908555610327,0.9033426274003593,0.740723476050074
1786167536.4195588,-1.1218955048867731,2.9018163582231904,3.523614654213631,0.9080565418034974,0.5840814771902451
1786167536.4402692,-1.1351121896747656,2.89244258530775,3.531037871961665,0.8901444336481398,0.35842829062519876
1786167536.459923,-1.1472577505345227,2.8837177924824906,3.5338790647570972,0.8654723309975142,0.144562029097841
1786167536.4795868,-1.1592073803093883,2.875092735319831,3.5346715128434694,0.8523758815383952,0.04029982271771061
1786167536.4998379,-1.1714757845429933,2.8662381253933167,3.5334819128505814,0.8497219271375995,-0.05874267425533993
1786167536.519653,-1.183573872882949,2.8575439023513614,3.5307336782281284,0.8551780322998036,-0.13869321112595487
1786167536.5393646,-1.1956307055238642,2.8489291040954274,3.528335795031575,0.8551780322998036,-0.12164898014944775
1786167536.5593703,-1.2078540941985327,2.8402420452740738,3.525923919623532,0.8527956797269151,-0.12055939305749637
1786167536.5793905,-1.2199867116030165,2.831680202596532,3.5221258472857735,0.8439789671519197,-0.18971156707139
1786167536.5992773,-1.2320359339752058,2.823257412274214,3.517739287321942,0.8413322538962891,-0.22057721406696668
1786167536.6201017,-1.2444803134849938,2.8146489865107793,3.5131489080140725,0.8271466178931572,-0.2204323856534763
1786167536.6397161,-1.2562378062355801,2.8065968980614464,3.509159550092101,0.8271939939963433,-0.20338863836383808
1786167536.6598327,-1.2681262210562472,2.798531436577146,3.5051137922035065,0.813246804267877,-0.20111571549826063
1786167536.6792572,-1.279655726865363,2.7907795257493233,3.501496646208021,0.8146407657002499,-0.18621624505905016
1786167536.699502,-1.2916402338232928,2.7827933017147766,3.49753351620246,0.8103714302230767,-0.19576003715380974
1786167536.7193034,-1.3034101017094657,2.775021113465018,3.493804612964278,0.8115616836199234,-0.1883153380072958
1786167536.7392652,-1.3152636946662999,2.767263230290162,3.4900035441223554,0.8087161080962945,-0.19041681494341053
1786167536.7593486,-1.3272106502145253,2.7595188539472773,3.4857729835187246,0.8079809441676482,-0.2106493335634505
1786167536.7797303,-1.3393695534428196,2.7517097429231123,3.4822611741683698,0.8082121792199798,-0.17230217466322867
1786167536.7993257,-1.3510515268427472,2.7442684327225404,3.4788853177164665,0.8058582389308354,-0.17227814208284575
1786167536.8192852,-1.3629622124755993,2.736751458225648,3.4745752441532916,0.8046356631160482,-0.21594150205834062
1786167536.8394952,-1.374901463283961,2.7292949823126618,3.470277769723291,0.7943502495170878,-0.21264069970212807
1786167536.8594677,-1.3865977224154964,2.7220514827401416,3.4676282585385834,0.7856994815121445,-0.1326575468845758
1786167536.8796394,-1.3982528034437256,2.7148675754303317,3.4662439831908496,0.7742533456040277,-0.0686248212668272
1786167536.8993514,-1.4095431405562366,2.707916005393032,3.4664675369633273,0.7672986449579181,0.011341015531570325
1786167536.919962,-1.4211497421153445,2.700729340866764,3.4703484108621825,0.7555056199443388,0.18829531293697982
1786167536.939453,-1.4322066922257966,2.693779498381849,3.477982497052198,0.7640848753245588,0.3916732302128209
1786167536.9593587,-1.4433158003559656,2.686628136179751,3.4890249534079696,0.7565646403665676,0.5547354668507347
1786167536.9793205,-1.4544306597286694,2.6792404704727963,3.503414735344911,0.761657362736626,0.720864724664226
1786167536.9996881,-1.4655605600458173,2.6715579201202235,3.519551930940789,0.7558743104844408,0.7922964840166528
1786167537.0192537,-1.4760244394186812,2.664060335959049,3.5340130417444815,0.7483916076801426,0.7391096569551789
1786167537.03947,-1.4865667095640034,2.6562458721812012,3.5476866293516185,0.7378230774410095,0.6763669547600117
1786167537.0599158,-1.4969815466005865,2.648263073696362,3.562061866049785,0.7289509484844549,0.7030891457631538
1786167537.0797446,-1.506799976719416,2.640470791055951,3.5771673801674058,0.7173799167068088,0.7617968243265565
1786167537.0993829,-1.516355686293994,2.632618544362873,3.591793717822555,0.7140739177921628,0.7447863459838899
1786167537.1192276,-1.5257848749965852,2.624608879941869,3.6057298214124853,0.7062426332481474,0.702255722132003
1786167537.1392572,-1.5350830361726309,2.6164553482457817,3.6193277927439356,0.6988212047964095,0.6788956736982112
1786167537.1594229,-1.5442958595608873,2.6081166871097294,3.633297864501383,0.6968083417121705,0.6927646617153703
1786167537.179313,-1.5531807355852774,2.5998099181125065,3.647671480926209,0.6908513197094774,0.7226528842087244
1786167537.1992445,-1.5619024685292708,2.591381213171807,3.662351926390433,0.6867773834421101,0.7365429147761883
1786167537.2195804,-1.570600018825738,2.5826889523058347,3.677201275302102,0.6816948166937448,0.7302032186835151
1786167537.2396038,-1.578988800603994,2.5740225150057414,3.6915671039383504,0.6783739665603812,0.7174539497086632
1786167537.2592924,-1.5871178998390225,2.565347238804835,3.7057974552670716,0.6792936104674789,0.7227708827738034
1786167537.2793145,-1.595171688314636,2.556469328995886,3.720078265832115,0.6727347212103407,0.7132504659046226
1786167537.2998254,-1.6031393036492414,2.5473947594925033,3.7344916777403183,0.6608446342414163,0.7027192135236001
1786167537.3192918,-1.6104715040990754,2.538777759065799,3.7475508116972933,0.6516545027782278,0.6708551071952382
1786167537.339946,-1.617989056426992,2.5296726973820123,3.76077113025813,0.6402474479743121,0.6400788990071843
1786167537.359252,-1.6249245564221972,2.5210249241815053,3.7727784158772835,0.6423840417333528,0.6219475900161547
1786167537.3793566,-1.6320948380656728,2.511825437959344,3.785431143124256,0.6483602158357029,0.6293434272503289
1786167537.3997786,-1.6392287438104955,2.5023987702386963,3.7980882373122293,0.6462140997246337,0.6197779581230967
1786167537.4198904,-1.6458750130299187,2.4933549857587174,3.8104508825357013,0.6222661172840204,0.614696133144361
1786167537.4395828,-1.6521718966181411,2.4845434024060906,3.8217815079227453,0.612602390822935,0.5753800109373406
1786167537.4593418,-1.6583520678342758,2.4756614904028127,3.8328353336609204,0.6093593799146679,0.559434153953932
1786167537.4793386,-1.6644736085564529,2.4666305332697926,3.8435755186460794,0.6064801932495749,0.5370929958865495
1786167537.4998348,-1.6707406897403922,2.457143236633,3.854123335262149,0.6160449547256588,0.5146247911878812
1786167537.5202584,-1.6768882509205012,2.447596801598552,3.864394381161237,0.6167577190722389,0.5028996054157604
1786167537.5398302,-1.6824244383112341,2.438776540691241,3.874888755815664,0.5896789332462352,0.5361992641072407
1786167537.559632,-1.6878258796284906,2.4299415316451336,3.885508663434768,0.5789576459591326,0.536308723212777
1786167537.5796478,-1.6931567860192005,2.4209960962433303,3.895177891282274,0.5754048848024546,0.48308177336697333
1786167537.599462,-1.6984264100527038,2.4119446068482784,3.903819313779543,0.5840827459726853,0.4361215414584218
1786167537.6196456,-1.7036758468016306,2.402714066661705,3.913353504167906,0.58080518786974,0.4723739945505467
1786167537.6394536,-1.7085688415280806,2.393882893879023,3.923853539231958,0.5621064705570438,0.530089178865146
1786167537.6598237,-1.713397132786679,2.384918562751448,3.9348057406097294,0.5506372854940387,0.5376631246938259
1786167537.6794066,-1.718028752509094,2.3760769141998623,3.9446443288935265,0.5608739586292457,0.5024048868729863
1786167537.6996605,-1.7227076204184937,2.3669014639350845,3.954626190924946,0.559001714123076,0.4928366216504624
1786167537.719604,-1.727044314808254,2.3581637141165586,3.9642895622383483,0.5371135528797158,0.4845379735954911
1786167537.7395937,-1.7312729743340562,2.3494070531574884,3.974210292821287,0.5336345420938076,0.4962914013923645
1786167537.7592857,-1.735415008933685,2.3405834707064637,3.9842122190492897,0.5424122819655335,0.5079196937528077
1786167537.7793279,-1.7395357748082376,2.331550599934041,3.993986417247213,0.5422461938363202,0.4876813651468658
1786167537.7995958,-1.7434793855296653,2.322653696104405,4.00376633596771,0.525020909373089,0.48253090470601734
1786167537.8195426,-1.7472578889768133,2.3138802711981845,4.013200445187541,0.523091614475419,0.4729632219401198
1786167537.839353,-1.7510331690785925,2.304866843226157,4.021997196107353,0.5382563764431286,0.4440462573560073
1786167537.8606753,-1.75494412526605,2.2952655990613056,4.031103634496443,0.5300140238883758,0.4270861767724518
1786167537.8797228,-1.7582763918664064,2.286851172866903,4.039768563134526,0.5174203200519895,0.4549116276730496
1786167537.8995948,-1.7617013458698128,2.2779519096955925,4.048786440921956,0.5220265158043023,0.4537993362286493
1786167537.9194653,-1.765061902595075,2.2689524160125902,4.058056994199942,0.5253963820727365,0.46654810477270797
1786167537.939468,-1.7682291888154373,2.2601972586778873,4.067585047904396,0.5052982468027245,0.4763406768395682
1786167537.959514,-1.7713010237043902,2.251407031221386,4.078095045385702,0.5036788203900278,0.5242941100135305
1786167537.979814,-1.774417358524159,2.242142266180898,4.089123857984601,0.5214682186057394,0.5432872487969644
1786167537.999539,-1.7772589781681418,2.233354937873102,4.099654036156509,0.506419587972361,0.533853508039746
1786167538.0194008,-1.7800042608219244,2.2245430737881424,4.108925324314488,0.5020248520626692,0.466786716676429
1786167538.0393417,-1.7827579684844754,2.2153976681172027,4.117232031764415,0.5169112492234083,0.4165673053403723
1786167538.0594172,-1.785414171641297,2.2062670204123993,4.1261949348629186,0.5106686443157328,0.4464584434956705
1786167538.079697,-1.7879086807341564,2.1973510476316704,4.136246641001399,0.4916368163951409,0.4956549132185884
1786167538.0993998,-1.790280214866558,2.188501406308216,4.146514505798224,0.5001450445561235,0.521134394830346
1786167538.119396,-1.7925920246017717,2.179466042135486,4.157275835600525,0.5010241011501025,0.5381696510684736
1786167538.139377,-1.7947284717093255,2.1707101128647226,4.167245016244907,0.4839312626851247,0.49892937646567254
1786167538.1592531,-1.7967888880168328,2.1618785030169914,4.176080886345792,0.4889510910812775,0.44454964023246557
1786167538.1792595,-1.7987897458658564,2.1529380724835985,4.184015425250134,0.4902311477133214,0.3965996718581715
1786167538.1995778,-1.8006816424680636,2.144122992907291,4.192358273426321,0.4745505510823448,0.4106082007577519
1786167538.2194254,-1.8024971529219864,2.135272196881853,4.200949488677117,0.4863327652937865,0.4328584632632778
1786167538.239501,-1.8042271817822795,2.126400751209842,4.210496000165841,0.4804564639519712,0.4755290348704991
1786167538.2594197,-1.8058217576308109,2.117763017983612,4.219715405807522,0.4700374334277591,0.4628522348497672
1786167538.2795918,-1.8073702998345045,2.108898162674328,4.228470904720908,0.4749814233334148,0.4340396193552596
1786167538.2994711,-1.8087715798938784,2.1004114411295434,4.237123505615092,0.4601878276694235,0.4352559191759128
1786167538.3197942,-1.8101114948313075,2.0917870195373083,4.246294788998082,0.4562376867572979,0.45127521472534066
1786167538.3397439,-1.8113894669312618,2.0829883540094727,4.255697969081081,0.47290877208342524,0.47134503537308
1786167538.3594923,-1.8125272034979636,2.074570940868746,4.26488351632588,0.4558589315955635,0.46512751929892093
1786167538.3796453,-1.8136025174865047,2.065970930374333,4.274450589418927,0.4552657136398254,0.4747209556887298
1786167538.3992395,-1.8146144542667404,2.0571507000183864,4.284039822488336,0.4790734652316273,0.4893915922802101
1786167538.4192994,-1.8155154002745997,2.048512787830309,4.293904150028271,0.45719709536232533,0.49174546820138715
1786167538.4392648,-1.8163261041540055,2.039864838760585,4.303806789308995,0.45883805190264515,0.4959897725808929
1786167538.4595535,-1.8170877666082261,2.030727511112712,4.3134123454663476,0.4760481382588394,0.4734435128501654
1786167538.479481,-1.8177245626899956,2.022049254169568,4.322595539312865,0.459414298821871,0.46083016299231533
1786167538.4993784,-1.818280789046144,2.0132793664216457,4.332209056888519,0.4640898093249682,0.48315298147086905
1786167538.5194438,-1.818764820608934,2.004223776523127,4.341474071706606,0.47434676590966196,0.4617429742343313
1786167538.5393336,-1.8191466712997961,1.995536592017548,4.350216369935744,0.45831848997996405,0.4395360619446223
1786167538.5594327,-1.819458477086827,1.9865435217026928,4.359112757137541,0.46880834917783804,0.44262475891491276
1786167538.579464,-1.8196855308714652,1.977547477661897,4.36817089721408,0.46987403179117765,0.45220125874033323
1786167538.5993445,-1.8198219895073682,1.968872770076655,4.377248448109117,0.4558983615326824,0.4566050012502721
1786167538.619519,-1.8198798718522733,1.9597852200613337,4.38604898190286,0.4700405171760827,0.43622059246541095
1786167538.639633,-1.8198535499493689,1.9507499134204733,4.394994891004407,0.46819622788582227,0.44476153724632833
1786167538.6592944,-1.8197468227590616,1.9421002469720876,4.404097638037867,0.458022416358526,0.4629749023043538
1786167538.6797018,-1.8195447135693366,1.9328056598711325,4.4130207599313325,0.4736989826001256,0.4372485057567314
1786167538.6993878,-1.8192773600616325,1.9241383761415407,4.421547798660427,0.4575041660991897,0.4331527891774336
1786167538.7192702,-1.8189370034074388,1.9155562408362392,4.4299288460634685,0.44817641128088204,0.42153011220089653
1786167538.7394245,-1.8184966945271572,1.9064540241970171,4.438269976284091,0.46859159814781765,0.4138648320641842
1786167538.75949,-1.8180053422846667,1.8978578825938994,4.44679314637505,0.4442084151925277,0.4247664168105706
1786167538.7795563,-1.8174224468734166,1.88907918026996,4.456020150077003,0.4533561414460541,0.4598267493835021
1786167538.7999477,-1.8167577441046059,1.8803190547609798,4.465007439674857,0.44494872494863025,0.4407378251500994
1786167538.8200023,-1.816048036057238,1.8719548201315965,4.473250767697025,0.4317978242206758,0.41104468521304144
1786167538.840351,-1.8152159947473452,1.8630370696391108,4.4812203218986575,0.45357176535710547,0.39164762406268044
1786167538.8595223,-1.8144048134070814,1.8549996154641013,4.4878543950023975,0.43380900357803465,0.3460430214563898
1786167538.8794823,-1.8134779243731005,1.846439160674736,4.495290936361655,0.4437066350367603,0.3725735823752735
1786167538.899665,-1.8124603584599859,1.8377156818493194,4.5038848352998695,0.4471063899669793,0.4258020943399013
1786167538.9195373,-1.8114160579946135,1.8294213598600355,4.5130269866396375,0.4317307868646059,0.46004753368915513
1786167538.939432,-1.8102412934870658,1.8207370750273606,4.521815145463419,0.4515306621167142,0.44173589122311535
1786167538.9594395,-1.8090322990123036,1.812360779203206,4.530337288453923,0.4331021695950907,0.42594507058842357
1786167538.9793713,-1.8077585217046828,1.8040383377277034,4.538445168387413,0.4320298292884073,0.4067812588105144
1786167538.9996178,-1.8063980041729906,1.7955912900304134,4.545581157283288,0.43177916595661714,0.3524553317230591
1786167539.0197365,-1.805006784058428,1.7872964632515238,4.551065748449724,0.4267908646966876,0.27261142713961356
1786167539.039273,-1.803581527515711,1.7790340287115103,4.554578805431756,0.43787810327082866,0.17982022591545713
1786167539.0592487,-1.8021535639227975,1.7708941689695483,4.55651429112352,0.42195259396966484,0.09689219157486875
1786167539.0792968,-1.8006907920949828,1.7626379977170838,4.557751108164414,0.42646908832051167,0.06169235398494137
1786167539.0992305,-1.7992471286336333,1.7545106893052933,4.557219250397931,0.42223205884023185,-0.02668133620460955
1786167539.1194673,-1.7978366705788242,1.74650715337989,4.554892657926451,0.409548568689806,-0.11496879215706346
1786167539.1392791,-1.7964109487357476,1.7383171772158668,4.552927745336078,0.42803462724660696,-0.09917855924346809
1786167539.159263,-1.7950378986440887,1.7303412132411586,4.551012668599681,0.4132293744050788,-0.09583161153666372
1786167539.179306,-1.7936251044806637,1.7220498777081774,4.54938774328913,0.4282650182328458,-0.081071416010346
1786167539.199263,-1.7922714776472053,1.7140279631534865,4.547665974901034,0.4161083745211591,-0.08627362479708717
1786167539.2193155,-1.7909239867607996,1.7059516009887878,4.545572675259725,0.4169100112755273,-0.10439130452926489
1786167539.2395737,-1.7895493735946562,1.6976229642915819,4.544038780885822,0.4255381116225039,-0.07571725344587023
1786167539.2593946,-1.788268782356182,1.689796560761796,4.542668093537249,0.4086785134045398,-0.06915353856828566
1786167539.2793303,-1.7869231694783756,1.6815108923863256,4.541518708419068,0.43015378714262814,-0.057654881825498244
1786167539.2992985,-1.7856494466335406,1.6736054841060164,4.540031261211824,0.40972402585269224,-0.07449053491977611
1786167539.3197644,-1.7843154861956068,1.6652466081044524,4.538395035597237,0.4226733958661666,-0.07994906384162295
1786167539.3392313,-1.7830601438239624,1.6573399810100948,4.538290762467307,0.4203114033567463,-0.005356438529786112
1786167539.3594153,-1.7817882903559696,1.649398131550293,4.540873017246709,0.40720007099322847,0.1279354762723347
1786167539.379721,-1.780389494807431,1.640861612041879,4.545260401713023,0.4351223355876089,0.21606735178230665
1786167539.3993504,-1.7790603994211391,1.6330076662777637,4.5510114458038124,0.4142023333096632,0.29297997417980837
1786167539.4193928,-1.7775785322252062,1.6245940221214128,4.558331110181312,0.4347061644109615,0.3652086217311457
1786167539.4394307,-1.7760548858918939,1.6163295252097591,4.566611195226686,0.42727253968448925,0.4132214150294843
1786167539.4594266,-1.7745082090644368,1.6083217656215956,4.5749616338235315,0.4150794196622607,0.41760695857233926
1786167539.4795399,-1.7728200977480948,1.5999560752998205,4.582929199265636,0.4313499605801408,0.39613555557757296
1786167539.4996548,-1.7711768800743952,1.592139393317065,4.590838911395153,0.403260113017777,0.39322654589037054
1786167539.5192993,-1.769378814561712,1.5839128841720753,4.598620091440954,0.4348621650433812,0.3960996976858187
1786167539.5396545,-1.7675942075406366,1.5760417292666862,4.606125875705454,0.4018423823033114,0.36873993819963297
1786167539.5596237,-1.7657007435940182,1.567976605993811,4.613655798471436,0.42003010930913776,0.37707636588039817
1786167539.57948,-1.763835088013543,1.5602967772469754,4.621337013999412,0.4025813936819135,0.38684188866702507
1786167539.5993237,-1.7619211951728562,1.5526838098896463,4.629415656159675,0.3997023861249501,0.40711130621230385
1786167539.6192749,-1.7599410308552774,1.5450699278671456,4.637432055155594,0.3980108794788877,0.40180225348865073
1786167539.6392636,-1.7579535134705377,1.537659070244544,4.644422450809257,0.38706419824639987,0.34971605639070474
1786167539.6592543,-1.755823308440355,1.52991548703094,4.650132177136969,0.4047743866039675,0.2856193778576216
1786167539.6797018,-1.7537252481641517,1.522432804578503,4.6541037392472315,0.3826778492287772,0.19423223121068625
1786167539.6995656,-1.751545434951681,1.5147539532778875,4.656433985083965,0.4044487445720315,0.11731092161067408
1786167539.719508,-1.7494460980974855,1.5073846422394146,4.6558029189093135,0.3866741384707669,-0.0316446293888887
1786167539.7394958,-1.747251377930377,1.4996308274469623,4.652888227685516,0.4058162940427124,-0.14582335610116204
1786167539.7595878,-1.7451523547032393,1.4921353032381812,4.650047180872095,0.39009759175304376,-0.14140181808570745
1786167539.779682,-1.7430043035567184,1.4844020287782775,4.648509068051847,0.40230117662070125,-0.07654528012746166
1786167539.7994459,-1.7409465370130306,1.4769767959265947,4.648703529622975,0.39269559287711336,0.009839207508516704
1786167539.8193219,-1.7388794380888601,1.469522460696064,4.64866632538579,0.3920212736469808,-0.0018718168179171239
1786167539.839315,-1.7368131944945824,1.4620508370228937,4.647138341124312,0.39058922825961023,-0.07642570685632714
1786167539.8592415,-1.734839271282052,1.454858976333288,4.644641738329025,0.3771125706871755,-0.1252902808237153
1786167539.8794138,-1.732725979634397,1.44708988341551,4.642409998503702,0.4022838032810992,-0.11063356470716597
1786167539.8993804,-1.7308193172483755,1.440036611587582,4.641335122151268,0.36889964632624406,-0.05383371366412241
1786167539.9152808,-1.729169637697586,1.4339138212967937,4.640609264389695,0.402080581181225,-0.04565035931087283
1786167539.9393363,-1.726866030668611,1.4253277355704732,4.639057095765385,0.3726385984732886,-0.06452453089927228
1786167539.9593441,-1.724819768495864,1.417657560951496,4.637611282689991,0.40015347242298865,-0.07226229537269309
1786167539.9793077,-1.7229192523963643,1.4104960482748146,4.6362802594257575,0.3743793031115584,-0.06667283151530684
1786167539.999291,-1.7209030234817093,1.4028578579933617,4.634815203104017,0.39883158923482903,-0.0733140640271526
1786167540.019704,-1.7189923706087478,1.3955731941312353,4.632976237588044,0.37228349091019963,-0.09008725188929434
1786167540.0393016,-1.7170775029504899,1.388220404835693,4.631186065723965,0.39131405119043444,-0.09134680904879722
1786167540.0592408,-1.7152325763034995,1.381090007208304,4.629665800616918,0.3728992416132507,-0.07624510073474808
1786167540.079564,-1.7132959886777472,1.3735654401769857,4.628459924184971,0.3860120477034263,-0.0593347451024291
1786167540.0993452,-1.7114464492261199,1.3663477364209604,4.627413789581747,0.3803673390153168,-0.05288552876814002
1786167540.1193776,-1.709574862630829,1.3590073305109125,4.625905911036827,0.38192301669437995,-0.07527196463391442
1786167540.1398857,-1.7076616615737006,1.3514531675648835,4.624055974905255,0.3838520042461222,-0.09020536075889413
1786167540.159516,-1.7058932152552186,1.3444227285869754,4.622517379886448,0.37313645313998595,-0.07837805142061462
1786167540.1797416,-1.703950917958006,1.3366579516023411,4.621271340272795,0.3999214200701793,-0.06160728187121836
1786167540.1994126,-1.702195912309683,1.329605266254956,4.619918102345082,0.37343100038390104,-0.0687936786797947
1786167540.2193735,-1.700274632150839,1.3218256329730727,4.617581449789535,0.4058537394933588,-0.11706159862806417
1786167540.2396712,-1.6984476025341833,1.3143573278152774,4.615383066903813,0.38304763276156495,-0.10830664393153482
1786167540.259496,-1.6965511744161934,1.3065356294304298,4.61331480345158,0.4106483815219942,-0.10432737634847214
1786167540.279526,-1.6947515606626848,1.2990509768838143,4.611421618483504,0.3888425905509772,-0.09451736995114488
1786167540.2995644,-1.692911950307666,1.2913312686352736,4.609119621983974,0.4007976843123607,-0.11487944990263488
1786167540.3197858,-1.6911049979008936,1.2836729808862677,4.60681955287317,0.3939135950315109,-0.11374390227812638
1786167540.339547,-1.6893904473918306,1.2763406760559053,4.604973441361817,0.38585109728788536,-0.0934215638303297
1786167540.3597562,-1.6875324220045873,1.268335434494218,4.603381487250416,0.4118496310836102,-0.07877329405488971
1786167540.3793156,-1.6859035717049462,1.261269140430217,4.601806304081507,0.37556509925445597,-0.08053337558304148
1786167540.3996623,-1.6840479639910377,1.2531499973329931,4.599509344222385,0.4147484329435989,-0.11289135135874423
1786167540.419387,-1.682397109866209,1.2458539938379454,4.597330722312358,0.384367004062971,-0.11045064294003376
1786167540.4393413,-1.6806573089924983,1.2380843770676502,4.59491009564701,0.4045262604719727,-0.12130910345989526
1786167540.4594026,-1.6790183443118085,1.2306851681078443,4.592587723480553,0.3831024704889347,-0.11576405485016328
1786167540.4794877,-1.6773315593936249,1.2229972740059867,4.590773140607993,0.3975042179960825,-0.09034474319177212
1786167540.4992356,-1.6757610041318958,1.215789073124626,4.589539700050326,0.37901465418635516,-0.06245909844114802
1786167540.519277,-1.6741537898545547,1.2083758041123702,4.588564440047312,0.3840539562151785,-0.048662109584602584
1786167540.5393531,-1.6725592582335964,1.2009803288464242,4.587117331401992,0.3824343312770753,-0.0720813915979164
1786167540.559571,-1.6709546168295812,1.193476574803029,4.5850563677364296,0.3852552555126632,-0.10193759606514452
1786167540.5794752,-1.669444886731363,1.1863386487626288,4.582521168836063,0.37218022779607235,-0.12737045288445553
1786167540.5993376,-1.6679419658843404,1.1791473283411107,4.580117527232639,0.3756782492894724,-0.12101457935882629
1786167540.6193748,-1.6663705985106785,1.1715510159673868,4.578308131765151,0.39331057694125865,-0.09030192816531972
1786167540.639592,-1.664883327785183,1.1643124436723271,4.577305393738001,0.3714126691336405,-0.04959831265517338
1786167540.6593409,-1.663367717445114,1.156903268541654,4.576427492247445,0.38915444762879814,-0.04445312536606835
1786167540.6794593,-1.6619643768271377,1.1500163021277392,4.575647323302729,0.35506159346578225,-0.03877873180027035
1786167540.6993346,-1.6604397811872835,1.1424934897835384,4.574170285838178,0.39255754250930586,-0.07431527351117359
1786167540.7193394,-1.6590859157705715,1.1357635170358038,4.572649928175031,0.34887606754760503,-0.07599983586356694
1786167540.739958,-1.6575670964412743,1.1281455316675053,4.5705924913272655,0.38310403145324423,-0.09978510424637088
1786167540.7597165,-1.6562449992015327,1.1214565337801274,4.5692167128128665,0.3509903581901229,-0.06962983512194354
1786167540.779376,-1.654806605963135,1.1141240640798151,4.56761029710674,0.3866538891650887,-0.08171185114685979
1786167540.7993548,-1.6535158476300622,1.1074945227927235,4.566263176783671,0.34396870922183603,-0.06742761864419658
1786167540.8192742,-1.6521194481328667,1.100259147237645,4.5642132065531875,0.37648059006492934,-0.10291327545363775
1786167540.8394344,-1.6508368394067685,1.093550514174825,4.562660384467671,0.3448648511423671,-0.07702414773969869
1786167540.8592937,-1.6495369956898958,1.0866957667617223,4.561085828253669,0.3576815686745742,-0.07928552903642137
1786167540.87924,-1.6483205699551537,1.0802337089836067,4.559870068326371,0.3356928218427567,-0.06095153926088109
1786167540.8993154,-1.6470233253447115,1.0732838457904093,4.557914626963446,0.3586815923438432,-0.09740523420208236
1786167540.919428,-1.6457919833099561,1.0666288323538744,4.556601563887326,0.3427942917883913,-0.06528509954387528
1786167540.9395888,-1.6445569404108067,1.0599000164136727,4.554941141779457,0.345744427154087,-0.08235944996123801
1786167540.9593644,-1.6433755945685373,1.0534028358674683,4.55316606474863,0.3403119222806128,-0.08976083779264056
1786167540.9793143,-1.6421632784301403,1.0466570084929079,4.550757021442263,0.35021155904771223,-0.12075457689268726
1786167540.999532,-1.6409671096179,1.0399432909613315,4.550061458248607,0.34390284569450535,-0.03440374869277625
1786167541.0196953,-1.6397931211120604,1.0333278227348637,4.5492612193157935,0.3397722586821612,-0.03968789959745228
1786167541.0398395,-1.6386167729683554,1.0266772336144776,4.548804644613718,0.3418901217686315,-0.022665290968419433
1786167541.05972,-1.6374810607866217,1.0202260778090455,4.5475292943072985,0.3360235615308001,-0.06415070925961501
1786167541.0795593,-1.636322862782431,1.0136061279516255,4.546571678741532,0.34551529962559685,-0.04826864872809343
1786167541.0994031,-1.6352004992360265,1.0071617791717107,4.5458693862562285,0.3362614595420582,-0.035390998309233986
1786167541.119361,-1.634018604033673,1.0003614096941191,4.545733717749108,0.3528064860832831,-0.006797775174630642
1786167541.139735,-1.6328383573771457,0.9935577115489678,4.545097498235763,0.34576222472566975,-0.031226938736227852
1786167541.1600902,-1.6316586824353796,0.9867328476735494,4.5443965275044595,0.3471494500867205,-0.03443689493755876
1786167541.1793697,-1.6305192828934252,0.9801219120263317,4.543998042932601,0.3550231992487354,-0.020668844401532185
1786167541.199329,-1.6293421805793784,0.9732761802831581,4.543479183005855,0.35510614846408206,-0.025996013452656213
1786167541.2202988,-1.628112858256062,0.9661029676670639,4.542755546747802,0.3541517026740516,-0.03450838451566848
1786167541.2394989,-1.6269777895435147,0.959433435199584,4.541048799469237,0.359618737863884,-0.08889268651176518
1786167541.25976,-1.6258093083344565,0.9524971225743172,4.539291987767281,0.3543945632444922,-0.0867088213690012
1786167541.2796428,-1.6246434014410975,0.9455164782500325,4.538138006047324,0.3634225544717373,-0.05803885297613559
1786167541.2995753,-1.6235106251113902,0.9386863557919362,4.536897990416029,0.35468615901558315,-0.062210716390641914
1786167541.3194423,-1.6223624488169701,0.9317016210775285,4.535173424563926,0.363893119875422,-0.08680579699187792
1786167541.3395798,-1.6212419425527216,0.9248051947775582,4.533084082848544,0.35444124389153386,-0.10375352893210975
1786167541.3594,-1.6201277967808845,0.917860408483985,4.53108935258701,0.3626174352140089,-0.10064121054310651
1786167541.3794289,-1.6190367053513661,0.9109813245829396,4.529437809471738,0.3554259800808569,-0.08245829388689616
1786167541.3993957,-1.6179573192314103,0.9041064764732605,4.527855010906236,0.3562934709130126,-0.07927135723640252
1786167541.4193482,-1.616904412814221,0.8973412723792105,4.52665704040395,0.35084934926591865,-0.06004101556542918
1786167541.4394286,-1.6158281827206742,0.8903726594746093,4.525406926566913,0.3590871446810698,-0.06225564830427523
1786167541.4595866,-1.614835258895548,0.8838930381438909,4.524200373971157,0.3325924288704043,-0.05985462132723509
1786167541.479481,-1.6138255917232374,0.8772422279628892,4.5225194697092554,0.3458925240036823,-0.08449149082978608
1786167541.4994142,-1.6128533260044007,0.870767834955578,4.520900987668672,0.3360487770416958,-0.08119519767416986
1786167541.5197053,-1.6118234178283117,0.8638289136975454,4.519012003104289,0.3537950609701163,-0.09309428735984454
1786167541.539643,-1.6108973130520448,0.857516042781134,4.51743735748094,0.32756816912652537,-0.07897808593831969
1786167541.5595658,-1.6099282260667946,0.8508324460707617,4.515584035562536,0.3470559665787802,-0.09302548449835539
1786167541.579396,-1.6090023679386247,0.8443864340679756,4.514670977302084,0.336273210658223,-0.04604376264270621
1786167541.5993598,-1.6080901113528348,0.8379900928332656,4.5134975555624814,0.3314454724305576,-0.05877764702627462
1786167541.6193843,-1.6072030574291793,0.8317317334394476,4.512834178445055,0.3233070067670455,-0.033128210802969994
1786167541.6393602,-1.606316535197616,0.8254349678380805,4.511533458747838,0.32607910489127684,-0.06511444565151756
1786167541.6593611,-1.6054357527418124,0.8191295729476935,4.510572002606218,0.3261130013897542,-0.04807056074170045
1786167541.6796296,-1.6045821974438863,0.8129700526012491,4.509254659375192,0.31436011964133137,-0.06499480053718558
1786167541.6995068,-1.603784953054034,0.8071667679215456,4.508134648020908,0.30200532191168417,-0.05634654859979542
1786167541.719791,-1.6029639253898882,0.801152645946813,4.507466109665858,0.30669551478027407,-0.032958615584988867
1786167541.7394185,-1.6022033250109184,0.7955491967504253,4.506507865230662,0.29531040827261407,-0.048821345749981426
1786167541.759773,-1.6014014440724456,0.7896045295834332,4.505707865669254,0.3021023805978126,-0.039303308545057626
1786167541.779374,-1.6006504349708979,0.7840045515822679,4.504876162354629,0.2955262689453039,-0.04243196296580511
1786167541.7994173,-1.599944048493501,0.7787022731883103,4.503880701530937,0.27363689362401766,-0.04966533418960213
1786167541.819322,-1.599197049261749,0.7730578113613298,4.503057751460045,0.2933220562375679,-0.04134419459485036
1786167541.8400784,-1.5984597324495038,0.7674464786520453,4.501937170291032,0.2796383929792647,-0.053987664310236536
1786167541.8597531,-1.597732288346371,0.7618662391486576,4.5009350924849665,0.2933737563455734,-0.050932102351981326
1786167541.8794768,-1.5975935333847593,0.7607933586198357,4.499873217038157,0.05626540039270314,-0.05383766405228658
1786167541.900034,-1.597427022318584,0.7621877222707489,4.498676902996813,-0.06564712147521538,-0.05819450458541834
1786167541.9195027,-1.5972884309043156,0.7633394761950332,4.497960382611644,-0.05725636968980898,-0.03680355038818517
1786167541.9394376,-1.597285659454096,0.7633624000418593,4.497492965589355,-0.0011129528806423233,-0.023447180297898343
1786167541.959563,-1.597285659454096,0.7633624000418593,4.497664476479503,0.0,0.008522115488253563
1786167541.9794855,-1.597285659454096,0.7633624000418593,4.498789280919425,0.0,0.05645901510967985
1786167541.9996605,-1.597285659454096,0.7633624000418593,4.500809499672819,0.0,0.10013485698697935
1786167542.0195618,-1.597285659454096,0.7633624000418593,4.503120312879846,0.0,0.11611382352745478
1786167542.0398145,-1.597285659454096,0.7633624000418593,4.505385633906226,0.0,0.111852765783328
1786167542.0600853,-1.597285659454096,0.7633624000418593,4.506810823937778,0.0,0.07030745277809189
1786167542.0799286,-1.597285659454096,0.7633624000418593,4.506683993511924,0.0,-0.006391586616190171
1786167542.099703,-1.597285659454096,0.7633624000418593,4.5050619881711125,0.0,-0.08202536157444054
1786167542.1198838,-1.5971327028049243,0.762217256341437,4.50386751662399,0.05869585720921335,-0.059188800009191786
1786167542.1398158,-1.5969610341768576,0.7609210713429212,4.50285588263716,0.06726617641547056,-0.050754183293180384
1786167542.159965,-1.5965806808555407,0.7580245581778279,4.501644759762276,0.14869503576205162,-0.06010764765496294
1786167542.179429,-1.5965767505658768,0.7579944508206636,4.501333426954529,0.0015999950531553897,-0.01599530170832337
1786167542.1999166,-1.5965767505658768,0.7579944508206636,4.502752029537085,0.0,0.0692421883420602
1786167542.2194858,-1.5965767505658768,0.7579944508206636,4.504065348242081,0.0,0.06711165946999681
1786167542.2397842,-1.5965767505658768,0.7579944508206636,4.504930278238142,0.0,0.04261057744126781
1786167542.2598584,-1.5965765735575745,0.757993133390067,4.505422102209065,6.788546135693852e-05,0.024500388951332587
1786167542.2798295,-1.5963929258306453,0.7566364199660638,4.506854442848591,0.07027067151770207,0.07172055242325526
1786167542.2994714,-1.5962464058961645,0.7555671815918208,4.508621673104392,0.05631006703283743,0.08997257878741749
1786167542.319559,-1.5961106341587223,0.7545892785587454,4.510323244031994,0.05035785791331791,0.08470702575453957
1786167542.3399723,-1.595966091861654,0.753559213334445,4.511464872208435,0.05219919649424367,0.05592608681432076
1786167542.3595278,-1.59581457324039,0.7524868818258108,4.512182661751511,0.05672483312541412,0.036705122426652984
1786167542.379542,-1.5956342141421596,0.7512165181334193,4.51274489856417,0.06566084522631288,0.02809177462035473
1786167542.3998387,-1.5954254821742926,0.7497521598029789,4.5132483419322815,0.07463568812217086,0.02480435255076841
1786167542.419562,-1.5952095891311808,0.7482405303029978,4.51325338740009,0.07928424172302657,0.00025581106073022824
1786167542.4394264,-1.5946335698217706,0.7442061447521179,4.513104974197685,0.21010048049399177,-0.007471345445720328
1786167542.4593546,-1.5941563104833714,0.7408785976783113,4.514428474284053,0.17273616077254372,0.06641337209125037
1786167542.479819,-1.593983746812377,0.7396884202417178,4.516072705174755,0.060165901714194975,0.08034583267472453
1786167542.499655,-1.5939823772443846,0.7396791117385862,4.5185448789782665,0.0004854911259171285,0.12463098238848948
1786167542.5195854,-1.5939823772443846,0.7396791117385862,4.520413216357573,0.0,0.09374327037078918
1786167542.5395932,-1.5937992531063871,0.7384706516534683,4.522681011571999,0.06249219813043769,0.11334527984176167
1786167542.5596907,-1.5937992531063871,0.7384706516534683,4.526470430368883,0.0,0.18855180517761005
1786167542.5796165,-1.5937992531063871,0.7384706516534683,4.5306307814419835,0.0,0.20879182946221228
1786167542.599482,-1.5937992531063871,0.7384706516534683,4.534503431896276,0.0,0.19494339179380024
1786167542.6196299,-1.5937992531063871,0.7384706516534683,4.538345261511202,0.0,0.19068233404967347
1786167542.640143,-1.5937598359976306,0.7382399685337699,4.541926523493993,0.011642537608824005,0.17458450288793495
1786167542.659416,-1.5935511891346574,0.7370446763406024,4.545404138264745,0.06421769054354866,0.18043932287717454
1786167542.6796315,-1.5932631687003513,0.7354278584775271,4.548768017115264,0.08282840984887518,0.16640087885654045
1786167542.6994991,-1.5929290848143993,0.7335863421709758,4.551648053657539,0.09600688113280623,0.14496104438216953
1786167542.7194655,-1.5924876053066783,0.7311908793277336,4.554238861182591,0.12428809713374529,0.1297586048785644
1786167542.7394962,-1.592481066097927,0.7311559484219782,4.557183140045596,0.001806847959441249,0.14698804513740657
1786167542.7594981,-1.592481066097927,0.7311559484219782,4.559100797066566,0.0,0.09587379924285258
1786167542.7794921,-1.592481066097927,0.7311559484219782,4.560378732202456,0.0,0.06391586616190172
1786167542.7998152,-1.592481066097927,0.7311559484219782,4.561417903869079,0.0,0.05113269292952137
1786167542.8195972,-1.592481066097927,0.7311559484219782,4.5619236590310495,0.0,0.025566346464760685
1786167542.8394473,-1.592481066097927,0.7311559484219782,4.561648767326738,0.0,-0.01384843766841204
1786167542.859917,-1.592481066097927,0.7311559484219782,4.56119084958596,0.0,-0.022370553156665602
1786167542.8822238,-1.5924808850414465,0.7311550093955665,4.560953211973488,4.363057756811273e-05,-0.010653089807199098
1786167542.8994827,-1.592296799095163,0.730198029771702,4.560317986423135,0.05746861020626106,-0.03680571726017239
1786167542.9212291,-1.5919770566867104,0.7285284695507135,4.559304197425817,0.07956700245317753,-0.04661871097358225
1786167542.9396205,-1.5916513786541913,0.7268206169883193,4.55871796915141,0.09623501338188532,-0.031875181117905646
1786167542.9601169,-1.5912360300055344,0.7246351991291036,4.558039825881827,0.11049379099776072,-0.03308602070756199
1786167542.9794188,-1.590674642221793,0.7216752011648278,4.557905701772792,0.15891382992913333,-0.0069487547496417165
1786167542.9995136,-1.5900419504861483,0.7183547691221994,4.559668704176754,0.17123885760240606,0.08773394754577461
1786167543.0195935,-1.5895724049056557,0.715923829687865,4.562830142373205,0.12548030486655273,0.15744330835686515
1786167543.039514,-1.5895674026298052,0.7158983340320574,4.565461238514425,0.0013268138173661848,0.13207924394704257
1786167543.0595644,-1.5895674026298052,0.7158983340320574,4.570309699265927,0.0,0.24181502697919482
1786167543.0794477,-1.5895674026298052,0.7158983340320574,4.574397646307235,0.0,0.2055960361541172
1786167543.0998294,-1.5895674026298052,0.7158983340320574,4.579217685557406,0.0,0.23648870479903636
1786167543.119477,-1.5895674026298052,0.7158983340320574,4.583194364217908,0.0,0.2024002428460221
1786167543.1395793,-1.5895674026298052,0.7158983340320574,4.587584280408871,0.0,0.21837920938649752
1786167543.1594758,-1.5895674026298052,0.7158983340320574,4.59154775318596,0.0,0.19920444953792701
1786167543.1797495,-1.5893180695808753,0.7147978421291223,4.594451650480419,0.056408009785338185,0.14323480064134714
1786167543.1994328,-1.5890078517622523,0.7134452979982748,4.5968066792516336,0.07142544364174654,0.11964566238543531
1786167543.2200155,-1.588583579731878,0.7116178526954893,4.599725363779933,0.09231262867012918,0.1418029675869671
1786167543.2396777,-1.5880959713051799,0.7095459394736708,4.60276138884419,0.10959638842828151,0.15440968207584313
1786167543.2598462,-1.5875314386332722,0.7071756498033235,4.6050136049509325,0.12226655850478495,0.11166974838784602
1786167543.279829,-1.5861509533818654,0.7014317279299014,4.606761975573766,0.29910990694350265,0.08749371103681297
1786167543.2995663,-1.5846637741458962,0.6952932105922884,4.608525955611711,0.3237016439917457,0.08937317028740269
1786167543.319669,-1.5846437250527408,0.695211500873778,4.612529642189801,0.004231868891215795,0.19916124422394046
1786167543.3400137,-1.5846437250527408,0.695211500873778,4.617687702377045,0.0,0.2535329357755435
1786167543.3597589,-1.5846437250527408,0.695211500873778,4.621599982672556,0.0,0.19813918510189532
1786167543.3795166,-1.5846437250527408,0.695211500873778,4.625346388884142,0.0,0.18961706961364175
1786167543.399538,-1.5846437250527408,0.695211500873778,4.629334748539141,0.0,0.19920444953792701
1786167543.4195528,-1.5846437250527408,0.695211500873778,4.633534988511868,0.0,0.20985709389824397
1786167543.4394972,-1.5846437250527408,0.695211500873778,4.636785640485999,0.0,0.1629854587128494
1786167543.459438,-1.5846437250527408,0.695211500873778,4.638846141806213,0.0,0.10333065029507445
1786167543.479521,-1.584346243933377,0.6941358625759039,4.640546156295021,0.05597890960988951,0.08464963756276714
1786167543.499436,-1.583949821223693,0.6927119101754927,4.642228125802554,0.07475039770090411,0.08445798983978349
1786167543.5197504,-1.5834125998574748,0.6907938000814753,4.6436359059498065,0.09873372863423462,0.06929942964307502
1786167543.5397549,-1.5827763142792892,0.6885319089426152,4.644464157948098,0.1182540209149065,0.04140326165830383
1786167543.5595057,-1.5820705985217587,0.6860287042052586,4.64473198522859,0.13256260435378994,0.013560302674733807
1786167543.579566,-1.5804517972712815,0.6802902106851808,4.644692074096344,0.29921338131469755,-0.001989558012629055
1786167543.5994496,-1.5790701110826202,0.6753978124626241,4.645211722237154,0.2573749801574961,0.026134466960717025
1786167543.6198752,-1.578993422344975,0.6751278393713583,4.647689321170816,0.013828937076944076,0.12129895901590132
1786167543.6399348,-1.578992843673745,0.6751258261068197,4.651450201962366,0.00010505894389555015,0.18748546814108558
1786167543.6595597,-1.5785556602860313,0.6736234714996946,4.654277321024311,0.08017651124828833,0.14405740028905614
1786167543.6802933,-1.5785556602860313,0.6736234714996946,4.659048061459084,0.0,0.23009711818284617
1786167543.6997147,-1.5785556602860313,0.6736234714996946,4.664696120723424,0.0,0.2908171910366528
1786167543.7196856,-1.5785556602860313,0.6736234714996946,4.670503999978242,0.0,0.2908171910366528
1786167543.739415,-1.5785556602860313,0.6736234714996946,4.6746443494562895,0.0,0.20985709389824397
1786167543.7594705,-1.578248655678141,0.6726547626835568,4.678714557330527,0.050797779994239574,0.20294688676452646
1786167543.7796614,-1.577815721485413,0.6713076137309861,4.682743718247899,0.07022277262801067,0.1995527737713224
1786167543.7995653,-1.5772447863052932,0.6695539530143197,4.686329355999397,0.09279992447626811,0.18014751223198583
1786167543.8195214,-1.5765098122288403,0.6673206926195291,4.689132710996637,0.11794481337225328,0.14047601106720498
1786167543.8394232,-1.5756556463437144,0.6647484685501633,4.691670294526027,0.13629105853441126,0.1275055316344009
1786167543.8594818,-1.5745346330505132,0.6614019973925165,4.69434795095266,0.1760226216418129,0.133491478401305
1786167543.8803627,-1.5720673007545014,0.6540996559047153,4.696805033273951,0.36917271980801547,0.1176710725901361
1786167543.8997774,-1.570183006914665,0.6485720148190276,4.699640869779362,0.30072788720015103,0.14606673623056693
1786167543.9198017,-1.570183006914665,0.6485720148190276,4.704205741067431,0.0,0.22796658931078279
1786167543.9393837,-1.570183006914665,0.6485720148190276,4.708753230552114,0.0,0.23222764705490956
1786167543.9596121,-1.570183006914665,0.6485720148190276,4.712287197692538,0.0,0.17470336750919802
1786167543.9794314,-1.570183006914665,0.6485720148190276,4.715517448816891,0.0,0.1629854587128494
1786167543.999552,-1.570183006914665,0.6485720148190276,4.719439830866515,0.0,0.19494339179380024
1786167544.0194542,-1.570183006914665,0.6485720148190276,4.722492794606138,0.0,0.15339807878856412
1786167544.0394435,-1.570183006914665,0.6485720148190276,4.7241963017545245,0.0,0.08522115488253562
1786167544.060154,-1.5697624429068613,0.6474366580098863,4.725154718829188,0.05824924528552907,0.04627693884750377
1786167544.0796885,-1.5692154826555345,0.6459642493262289,4.726033551028898,0.08010673129887523,0.04498852015730243
1786167544.099514,-1.5684760031357539,0.6439796969578434,4.727152457583427,0.10641198804345849,0.0564378651331827
1786167544.119647,-1.56754789054769,0.641496241512649,4.727940483440849,0.13115998158449219,0.039140969232746424
1786167544.1399903,-1.5664741661976285,0.6386259306047931,4.7277359537286205,0.1500358699207902,-0.010053908423196947
1786167544.1596766,-1.5650374159176956,0.6347847722065671,4.7277991074346755,0.20748364513587664,0.0032080155252017218
1786167544.181502,-1.5633046383317328,0.6301629441227173,4.729190420256441,0.22522374331702077,0.06374697064314008
1786167544.199559,-1.561961539226703,0.6266041690847138,4.7321332341626805,0.20972907042236047,0.1629747562347375
1786167544.2194505,-1.5604831815131162,0.6227282563022098,4.73622308065874,0.20753422846514696,0.20560774194014342
1786167544.2400913,-1.55897880831546,0.6188346981811785,4.740798167825068,0.20113209999921308,0.22165207108462745
1786167544.2599416,-1.55897880831546,0.6188346981811785,4.74705731565481,0.0,0.3153182730653818
1786167544.2795777,-1.55897880831546,0.6188346981811785,4.753750978599723,0.0,0.3408846195301425
1786167544.3004622,-1.55897880831546,0.6188346981811785,4.7604697326215275,0.0,0.32170985968157195
1786167544.3193426,-1.55897880831546,0.6188346981811785,4.765276640150108,0.0,0.2545982002115752
1786167544.3412504,-1.55897880831546,0.6188346981811785,4.770294225660622,0.0,0.22903185374681448
1786167544.3599916,-1.55897880831546,0.6188346981811785,4.77420722065257,0.0,0.20879182946221228
1786167544.3801415,-1.5589784401340405,0.6188338393769693,4.776546898506982,4.5907902095777085e-05,0.11611335483020174
1786167544.3996215,-1.5584915625395972,0.6177029368142292,4.777302255903652,0.06256099358102023,0.03877606695160116
1786167544.4198549,-1.5577626337307127,0.6160110690031038,4.777068101286968,0.09011572144427271,-0.011572681852075016
1786167544.4394407,-1.5568253098209675,0.613833832325201,4.776689457543572,0.11979240510066406,-0.019332517346493334
1786167544.4594193,-1.5556717286523436,0.6111495852851361,4.7757235051087505,0.14475776827503525,-0.04834954128104315
1786167544.4795153,-1.554362952973515,0.608094243283333,4.774212782817419,0.1637482074413577,-0.07517503528833401
1786167544.499432,-1.5526651044424105,0.6041143949907899,4.772641442614679,0.2151212051742469,-0.07889532180605723
1786167544.5194452,-1.5526247269947873,0.6040195895562493,4.772938870108969,0.005098899258649953,0.014861644833975602
1786167544.5393732,-1.5526247269947873,0.6040195895562493,4.774743298286519,0.0,0.0905474770626941
1786167544.559573,-1.5526247269947873,0.6040195895562493,4.7762926016783664,0.0,0.07669903939428206
1786167544.5793679,-1.5526247269947873,0.6040195895562493,4.778169331026279,0.0,0.09480853480682087
1786167544.5993614,-1.5526247269947873,0.6040195895562493,4.780320470534636,0.0,0.10759170803920122
1786167544.6201637,-1.5526247269947873,0.6040195895562493,4.782758060324004,0.0,0.11717908796348649
1786167544.6398225,-1.5524946557779904,0.6037230195492157,4.784597671231113,0.01629075867385169,0.09357694968324527
1786167544.6598976,-1.5518994652047553,0.6023724699278682,4.786357750813559,0.07268835394196409,0.08767483560728816
1786167544.6798227,-1.5511141517937066,0.6005990022200146,4.788163571398224,0.09622211954282574,0.09063036066553709
1786167544.6998062,-1.550016625026121,0.5981334551042605,4.7902864040933535,0.1334631777223137,0.10622911419535531
1786167544.7198884,-1.5485740551624136,0.5949161896854707,4.7936095259640235,0.1734481032082567,0.16547569605773427
1786167544.7395232,-1.546915832318804,0.5912550667698881,4.797919572271098,0.20212237980038425,0.219511431939575
1786167544.759468,-1.5448226283052326,0.5866950189410784,4.803839316747126,0.24824674061712743,0.29680482857906054
1786167544.779887,-1.5421525018507074,0.5809729354486463,4.810605725618572,0.3049167397805821,0.3313799819616137
1786167544.7994728,-1.5395607588787872,0.5755215206852506,4.8184316498387565,0.30359922604188827,0.39957035703926996
1786167544.819467,-1.5361449619601495,0.568488767738769,4.827554342555878,0.3848006590833588,0.45626560962292323
1786167544.8395166,-1.5321125584668995,0.5603822913919955,4.837629940952863,0.44385405700164227,0.5025343384648988
1786167544.8595164,-1.5273895642511781,0.5511481301328345,4.850330321672326,0.5090071521560812,0.6350272116965426
1786167544.8794613,-1.5219425630966144,0.5408474462300569,4.86544757153047,0.572426079937903,0.7579504100055837
1786167544.8994596,-1.5157103072097406,0.5294940209544203,4.882211933976221,0.6333137266054165,0.8382888740169286
1786167544.919486,-1.5086602509323241,0.517135012426543,4.898966270765333,0.693355264926126,0.836610614806705
1786167544.9398046,-1.5006858350258354,0.5036863088500009,4.916689243702496,0.749383043763657,0.8722575893810739
1786167544.9596732,-1.492015293487881,0.48962342977344586,4.934452365729148,0.8080359871020517,0.8940293246399473
1786167544.9794943,-1.4825006322381071,0.47476589643381273,4.951824079001071,0.8631579230221201,0.8764223256263879
1786167545.001256,-1.471211559404816,0.45782117974031333,4.971744849942022,0.9052912886889182,0.9154069486794945
1786167545.0196607,-1.460903081484144,0.44293115423713836,4.988643074032188,0.9500175088470171,0.9181461091298532
1786167545.0397139,-1.4487290939076471,0.42597114751529497,5.006937124496125,1.003062574078006,0.9122782227477653
1786167545.0596216,-1.435710053238827,0.40850358653627195,5.0257459483932285,1.0520933873928966,0.9448008396138013
1786167545.0795848,-1.4218442924038532,0.39063721126739126,5.04736482258441,1.0866103121991948,1.0829328153581852
1786167545.1000729,-1.4067493476635042,0.37205625462244707,5.0720989919705834,1.1178186981634959,1.207250131999415
1786167545.1195254,-1.3915486001659279,0.35420939181445277,5.0959083230743145,1.149756969261223,1.2239682888308019
1786167545.139623,-1.3749196560942898,0.33555209959360155,5.119129945427905,1.1833256662915648,1.1554486449273922
1786167545.1602163,-1.3570256033098387,0.3163928068159272,5.144740154826195,1.2081450471731696,1.2436121993642213
1786167545.1796374,-1.3392987610541978,0.2983137637230374,5.170232127679451,1.2338879685085864,1.3125915650556232
1786167545.1999195,-1.3196332062935845,0.2792154113679284,5.196326951590654,1.2757111917913655,1.2865982239130238
1786167545.2195442,-1.2998523678393896,0.26090005242743963,5.2205482025166345,1.2931620504493053,1.2342221018058321
1786167545.2396243,-1.279107684580619,0.24253457302535186,5.2435341456555,1.2957783845167552,1.1447131776864976
1786167545.2598271,-1.2576963851297043,0.22440599865377953,5.267348239515704,1.3010555554249845,1.1787477623025924
1786167545.2795978,-1.236132771078109,0.20696345904639035,5.291198344807815,1.3112409637510434,1.2063406495962798
1786167545.2995985,-1.2138746304546006,0.18979804515433585,5.316796273724956,1.3104574134351854,1.2798518953484044
1786167545.3195746,-1.1908621583886836,0.17291760490491104,5.342571796681228,1.3289681276343563,1.2903155543597777
1786167545.3415818,-1.1648453316138436,0.15482723876504634,5.370943035450599,1.3360222808455733,1.2891782704656212
1786167545.360315,-1.1421803857129422,0.13987789602754908,5.395152353102892,1.3415938234617457,1.292317181045468
1786167545.3799748,-1.1179372991611882,0.12468769016959869,5.421144909103312,1.344015530058761,1.322119860813075
1786167545.399508,-1.0933002767800026,0.110075346273948,5.447738520551889,1.3513316345250317,1.3614599510937802
1786167545.4198432,-1.0671440159212762,0.09542600906375809,5.474686699809828,1.3554611380588029,1.325198800055007
1786167545.4400804,-1.0408679083689178,0.08155871304953433,5.501700823038778,1.3468534431156556,1.334874060339549
1786167545.459658,-1.015344817039153,0.06885867140192259,5.526460622277502,1.333132851953735,1.2647066880943065
1786167545.4796336,-0.9890680493986759,0.056507218144727145,5.5501290285025,1.3282059850202013,1.184862156296401
1786167545.4997847,-0.9624271667304956,0.04469348227089731,5.574307740732859,1.319150707487153,1.1998683083606871
1786167545.5202353,-0.9352621069313996,0.03338816141578149,5.600263720737246,1.309959767994854,1.2692043317049186
1786167545.5394874,-0.9094657692499681,0.023341478987860875,5.624453019471109,1.3069026510987287,1.2564523701425558
1786167545.5601473,-0.8819213888521831,0.013323793725635191,5.649579072843501,1.2871889528316522,1.2161735888019354
1786167545.579725,-0.8558649469066584,0.004484312638646681,5.672057058531362,1.2731624865344797,1.1481398682644584
1786167545.5998938,-0.8291475234320962,-0.003964590893977715,5.695088105886544,1.2567673167784361,1.1419156683219536
1786167545.6202073,-0.8020763364695322,-0.011897144697638917,5.718631136067125,1.254372360117107,1.1589843506359658
1786167545.6400049,-0.7755127457716577,-0.01908868876719838,5.7404374580335755,1.2538963732534112,1.1014649306835989
1786167545.6595,-0.7495215903237447,-0.025588230925287725,5.761145273974573,1.2381337105771728,1.062211075635825
1786167545.6798818,-0.722654504603442,-0.03175927976799309,5.782821275423083,1.2170841977038478,1.0634912453149854
1786167545.699642,-0.6969674044264886,-0.03713449032431648,5.80407225782298,1.1937485513990087,1.075447399659955
1786167545.719574,-0.6709294405868822,-0.04208648916901936,5.823236142534538,1.1939856167151037,0.9614616846834997
1786167545.7397387,-0.6449716383413202,-0.04654629614342343,5.843294258402505,1.1716486597975602,0.994712931618348
1786167545.759944,-0.6193173484594605,-0.05047235978121445,5.863612171806631,1.1510887066294684,1.0055754830563675
1786167545.7799263,-0.5941414679732548,-0.05385138366935227,5.884049145616984,1.1381428230832418,1.0227518851794357
1786167545.7998013,-0.5694548877696057,-0.056706301732564746,5.904062793571836,1.118497755613364,1.006973485180633
1786167545.819516,-0.5453607878320308,-0.059051416405317525,5.924150107022707,1.0975001489580969,1.0189057692829817
1786167545.8395445,-0.5212433692141176,-0.060956803828298156,5.9443691677165695,1.0787438540337408,1.0095098819668706
1786167545.8596978,-0.4973990242308526,-0.06241799399373915,5.963258545092752,1.0578395332386883,0.9372853232196556
1786167545.880098,-0.4738151785127629,-0.06346297890278263,5.981906718457745,1.0319972864560205,0.9141133423419096
1786167545.8997867,-0.45148135700676706,-0.0640783013398668,6.0004118466787135,1.011377447743107,0.9398902072865297
1786167545.9198046,-0.42902993324137784,-0.06431276671338515,6.019911337579091,0.9990470422050947,0.9741045566563202
1786167545.9400609,-0.4070525297863221,-0.0641662014230786,6.038463130425843,0.9658586510611072,0.9158538499346491
1786167545.9596326,-0.38632578348173574,-0.06369474130793384,6.055662969911478,0.942499200737092,0.8788080832495675
1786167545.9801621,-0.36464855539883256,-0.06286684734984394,6.072786531387588,0.9397495910975956,0.8340950491073902
1786167545.9997668,-0.3442965493274701,-0.06179326659260076,6.087972307071159,0.9241600007456741,0.7745994027911336
1786167546.0199084,-0.32420464370415036,-0.06044232406262395,6.104911599501797,0.8884672291059948,0.8410102035865682
1786167546.0397475,-0.30479511414371396,-0.05884796332257025,6.120986888268489,0.8720374963724187,0.8102852744864497
1786167546.0598664,-0.285748354166695,-0.05701186973254091,6.136415895020421,0.8446353453225024,0.7668891951846109
1786167546.079648,-0.267474811099758,-0.05499612205239257,6.151653343742447,0.8251087746123383,0.7702843452403509
1786167546.0996194,-0.24948923313980842,-0.052757006865376876,6.167615395090039,0.8055019493720678,0.7992466611203974
1786167546.1195934,-0.23185172684338928,-0.050308506743473425,6.18307181986236,0.7910880516280346,0.773827473509989
1786167546.1399412,-0.21421740356544383,-0.047621058574569664,6.197259641612658,0.7777621029281547,0.6972644855418139
1786167546.159594,-0.19788039178180838,-0.044920208474762635,6.211178319443461,0.7473937655487471,0.708227175790946
1786167546.1800604,-0.1818418437094027,-0.04204895675487519,6.226968082329857,0.7060806047765587,0.7714995647056024
1786167546.199487,-0.16645424735763958,-0.03907684417501056,6.241684807907823,0.7153974681911466,0.75755600641329
1786167546.21957,-0.15120623494330676,-0.03593083015263365,6.255257196339166,0.687403182125854,0.6758164528235417
1786167546.2399218,-0.1361540247330879,-0.0326497626722444,6.266564858609546,0.671144329253079,0.5556075664968619
1786167546.2596047,-0.12188586188332096,-0.02940388924876769,6.275427457242372,0.659104623186896,0.45026930684690836
1786167546.2796514,-0.10848348269857144,-0.02625657853313834,6.282029688892984,0.608835194873774,0.3293423874442735
1786167546.29952,-0.09620937408684194,-0.02331257107871565,6.285915690249629,0.5632040000319266,0.1955849407114306
1786167546.3195221,-0.08422308732239703,-0.02040204907990184,6.288126572928073,0.5466905098697111,0.11053238049612418
1786167546.3395078,-0.0735442212619084,-0.017794361583501672,6.288623199445874,0.4876120818730802,0.024849123065847824
1786167546.3615663,-0.06192121226915415,-0.014955433743412794,6.2880449447193785,0.48085802779577475,-0.026214614271098894
1786167546.3797576,-0.05349049862177546,-0.012901156102533395,6.287191262286343,0.4228788464114236,-0.04692796387433882
1786167546.3996124,-0.044208718586804086,-0.010647028021638971,6.286153033977464,0.42648377000648796,-0.052291090563291405
1786167546.4201474,-0.0359615051312252,-0.00864978124304705,6.285573100851698,0.3663380724521955,-0.028241214781512078
1786167546.4399881,-0.028628615730038387,-0.0068772893957551595,6.285039835618562,0.337087492160975,-0.02687731621047826
1786167546.4594653,-0.02157438739751205,-0.005175616183849874,6.284393203685377,0.3302946086686266,-0.03319955080473551
1786167546.479388,-0.015400560885181935,-0.0036904601312476304,6.283486810583126,0.2825641274875051,-0.0454954191420045
1786167546.4996953,-0.00999468846517182,-0.002392959949619855,6.283133634783197,0.24270155617500025,-0.017391566426121618
1786167546.5194383,-0.005192033230133841,-0.0012419655130322393,6.28262624192925,0.22176509627609706,-0.025699930886885575
1786167546.539445,-6.584834928524685e-05,-1.572394765392282e-05,6.2820883504113585,0.23356117151508268,-0.026885627488376626
1786167546.5596194,0.0,0.0,6.281679405214634,0.002974967443345772,-0.020270397248839424
1786167546.5794034,0.0,0.0,6.281574029396737,0.0,-0.005326322180158476
1786167546.6001747,0.0,0.0,6.281485521837025,0.0,-0.004261057744126781
1786167546.6193662,0.0,0.0,6.281240193522878,0.0,-0.012783173232380343
1786167546.6394377,0.0,0.0,6.281325719371088,0.0,0.004261057744126781
1786167546.6599052,0.0,0.0,6.281609162542713,0.0,0.01384843766841204
1786167546.6794024,0.0,0.0,6.281754549932014,0.0,0.007456851052221867
1786167546.6994781,0.0,0.0,6.281882866134042,0.0,0.006391586616190171
1786167546.7195027,0.0,0.0,6.281989523275152,0.0,0.005326322180158476
1786167546.7394469,0.0,0.0,6.282116998299285,0.0,0.006391586616190171
1786167546.7595913,0.0,0.0,6.282310130915462,0.0,0.009587379924285258
1786167546.7794986,0.0,0.0,6.2823737503273716,0.0,0.0031957933080950856
1786167546.7994606,0.0,0.0,6.2823737503273716,0.0,0.0
1786167546.8194318,0.0,0.0,6.2824801230121885,0.0,0.005326322180158476
1786167546.8394969,0.0,0.0,6.2824801230121885,0.0,0.0
1786167546.8594165,0.0,0.0,6.282416463979581,0.0,-0.0031957933080950856
1786167546.8794448,0.0,0.0,6.282416463979581,0.0,0.0
1786167546.8994195,0.0,0.0,6.282352628939643,0.0,-0.0031957933080950856
1786167546.919367,0.0,0.0,6.282331379546584,0.0,-0.0010652644360316954
1786167546.9394877,0.0,0.0,6.282395680891659,0.0,0.0031957933080950856
1786167546.9595096,0.0,0.0,6.282374352257204,0.0,-0.0010652644360316954
1786167546.9796197,0.0,0.0,6.2824171974704495,0.0,0.0021305288720633907
1786167546.9997096,0.0,0.0,6.282459999507294,0.0,0.0021305288720633907
1786167547.0193977,0.0,0.0,6.28250194563547,0.0,0.0021305288720633907
1786167547.0394242,0.0,0.0,6.2825659460156285,0.0,0.0031957933080950856
1786167547.0598607,0.0,0.0,6.2826094866229205,0.0,0.0021305288720633907
1786167547.0794282,0.0,0.0,6.282588642072122,0.0,-0.0010652644360316954
1786167547.0995095,0.0,0.0,6.282545858321754,0.0,-0.0021305288720633907
1786167547.1193914,0.0,0.0,6.282524678772875,0.0,-0.0010652644360316954
1786167547.1394522,0.0,0.0,6.28254604880588,0.0,0.0010652644360316954
1786167547.1596615,0.0,0.0,6.28254604880588,0.0,0.0
1786167547.1794589,0.0,0.0,6.2825249594194865,0.0,-0.0010652644360316954
1786167547.1994226,0.0,0.0,6.2825249594194865,0.0,0.0
1786167547.219367,0.0,0.0,6.282503713328152,0.0,-0.0010652644360316954
1786167547.2394254,0.0,0.0,6.282525080821369,0.0,0.0010652644360316954
1786167547.259408,0.0,0.0,6.282567654277264,0.0,0.0021305288720633907
1786167547.2795174,0.0,0.0,6.282567654277264,0.0,0.0
1786167547.2994046,0.0,0.0,6.282525284004436,0.0,-0.0021305288720633907
1786167547.31937,0.0,0.0,6.282504015562964,0.0,-0.0010652644360316954
1786167547.3394198,0.0,0.0,6.282504015562964,0.0,0.0
1786167547.3595178,0.0,0.0,6.28248260590926,0.0,-0.0010652644360316954
1786167547.3794737,0.0,0.0,6.2824400893446235,0.0,-0.0021305288720633907
1786167547.3996608,0.0,0.0,6.2824400893446235,0.0,0.0
1786167547.4196115,0.0,0.0,6.282418836649839,0.0,-0.0010652644360316954
1786167547.4393773,0.0,0.0,6.282439892511027,0.0,0.0010652644360316954
1786167547.459403,0.0,0.0,6.282461225209143,0.0,0.0010652644360316954
1786167547.4794235,0.0,0.0,6.2825038794303065,0.0,0.0021305288720633907
1786167547.4999042,0.0,0.0,6.282482062140577,0.0,-0.0010652644360316954
1786167547.5197976,0.0,0.0,6.28250325388044,0.0,0.0010652644360316954
1786167547.5394073,0.0,0.0,6.282482364375388,0.0,-0.0010652644360316954
1786167547.5600665,0.0,0.0,6.28252637941514,0.0,0.0021305288720633907
1786167547.5793629,0.0,0.0,6.282546935192006,0.0,0.0010652644360316954
1786167547.5994444,0.0,0.0,6.282525543062842,0.0,-0.0010652644360316954
1786167547.6193953,0.0,0.0,6.282525543062842,0.0,0.0
1786167547.639459,0.0,0.0,6.282589662305094,0.0,0.0031957933080950856
1786167547.6595933,0.0,0.0,6.282611110817559,0.0,0.0010652644360316954
1786167547.6795352,0.0,0.0,6.282611110817559,0.0,0.0
1786167547.699402,0.0,0.0,6.282632274365772,0.0,0.0010652644360316954
1786167547.7194862,0.0,0.0,6.282568089596982,0.0,-0.0031957933080950856
1786167547.7394917,0.0,0.0,6.2826107118168135,0.0,0.0021305288720633907
1786167547.7594788,0.0,0.0,6.282653294923904,0.0,0.0021305288720633907
1786167547.7795246,0.0,0.0,6.282610586859228,0.0,-0.0021305288720633907
1786167547.7994378,0.0,0.0,6.282610586859228,0.0,0.0
1786167547.8194778,0.0,0.0,6.2825678909855345,0.0,-0.0021305288720633907
1786167547.8395116,0.0,0.0,6.2826105736523274,0.0,0.0021305288720633907
1786167547.8594754,0.0,0.0,6.282631840315947,0.0,0.0010652644360316954
1786167547.8794882,0.0,0.0,6.282631840315947,0.0,0.0
1786167547.8994408,0.0,0.0,6.282631840315947,0.0,0.0
1786167547.9193525,0.0,0.0,6.282610629019713,0.0,-0.0010652644360316954
1786167547.9395137,0.0,0.0,6.282632105977806,0.0,0.0010652644360316954
1786167547.9594126,0.0,0.0,6.282653303559183,0.0,0.0010652644360316954
1786167547.9794865,0.0,0.0,6.282674687561023,0.0,0.0010652644360316954
1786167547.9994729,0.0,0.0,6.282695978352631,0.0,0.0010652644360316954
1786167548.0194888,0.0,0.0,6.282738622922599,0.0,0.0021305288720633907
1786167548.0394683,0.0,0.0,6.282759906348822,0.0,0.0010652644360316954
1786167548.0599291,0.0,0.0,6.282781702558308,0.0,0.0010652644360316954
1786167548.079882,0.0,0.0,6.282824212519495,0.0,0.0021305288720633907
1786167548.09983,0.0,0.0,6.282824212519495,0.0,0.0
1786167548.1198463,0.0,0.0,6.282845535312436,0.0,0.0010652644360316954
1786167548.1399283,0.0,0.0,6.282845535312436,0.0,0.0
1786167548.159494,0.0,0.0,6.282866377831404,0.0,0.0010652644360316954
1786167548.1795192,0.0,0.0,6.282887710021562,0.0,0.0010652644360316954
1786167548.1994774,0.0,0.0,6.282887710021562,0.0,0.0
1786167548.2194734,0.0,0.0,6.282909010972324,0.0,0.0010652644360316954
1786167548.2394722,0.0,0.0,6.28295161896934,0.0,0.0021305288720633907
1786167548.2594242,0.0,0.0,6.2829728731879975,0.0,0.0010652644360316954
1786167548.2798338,0.0,0.0,6.28295113158396,0.0,-0.0010652644360316954
1786167548.299481,0.0,0.0,6.28297206096369,0.0,0.0010652644360316954
1786167548.3194807,0.0,0.0,6.282950755949267,0.0,-0.0010652644360316954
1786167548.339409,0.0,0.0,6.2829719850240195,0.0,0.0010652644360316954
1786167548.359392,0.0,0.0,6.2830145589878725,0.0,0.0021305288720633907
1786167548.379423,0.0,0.0,6.2830145589878725,0.0,0.0
1786167548.399507,0.0,0.0,6.283057348833733,0.0,0.0021305288720633907
1786167548.4195366,0.0,0.0,6.283078685595511,0.0,0.0010652644360316954
1786167548.4395392,0.0,0.0,6.283099993657681,0.0,0.0010652644360316954
1786167548.4594069,0.0,0.0,6.28312115796783,0.0,0.0010652644360316954
1786167548.4796388,0.0,0.0,6.28312115796783,0.0,0.0
1786167548.4994848,0.0,0.0,6.283100016769755,0.0,-0.0010652644360316954
1786167548.519477,0.0,0.0,6.283121313656855,0.0,0.0010652644360316954
1786167548.5394716,0.0,0.0,6.2831426133377235,0.0,0.0010652644360316954
1786167548.5595107,0.0,0.0,6.283185307179586,0.0,0.0021305288720633907
